text,plutchik_emotion,source_dataset
also I was the point person on my companys transition from the KL-5 to GR-6 system.,Neutral,MELD
You mustve had your hands full.,Neutral,MELD
That I did. That I did.,Neutral,MELD
So lets talk a little bit about your duties.,Neutral,MELD
My duties?  All right.,Surprise,MELD
"Now youll be heading a whole division, so youll have a lot of duties.",Neutral,MELD
I see.,Neutral,MELD
But therell be perhaps 30 people under you so you can dump a certain amount on them.,Neutral,MELD
Good to know.,Neutral,MELD
We can go into detail,Neutral,MELD
No dont I beg of you!,Fear,MELD
"All right then, well have a definite answer for you on Monday, but I think I can say with some confidence, youll fit in well here.",Neutral,MELD
Really?!,Surprise,MELD
Absolutely.  You can relax,Neutral,MELD
But then who? The waitress I went out with last month?,Surprise,MELD
You know? Forget it!,Sadness,MELD
"No-no-no-no, no! Who, who were you talking about?",Surprise,MELD
"No, I-I-I-I don't, I actually don't know",Fear,MELD
Ok!,Neutral,MELD
"All right, well...",Neutral,MELD
"Yeah, sure!",Neutral,MELD
"Hey, Mon.",Neutral,MELD
Hey-hey-hey. You wanna hear something that sucks.,Neutral,MELD
Do I ever.,Joy,MELD
Chris says theyre closing down the bar.,Sadness,MELD
No way!,Surprise,MELD
"Yeah, apparently theyre turning it into some kinda coffee place.",Neutral,MELD
Just coffee! Where are we gonna hang out now?,Disgust,MELD
Got me.,Sadness,MELD
Can I get a beer.,Neutral,MELD
"Hey, did you pick a roommate?",Neutral,MELD
You betcha!,Joy,MELD
Is it the Italian guy?,Neutral,MELD
"Um-mm, yeah right!",Joy,MELD
"Oh my God, oh my God! Poor Monica!",Surprise,MELD
"What, what, what?!",Surprise,MELD
What?!,Surprise,MELD
He was with her when he wrote this poem.,Neutral,MELD
"Look,  'My vessel so empty with nothing inside.",Neutral,MELD
"Now that I've touched you, you seem emptier still.'",Neutral,MELD
"He thinks Monica is empty, she is the empty vase!",Surprise,MELD
"Oh, totally. Oh, God, oh, she seemed so happy too.",Sadness,MELD
Done.,Neutral,MELD
Hey!,Surprise,MELD
Hi!,Joy,MELD
What are you doing here?,Surprise,MELD
"Ah y'know, this building is on my paper route so I...",Neutral,MELD
Oh.,Neutral,MELD
Hi.,Neutral,MELD
Hi.,Neutral,MELD
Howd did it go?,Neutral,MELD
"Oh well, the woman I interviewed with was pretty tough, but y'know thank God Mark coached me, because once I started talking about the fall line, she got all happy and wouldnt shut up.",Joy,MELD
Im so proud of you.,Joy,MELD
Me too!,Joy,MELD
"Listen, Im ah, Im sorry Ive been so crazy and jealous and, its just that I like you a lot, so...",Sadness,MELD
I know.,Neutral,MELD
Yeah.,Neutral,MELD
Yeah.,Neutral,MELD
Ameri-can.,Neutral,MELD
Ameri-ccan.,Neutral,MELD
Ameri-can. Y'know its a,Neutral,MELD
Everybody!!,Surprise,MELD
Good job Joe! Well done! Top notch!,Joy,MELD
You liked it? You really liked it?,Surprise,MELD
"Oh-ho-ho, yeah!",Joy,MELD
Which part exactly?,Neutral,MELD
The whole thing! Can we go?,Neutral,MELD
"Oh no-no-no, give me some specifics.",Anger,MELD
"I love the specifics, the specifics were the best part!",Joy,MELD
"Hey, what about the scene with the kangaroo? Did-did you like that part?",Neutral,MELD
I was surprised to see a kangaroo in a World War I epic.,Surprise,MELD
You fell asleep!!,Anger,MELD
There was no kangaroo!,Anger,MELD
They didnt take any of my suggestions!,Anger,MELD
Thats for coming buddy.,Neutral,MELD
Ill see you later.,Neutral,MELD
Dont go!,Sadness,MELD
Im sorry.,Sadness,MELD
Im so sorry!,Sadness,MELD
Look!,Surprise,MELD
This guy fell asleep!,Anger,MELD
He fell asleep too!,Anger,MELD
Be mad at him!,Anger,MELD
"Or, call an ambulance.",Anger,MELD
"Okay, look, I think we have to tell Rachel she messed up her dessert.",Neutral,MELD
"What?! What is with everybody? Its Thanksgiving, not...Truth-Day!",Anger,MELD
"Yes, and it is my dying wish to have that ring.",Neutral,MELD
"See, if Im not buried with that ring then my spirit is going to wander the nether world for all eternity",Neutral,MELD
"Okay, thats enough honey!",Neutral,MELD
I dont know.  Let me see the ring.,Neutral,MELD
"Great! Okay, here.",Joy,MELD
All right.,Neutral,MELD
Thank you. Thank you. Thank you!  And,Joy,MELD
What've you been up to?,Neutral,MELD
"Oh, you know, the usual, teaching aerobics, partying way too much.",Neutral,MELD
"Oh, and in case you were wondering, those are my legs on the new James Bond poster.",Neutral,MELD
Can you hold on a moment? I have another call.  I love her.,Joy,MELD
I know.,Neutral,MELD
I'm back.,Neutral,MELD
"So, are we gonna get together or what?",Neutral,MELD
"Um, absolutely. Uh, how 'bout tomorrow afternoon? Do you know uh, Central Perk in the Village, say, five-ish?",Neutral,MELD
"Great, I'll see you then.",Neutral,MELD
Ok.  Ok. Having a phone has finally paid off.,Joy,MELD
"Even though you do do a good Bob impression, I'm thinkin' when she sees you tomorow, she's probably gonna realize, ""Hey, you're not Bob.""",Neutral,MELD
"I'm hoping that when Bob doesn't show up, she will seek comfort in the open arms of the wry stranger at the next table.",Neutral,MELD
Oh my god. You are pure evil.,Disgust,MELD
"Ok, pure evil , horny and alone . I've done this",Anger,MELD
Nobody!,Anger,MELD
Nobody respects the bucket!,Anger,MELD
You wouldn't believe what people put in here!,Anger,MELD
Look!,Anger,MELD
"Okay, does this look like a garbage can to you?",Anger,MELD
No.,Neutral,MELD
This is my wedding.,Neutral,MELD
"All right, yknow what? We really are late! Lets go! Lets go! Lets go!!",Anger,MELD
Fine. Youll-youll watch it on video when we get back.,Neutral,MELD
Here you go Phoebe! Here you go Phobo! Phewbedo! Phaybobo.,Joy,MELD
Thank you.,Neutral,MELD
Thank you.,Neutral,MELD
"All right, lets go! Bye, Pheebs!",Joy,MELD
"Bye, Pheebs!",Joy,MELD
London baby!!,Joy,MELD
"Oh, do you need a hug? You dont have to bring me anything!",Joy,MELD
Hey!,Neutral,MELD
Hey! So Estelle lined up a bunch of auditions for me tomorrow and Ill have my health insurance back in no time.,Joy,MELD
"Thats great, but shouldnt you be on the toilet right now?",Disgust,MELD
What?!,Surprise,MELD
Whats wrong with you?,Disgust,MELD
Nothing!,Neutral,MELD
"Well, I-I got this blinding pain in my stomach when I was lifting weights before, then I uh passed out and uh, havent been able to stand up since.",Fear,MELD
"But um, I dont think its anything serious.",Neutral,MELD
This sounds like a hernia. You have toyou-you go to the doctor!,Surprise,MELD
"No way! Kay look, if I have to go to the doctor for anything its gonna be for this thing sticking out of my stomach!",Fear,MELD
Thats a hernia.,Disgust,MELD
Why did I have to start working out again?  Damn you 15s!,Anger,MELD
I love your place! Where is this guy from?,Joy,MELD
Uh thats an eighteenth century Indian artifact from Calcutta.,Neutral,MELD
"Oh wow! So, youre more than just dinosaurs.",Surprise,MELD
So much more.,Neutral,MELD
"Well, well to sum up, were having fun, you look young.",Neutral,MELD
Okay,Neutral,MELD
But thats not enough. So Soheres a key to my apartment.,Neutral,MELD
Really?!,Surprise,MELD
Really.,Neutral,MELD
You dont think this is too fast.,Neutral,MELD
Get Out!,Anger,MELD
"Ross, can I talk to you for a minute?",Neutral,MELD
"Yes, please!  So, what's going on?",Neutral,MELD
"Uh, well... Joey and I broke up.",Sadness,MELD
"Oh my God, wh-what happened?",Surprise,MELD
"Joey is a great guy, but we're just... so different! I mean, during your speech he kept laughing at homo erectus!",Sadness,MELD
I knew that was him!,Anger,MELD
"Anyway I just, uh, I think it's for the best.",Sadness,MELD
"Hey, you ok?",Neutral,MELD
I guess.,Sadness,MELD
There was hum...  there was another reason that I thought it was time to end it with Joey.,Neutral,MELD
I started to realize that I was having feelings for someone  else.,Neutral,MELD
"Ok Geller. Last day of the conference, you know what happens to the keynote speaker.",Neutral,MELD
"Oh, professor Clerk we're kind of in the middle of a conversation, here.",Neutral,MELD
"Yeah, can you guys just throw him in the pool later?",Neutral,MELD
Or we could throw you both in,Joy,MELD
"Ok, gentlemen!",Anger,MELD
Please!,Anger,MELD
Aren't we a little old for this?,Anger,MELD
"I mean, we're scientists, right?",Neutral,MELD
We're academics.,Anger,MELD
And most importantly I... you-you will have to catch us first.,Joy,MELD
"GO, GO, GO!",Joy,MELD
"Go, go, go!",Joy,MELD
"Oh yeah, now everybody wants to be under this hat!",Joy,MELD
Oy!!,Disgust,MELD
Whats with all this sand?,Surprise,MELD
"Oh, yeah, Bob said there might be flood damage.",Neutral,MELD
"Yeah, either that, or he has a really big cat.",Neutral,MELD
"Okay, see that blind guy right there? I'm gonna bash his head in later.",Anger,MELD
"Oh umm, my big scene is coming up. Big scene coming up.",Joy,MELD
"If you said, ""Big lima bean, bubbling up."" Would she understand the difference?",Neutral,MELD
Rach? What are you doing?,Neutral,MELD
"Oh boy, I just can't watch. It's too scary!",Fear,MELD
It's a diaper commercial.,Neutral,MELD
"Oh yeah well, you know me, babies, responsibilities, ahhh!!!",Fear,MELD
Pizza delivery!,Joy,MELD
I'll get it! I will get that!,Joy,MELD
Hi!,Joy,MELD
Hi!,Joy,MELD
"Hey, you wanna get something to eat or uh, do you wanna see how long we can throw this ball back and forth? Huh?",Neutral,MELD
"Uhh, the ball thing.",Neutral,MELD
Yeah?,Neutral,MELD
"Hey Ross, wouldn't it be great if we could go two straight hours without dropping it?!",Joy,MELD
"Uhh,",Neutral,MELD
Okay!,Joy,MELD
Uh-oh.,Fear,MELD
What?,Neutral,MELD
I have to pee. And Rachel's in the bathroom!,Sadness,MELD
"Man, I didn't think we were gonna make it!",Surprise,MELD
"I know!  Don't switch hands, okay?",Fear,MELD
Hey.,Neutral,MELD
Hey!,Neutral,MELD
How did it go with Erin?,Neutral,MELD
"Oh, unbelievable! We had the best time!",Joy,MELD
"Yay!! Oh so, youre not, youre not mad at us anymore?",Joy,MELD
No!,Joy,MELD
No!,Joy,MELD
No!,Joy,MELD
You guys were totally right!,Joy,MELD
This is so much better than the first time we went out.,Joy,MELD
Yknow?,Neutral,MELD
"That was so awkward, we were really nervous.",Neutral,MELD
Didnt you sleep together?,Neutral,MELD
"Yeah, that really calms me down.",Neutral,MELD
And!,Joy,MELD
We have so much in common!,Joy,MELD
"She loves sandwiches, sports, although she is a Met fan, not much of an issue now but if we were ever to have kids, well thats a",Joy,MELD
"Oh my God! Listen to you talkin about having kids. Oh my Joey.  Oh, please dont get married before I do.",Surprise,MELD
Okay.,Neutral,MELD
How does she do that?,Surprise,MELD
I cannot sleep in a public place.,Neutral,MELD
Would you look at her? She is so peaceful.,Joy,MELD
Oh! What what what! ...Hi.,Surprise,MELD
"It's okay, y'know, you just nodded off again.",Neutral,MELD
What's going on with you?,Surprise,MELD
I got no sleep last night!,Anger,MELD
Why?,Neutral,MELD
"My grandmother has this new boyfriend, and they're both kind of insecure in bed.",Disgust,MELD
"Oh, and deaf.",Neutral,MELD
"So they're constantly, like, having to reassure each other that they're having a good time.",Neutral,MELD
You have no idea how loud they are!,Disgust,MELD
"Well, if you want, you can stay with Rachel and me tonight.",Neutral,MELD
Thanks.,Joy,MELD
Ew! What is that? Something exploded!,Disgust,MELD
"It's just her water breaking. Calm down, will you?",Neutral,MELD
"Water breaking, what do you mean? What's that, water breaking?",Surprise,MELD
"Breathe, breathe, breathe.",Neutral,MELD
"Are you insane? I mean Joey, is going to kill you, hes actually going to kill you dead.",Surprise,MELD
Okay! You dont think I thought of that?,Anger,MELD
How can you not know which one?,Surprise,MELD
I mean thats unbelievable.,Joy,MELD
"I mean, was it Gina?",Neutral,MELD
Which one is Gina?,Neutral,MELD
"Dark, big hair, with the airplane earrings.",Neutral,MELD
"No, no, no, thats Dina.",Neutral,MELD
"You see you cant tell which one is which either, dwha!!",Surprise,MELD
"I dont know, you thought See you Saturday was funny.",Neutral,MELD
"Look honey, Mark is in fashion okay, I like having a friend that I can share this stuff with.",Neutral,MELD
You guys would never want to go to a lecture with me.,Neutral,MELD
Pa-haa!! I would love to go with you.,Joy,MELD
Really!?,Surprise,MELD
"Yeah, hey I-I have clothes, I even pick them out.",Neutral,MELD
"I mean for, for all you know I could be a fashion..... monger.",Neutral,MELD
"Okay. Honey, I would love for you to go with me.  What?",Joy,MELD
"What should I wear, now Im all nervous.",Fear,MELD
": I know, we did it!! Hey, that was incredible, huh?!",Joy,MELD
"I know, it was amazing! I mean, we totally nailed it, it was beautiful.",Joy,MELD
": Thank you, listen, thanks a lot Tribbiani, . Oh my God, look at the time, I gotta catch the bus to the ball.",Joy,MELD
"Oh well, okay, good luck.",Joy,MELD
: Yeah.,Neutral,MELD
Unless you wanna practice the Foxtrot again? Or-or the Tango?,Neutral,MELD
": Ahh, thanks but no. You see I-I think Im ready to dance with girls.",Neutral,MELD
Okay.,Neutral,MELD
: Yeah.,Neutral,MELD
Go get em Treeger.,Neutral,MELD
": Right.  Hey, ahh, you wanna come? Marge has a girlfriend.",Neutral,MELD
Really?,Surprise,MELD
": Yeah, you could dance real good with her, shes the same size as me.",Neutral,MELD
"No, Im good.",Neutral,MELD
"Oh God, this is so nerve wracking! How-how do you do this?",Surprise,MELD
"Well, unfortunately, I don't get many callbacks so",Neutral,MELD
Is it a good sign that they asked us to hang around after the audition?,Surprise,MELD
Who knows?,Neutral,MELD
"Okay uh, we have narrowed it down to Raymond, Ben, Kyle, and Joey. The rest of you, thank you very much.",Neutral,MELD
Yes!! I knew it!!  Bye-bye! So long! Later!,Joy,MELD
Oh this is great! I might actually get to play Ben's dad!,Joy,MELD
Yeah!,Joy,MELD
"Actually, that can't happen.",Neutral,MELD
"Yeah because you all have such different looks, we're putting you with Raymond and Kyle with Ben.",Neutral,MELD
So it'll be either you two  or you two.,Neutral,MELD
"Man, this is gonna be kinda weird.",Sadness,MELD
"Yeah, it is.",Neutral,MELD
"No, we-we're gonna be like best friends, that's why it's gonna be weird.",Neutral,MELD
"Okay, come on, I can't get married until I get something old, something new, something borrowed, and something blue.",Sadness,MELD
"Okay, all right, all right, all right! Okay!  Okay, here's something, here's something blue and new.",Joy,MELD
Please!,Anger,MELD
Are you kidding?,Anger,MELD
"I-I hurt three huge men, I gave a guy a bloody noseI mean I-Im not proud of it but, I really am.",Anger,MELD
"And its all because of you, wonderful, amazing you.",Joy,MELD
I think youve got concussion.,Fear,MELD
"No, no, Im serious. Thank you.",Joy,MELD
Youre welcome.  Im sorry. Did I hurt you?,Fear,MELD
"Its worth the pain.  Yknow what, you know what? Its not.",Sadness,MELD
Wow! That Mike thing was interesting! I don't know what's gonna happen with Phoebe and David.,Surprise,MELD
"I do! Want a hint? huh? ""I do""  ""I do"".",Joy,MELD
"Ok, I'm sensing that this is some kind of word play, because you are pink with barely controlled glee.",Neutral,MELD
David is going to propose to Phoebe.,Joy,MELD
What?  Why?,Surprise,MELD
"Chandler, we have talked about this.",Anger,MELD
You are not supposed to give people advice!,Anger,MELD
Now couldn't you just have made some sort of inappropriate joke?,Anger,MELD
I,Neutral,MELD
They've only been going out for a few weeks and Phoebe is completely hung up on Mike!,Anger,MELD
"She'll say ""No"", David's heart will be broken, it will be too hard for them to recover from and then Phoebe will end up alone",Anger,MELD
"Man, that's some",Surprise,MELD
"Oh, that's not what you want...",Neutral,MELD
"This is my father, Paul Stevens. Dad, this is Ross Geller.",Neutral,MELD
It-its great to meet you Paul.,Joy,MELD
I usually prefer Elizabeths boyfriends to address me as Mr. Stevens.,Neutral,MELD
"Of course, of course, Mr. Stevens.",Neutral,MELD
"So Ross, what your problem?",Anger,MELD
Eh-whExcuse me?,Surprise,MELD
Why cant you get a girlfriend your own age?,Anger,MELD
Thats funny. Umm.  Its not funny.,Fear,MELD
I,Neutral,MELD
Okay.,Neutral,MELD
"I can, I can see that.",Neutral,MELD
"Umm, but I think if you give me umm, one chance I can, I can change your mind.",Fear,MELD
Okay.,Neutral,MELD
What?,Neutral,MELD
Okay. Ill give you one chance to change my mind.  You got one minute.,Anger,MELD
Daddy!,Surprise,MELD
"Oh well, its not on TV yet.",Neutral,MELD
"Well, then its not on the wall yet.",Neutral,MELD
"Okay, fine, I will bring you a tape, huh?",Neutral,MELD
"So umm, now do you have any of Matt Lauers clothes here? Maybe? Just ones that havent been cleaned yet?",Neutral,MELD
Ooooohh!,Surprise,MELD
"Oh yeah, I'm sure.  And all of a sudden his hands weren't the problem anymore.",Neutral,MELD
Was it...?,Surprise,MELD
"Oh, boy scouts could have camped under there.",Neutral,MELD
"""Ooo,"" what?",Surprise,MELD
Uma Thurman.,Neutral,MELD
Oh!,Surprise,MELD
The actress!,Surprise,MELD
Thanks Rach.,Neutral,MELD
So what are you gonna do?,Surprise,MELD
You have to tell her!,Joy,MELD
You have to tell her!,Joy,MELD
"It's your moral obligation, as a friend, as a woman, I think it's a feminist issue!",Anger,MELD
Guys?,Anger,MELD
Guys?,Anger,MELD
"Oh, yeah, you have to tell her.",Neutral,MELD
Feminist issue. That's where I went!,Neutral,MELD
She is gonna hate me.,Fear,MELD
"Yeah, well...",Neutral,MELD
Will you marry me?,Fear,MELD
Its the big night! We wanted to wish you good luck!,Joy,MELD
"Yeah, yeah you have the ring?",Neutral,MELD
"Yeah, right here in my pocket.  Pheebs?",Neutral,MELD
Oh! Oop!,Surprise,MELD
"Okay, now will you guys get out of here? I want this is to be a surprise and shes gonna know.",Neutral,MELD
Yeah-yeah you guys. Get out of here!,Neutral,MELD
Hi guys.,Neutral,MELD
You are beautiful.,Joy,MELD
"Oh, thank you!   Whats going on?",Joy,MELD
Were just reallyvery excited about this charity event that we have to go to.,Neutral,MELD
"Okay umm, Ross?",Neutral,MELD
"I'm-I'm really warm, so I'm going to be taking off my sweater.",Neutral,MELD
"Now, I'm just letting you know that this is",Neutral,MELD
Yep! That's hilarious!,Joy,MELD
I'm sorry. I'm done. I'm done.,Neutral,MELD
"Y'know, last night was embarrassing for you too.",Neutral,MELD
"No, not really. I mean you've seen me naked hundreds of times.",Neutral,MELD
Uh-huh. But it was a first for the rest of my building.,Neutral,MELD
"Okay. All right, that's true! But y'know I just don't embarrass that easily.",Neutral,MELD
What?! You totally get embarrassed!,Surprise,MELD
"No, I don't! Ross, I think I'm just a more secure person than you are.",Neutral,MELD
Is that so?,Neutral,MELD
Yeah.,Neutral,MELD
Hey lady! I don't care how much you want it! Okay?! I am,Disgust,MELD
I cant believe it!,Surprise,MELD
I did it!,Joy,MELD
I rode a bike!,Joy,MELD
I never thought Id be able to do that!,Joy,MELD
Thank you Ross.,Joy,MELD
"Oh hey, dont thank me, thank yourself. Youre the one who faced her fears and ultimately overcame them.",Joy,MELD
"Hey, both you guys should be up there with me.",Neutral,MELD
"I mean, you two are-are my I mean, Im lucky to have just one good",Neutral,MELD
Thanks man.,Neutral,MELD
I gotta go check something over here.,Neutral,MELD
What a baby.,Sadness,MELD
Total wuss!,Sadness,MELD
"Okay, we have a lot of options here, a number of prototypes for you to try on.",Neutral,MELD
Wow! This looks great!,Joy,MELD
"Yeah! Okay, this one is a mushroom cap.  Umm, this one is made of bologna.",Joy,MELD
And-and-and-and-and the toothpicks?,Disgust,MELD
You kissed another woman!,Anger,MELD
Call it even?!,Neutral,MELD
Okay!,Joy,MELD
"Well, Im gonna go get these  in some water.",Neutral,MELD
Wait you stole those from these peoples wedding?,Surprise,MELD
"No-no, I took them from the hotel lobby.",Neutral,MELD
"Yeah, they think they can charge me for some dirty movie and a bag of Mashuga nuts, they got another think coming.",Anger,MELD
Hey!,Surprise,MELD
My sweater!,Surprise,MELD
Ive been looking for this for like a month!,Surprise,MELD
Oh my God!!,Surprise,MELD
Oh my God!,Surprise,MELD
Happy?! Is that what Im supposed to be Vic? Happy?,Anger,MELD
"Well, why dont you tell me what youre supposed to be!",Anger,MELD
Huh?,Surprise,MELD
Because I sure as hell cant figure it out!,Anger,MELD
I talk to you and nothin.,Anger,MELD
"You look at me, and its nothin.",Anger,MELD
Nothing.,Anger,MELD
"Tasty! Im really starting to feel like you guys have a history, its-its nice.",Joy,MELD
I have a question about this scene.,Neutral,MELD
Yes?,Neutral,MELD
"Well, I dont understand why Adriennes attracted to Victor.",Disgust,MELD
"Peel the onion. First of all, hes good looking.",Neutral,MELD
Yeah.,Neutral,MELD
I think my characters gonna need a little bit more of reason than that.,Neutral,MELD
"Oh, hey, how about this one.",Neutral,MELD
"Ah, its says so in the script!",Anger,MELD
"Y'know ah, I-I dont know why my character likes you either, I mean it says in the script here that youre a bitch.",Anger,MELD
It doesnt say that in the script.,Anger,MELD
It does in mine!,Anger,MELD
I cant,Anger,MELD
Yeah! You gotta tell a girl before you tape her. Such a rookie mistake.,Anger,MELD
Yknow who has a great video camera?,Neutral,MELD
Greg and Jenny?,Neutral,MELD
Do you still wanna call em? I wanna call em.,Neutral,MELD
Lets call em.,Neutral,MELD
Yeah! Ask them if they brought their friends any souvenirs!,Joy,MELD
Hello?  Eighth street deli?,Neutral,MELD
"Hey, hang up! You get food poisoning just talkin to that place.",Disgust,MELD
"Uh sorry, wrong number.",Fear,MELD
Here you go.,Neutral,MELD
Hello?   Its the deli again!,Surprise,MELD
All right! Ill have a sandwich!,Joy,MELD
I dont think this numbers right!,Sadness,MELD
Oh come on!!,Sadness,MELD
"Gotta go. I miss you too, I love you, but it's getting real late now",Sadness,MELD
"Hey Ma. Listen, I made the appointment with Dr. Bazida, and... Excuse me?  Did you know this isn't Ma?",Surprise,MELD
Her name's Ronni. She's a pet mortician.,Neutral,MELD
Sure. So how long you been...,Neutral,MELD
"Remember when you were a little kid, I used to take you to the navy yard and show you the big ships?",Neutral,MELD
Since then?!,Surprise,MELD
"No, it's only been six years.",Neutral,MELD
I just wanted to put a nice memory in your head so you'd know that I wasn't always such a terrible guy.,Neutral,MELD
...Joe.,Neutral,MELD
Y'ever been in love?,Neutral,MELD
...I d'know.,Neutral,MELD
Then y'haven't. You're burning your tomatoes.,Neutral,MELD
You're one to talk.,Disgust,MELD
"Joe, your dad's in love big time. And the worst part of it is, it's with two different women.",Neutral,MELD
Oh man. Please tell me one of 'em is Ma.,Disgust,MELD
"Of course, course one of 'em's Ma. What's the matter with you.",Surprise,MELD
"Everythings gonna be all right. Okay, Dick?",Neutral,MELD
"Hello, I am Guru Saj--Whoa!!  Thats supposed to be a duck right? Cause otherwise, this is waaay out of my league.",Surprise,MELD
"Hey, Rach, how was work?",Neutral,MELD
"Oh, great. Although I did sit down where there wasnt a chair.",Neutral,MELD
"By the way, Ross dropped by a box of your stuff.",Neutral,MELD
"Oh, well, I guess I had that one coming.",Neutral,MELD
"Im just gonna throw it out, its probably just a bunch of shampoo and...",Neutral,MELD
Something wrong?,Neutral,MELD
No. Nothing.,Neutral,MELD
"And then, and then you said that thing about, about bringing the Mesozoic era in the 21st century.",Neutral,MELD
"Yeah, that's it?",Surprise,MELD
Yeah.,Neutral,MELD
"Dude, I am sorry about what I said!",Sadness,MELD
"No, no, youre right, it is a ridiculous name!",Disgust,MELD
Its not that bad.,Neutral,MELD
"Yes it is! From now on, I have no first name.",Anger,MELD
"So, youre just Bing?",Neutral,MELD
Because we won our apartment back!,Joy,MELD
"What? Ace is high! Jack, queen, king, ace!",Surprise,MELD
"No! Ace is low! Ace, two, three, four!",Anger,MELD
I dont know. Ooh! Ooh! Look it!  Ah-ha!,Surprise,MELD
"All right, cut, lets pick again, pick again.",Neutral,MELD
Okay.,Neutral,MELD
Come on apartment! Come on apartment!  Oh! I know queen is high!,Anger,MELD
"Uh-huh, not as high as It worked! King!",Surprise,MELD
Yeah baby!,Joy,MELD
"But, we pick again! We pick again!",Joy,MELD
Why?!,Neutral,MELD
I dont know!,Fear,MELD
Tickets please!  Thats courtside baby!,Joy,MELD
"Seriously, good game though. Good game.   What are they so mad about? They get the apartment back!",Surprise,MELD
No they didnt!,Joy,MELD
"You know, I don't think we brought enough stuff. Did you forget to pack the baby's anvil?",Neutral,MELD
It's gonna be worth it.,Neutral,MELD
"It's a known fact that women love babies, all right?",Neutral,MELD
Women love guys who love babies.,Neutral,MELD
It's that whole sensitive thing.,Neutral,MELD
"Quick, aim him at that pack o' babes over there.",Neutral,MELD
Maybe one of them will break away.,Neutral,MELD
"No, no wait, for get them, we got one, hard left.",Joy,MELD
"All right, gimme the baby.",Neutral,MELD
"No, I got him.",Neutral,MELD
"Oh, seriously you want him?",Surprise,MELD
Hello.,Neutral,MELD
"Well, don't, don't think me immodest, but, me?",Surprise,MELD
You wanna smell him?,Neutral,MELD
"Oh, yeah. He's got that great baby smell. Get a whiff of his head.",Joy,MELD
What'd I tell you? What'd I tell you?,Joy,MELD
"Well, we are great guys.",Neutral,MELD
Bye.,Neutral,MELD
"Well, not really.",Neutral,MELD
"I mean technically its-its not against the rules or anything, but it is frowned upon.",Neutral,MELD
"Especially by that professor we ran into last night, Judgey von Holierthanthou.",Anger,MELD
"Well Ross, you be careful now. You dont want to get a reputation as yknow Professor McNailshisstudents.",Joy,MELD
Yeah. What-what should I do?,Fear,MELD
"Well Ross, it seems pretty clear.",Neutral,MELD
I mean whats more important?,Neutral,MELD
"What people think or how you feel, huh?",Neutral,MELD
"Ross, you gotta follow your heart.",Neutral,MELD
Joey that is so sweet.,Joy,MELD
Hey.,Neutral,MELD
"Hey-hey-hey! So, how did it go with Dana? Any reason I should leave a block of time open say Thursday?",Neutral,MELD
I couldnt do it.,Sadness,MELD
You couldnt do it?!,Surprise,MELD
"Hey, relax I just need more time. Were going to dinner tonight.",Neutral,MELD
What?! Youre going out with her again!,Surprise,MELD
Going out with who?,Neutral,MELD
"Uh, Dana Keystone from college.",Neutral,MELD
Oh yeah! Wasnt she uh,Surprise,MELD
"No, that was Dana Caplin.",Neutral,MELD
Joey! You didnt even know her!,Surprise,MELD
Ah whatever!,Anger,MELD
"Morning! Hey, hows my favorite genius and my little robot buddy?!",Joy,MELD
Dont touch him!,Anger,MELD
Okay!,Surprise,MELD
All right.,Neutral,MELD
"Umm, all right Wayne, level with me.",Neutral,MELD
I-I keep hearing all these rumors that I might get fired.,Fear,MELD
"Okay, they even have actors coming in to read for my part!",Fear,MELD
"Come on man, you-you got to give me a second chance!",Sadness,MELD
"I mean, I love-I love this little guy!",Joy,MELD
Ah-ah!!,Surprise,MELD
"Okay, thats why you didnt want me to touch him right?",Surprise,MELD
Here you go!,Neutral,MELD
Okay?,Neutral,MELD
Stupid!,Anger,MELD
I cant believe it!,Surprise,MELD
God!,Anger,MELD
"Hey, how you doin?",Neutral,MELD
Hey.,Neutral,MELD
"Hi. Look um, about what happened earlier...",Sadness,MELD
"No, hey, well, I-I completely understand. You were, you were stressed.",Neutral,MELD
I was gonna give you a chance to apologise to me.,Disgust,MELD
For what? For letting you throw me out of your office?,Anger,MELD
You had no,Anger,MELD
"Yeah, well excuse me for wanting to be with my girlfriend on our anniversary, boy what an ass am I.",Anger,MELD
"But I told you, I didnt have the time!",Anger,MELD
"Yeah, well you never have the time. I mean, I dont feel like I even have a girlfriend anymore, Rachel.",Anger,MELD
"Wh, Ross what do you want from me?",Anger,MELD
"You want me, you want me to quit my job so you can feel like you have a girlfriend?",Anger,MELD
I know.,Neutral,MELD
"Ooh, I have to tell you something.",Joy,MELD
What?,Neutral,MELD
But I cant tell you.,Neutral,MELD
"Okay, but wouldnt it be easier if you had to tell me something that you could tell me.",Neutral,MELD
"Well, sure in a perfect world. But, no, I promised I wouldnt tell, and I swore to like all my gods.",Neutral,MELD
Okay. Does it have to do with Ross and Rachel?,Neutral,MELD
No.,Neutral,MELD
Does it have to do with Joey?,Neutral,MELD
No.,Neutral,MELD
Does it have to do with-with Chandler and that sock that he keeps by his bed?,Neutral,MELD
"No, but lets come back to that later!",Neutral,MELD
Hi!,Joy,MELD
Richard!,Joy,MELD
"Actually, Im not here to complement the chef.",Neutral,MELD
"Ohh Oh, thats okay I hate when people come back to complement the chef.",Neutral,MELD
Like I have nothing better to do!,Neutral,MELD
So whats up?,Neutral,MELD
"Well, it was great seeing you the other night.",Joy,MELD
"Oh, good to see you too. Did you come down here to tell me that?",Neutral,MELD
No! I came here to tell you something else.  I came here  to tell you I still love you.,Joy,MELD
"One pregnant woman at a time, please! I just want you to be okay.",Disgust,MELD
So forcing her to marry Bobby is gonna make that happen?,Sadness,MELD
"Maybe!  Well! Wellso-so uh, what kind of music does Numb NutsOh forget it! I cant!",Anger,MELD
"Joey, I am scared to death about this.",Fear,MELD
"But I really think I can do it, Im just gonna need some help.",Fear,MELD
And Bobbys gonna be here the whole time.,Neutral,MELD
"You bet I am!  And to answer your earlier question, were straight-up gangster rap.",Joy,MELD
"Look, Rachels told me how much easier youve made all this on her. Why cant you do that for me?",Anger,MELD
Because! Cause Cause youre my baby sister!,Sadness,MELD
And youre my big brother!,Joy,MELD
"I mean, youre my favorite guy in the whole world.",Neutral,MELD
Im not even scared to tell mom and dad.,Neutral,MELD
I was scared of telling you.,Fear,MELD
"Well Id be scared of them, but all right.",Fear,MELD
"Joey, I cant stand the thought of having this baby with you mad at me.",Sadness,MELD
I want him to have his uncle.,Sadness,MELD
Is my baby gonna have his Uncle Joey?,Sadness,MELD
Of course hes gonna have his Uncle Joey!,Joy,MELD
"Were gonna be all right. I mean, even if were not married this baby is gonna be so loved. Not just by us.",Joy,MELD
Thats right! By his uncle too!,Joy,MELD
And by you.,Joy,MELD
"Okay Bobby, why dont we just come over here and let them have a little moment.",Neutral,MELD
Come here!,Joy,MELD
No! Seriously! Whats wrong with you?!,Anger,MELD
I had a really nice time tonight.,Joy,MELD
So did I. I'm really glad Monica asked us out.,Joy,MELD
"I'd love to ask you in, but uh, my sister's visiting and I think she's asleep on the couch.",Neutral,MELD
You're sister? You're sister's asleep on the couch?  Ohhh! I saw,Surprise,MELD
"Oh hey, great, you're up. Rachel, this is my sister Krista. Krista, this is Rachel.",Neutral,MELD
Hi!,Joy,MELD
"Nice to meet you. I wish you'd told me we were having company, I'd fix myself up!",Surprise,MELD
Like it would help.,Neutral,MELD
You are so bad!,Joy,MELD
You are!,Joy,MELD
You are!,Joy,MELD
You are!,Joy,MELD
You are!,Joy,MELD
You are!,Joy,MELD
You are!,Joy,MELD
You are so dead! I'm gonna get you.,Joy,MELD
"Uh, it was very nice meeting you.",Neutral,MELD
"Oh my God, it's that Victoria's Secret model. Something... something Goodacre.",Surprise,MELD
"Hi Mom, it's Jill.",Neutral,MELD
"She's right, it's Jill. Jill Goodacre. Oh my God. I am trapped in an ATM vestibule with Jill Goodacre!",Surprise,MELD
"Yeah, I'm fine. I'm just stuck at the bank, in an ATM vestibule.",Neutral,MELD
Jill says vestibule... I'm going with vestibule.,Neutral,MELD
"I'm fine. No, I'm not alone... I don't know, some guy.",Neutral,MELD
"Oh! Some guy. Some guy. 'Hey Jill, I saw you with some guy last night. Yes, he was",Joy,MELD
Are you seeing anybody right now?,Neutral,MELD
"Og-ee-op, Im not asking for me, Im I mean No, Im-Im not gay, Im not asking you out.",Fear,MELD
Im not-Im not-Im not gay!,Fear,MELD
Personal shopping? What is that? Like where you walk around with snooty rich people and tell them what to buy?,Neutral,MELD
Uh-huh.,Neutral,MELD
That sounds great!,Surprise,MELD
Hey!,Neutral,MELD
"Umm, excuse me, we switched apartments. You cant eat are food anymore, that-that gravy train had ended.",Anger,MELD
Theres gravy?,Surprise,MELD
If you have the big apartment you have to deal with people coming over all the time.,Neutral,MELD
"That fridge has got to be stocked, okay, thats your department now.",Neutral,MELD
What are you doing?,Neutral,MELD
I think I left a donut up here.,Neutral,MELD
"So, in conclusion, the lines all go up , so Im happy.",Neutral,MELD
Great job team!,Joy,MELD
Tomorrow at 8:30.,Neutral,MELD
Phil!,Joy,MELD
Nice job.,Joy,MELD
Stevens!,Joy,MELD
Way to go!,Joy,MELD
"Joel-burg, you maniac!",Joy,MELD
I love ya!,Joy,MELD
Bing!,Joy,MELD
"Oh, excuse me. I forgot my briefcase y'know, by accident.",Neutral,MELD
"Of course, you did.",Joy,MELD
Forgot something else too ya bastard!,Joy,MELD
"Well, what about you?",Neutral,MELD
Youre not feeling left out or anything are ya?,Neutral,MELD
"No. No, not at all, thats-thats ridiculous.",Sadness,MELD
"Everybody else got one, and you want one too. Dont you?",Joy,MELD
"Ye-ye-yeah, yes I do!",Sadness,MELD
"Now get on out of here, you!",Joy,MELD
Hey Bob.,Neutral,MELD
Hey! Hows my pal Toby doing today?,Joy,MELD
"If I see him, Ill ask.",Neutral,MELD
Toby!,Joy,MELD
Yeah!,Joy,MELD
Oh then you know each other.,Neutral,MELD
Were on a semi-first name basis.,Neutral,MELD
What do you think of adding him to our team?,Neutral,MELD
"Bob? Ooh, working here with us? Everyday? Yeah, I dont know if he has what it takes.",Surprise,MELD
Really? They love him down on six.,Surprise,MELD
But this is eleven. Its almost twice as hard up here.,Neutral,MELD
Hey! Guess what I got for your wedding!,Joy,MELD
A freakish thin date with a hanger for her head?,Neutral,MELD
"No. Rachel hooked me up with a tux! But not just any tux, Batmans tux!",Joy,MELD
What?,Surprise,MELD
Thats right! Made expressly for Val Kilmer and worn by him in the hit filmthat Batman film he was in.,Joy,MELD
You cant wear that! Im wearing the famous tux! James Bonds tux!,Anger,MELD
So?,Neutral,MELD
SoIf you wear that youll make mine less special.,Sadness,MELD
"Sorry, I just dont like the idea of when I say ""I do,"" hes thinking, ""Yeah, Id do her too!""",Anger,MELD
Well then we still have a problem.,Neutral,MELD
Yeah!,Neutral,MELD
With what?,Neutral,MELD
"Well, were trying to find someone to perform our wedding and theyre all either boring or annoying or yknow, cant stop staring at the ladies.",Neutral,MELD
Oo! You should have one of us do it!,Joy,MELD
"Phoebe, were getting",Neutral,MELD
No! No! Its-its uh a real thing! Anyone can get ordained on the Internet and perform like weddings and stuff!,Joy,MELD
I call it!!,Joy,MELD
What?! No! It was my idea!,Anger,MELD
Guys thank you very much but neither of you is marrying us.,Neutral,MELD
Does calling it not mean anything anymore?!,Anger,MELD
"We are going to have a legitimate member of the clergy! And when I say legitimate I mean, gay and in control of his saliva!",Neutral,MELD
"See, I see.... big passion in your future.",Joy,MELD
Really?,Surprise,MELD
I do.,Neutral,MELD
"Oh Ross, you're so great. [she playfully rubs his head and gets up]",Joy,MELD
"That was supposed to be a good thing, I forget why.",Neutral,MELD
"Just listen, Monica, I, do you know, okay, do you know, I couldnt sleep for like a month because I got like a dot of ink on one of the sofa cushions.",Neutral,MELD
"Well, you-you coulda just turned the cushion over.",Neutral,MELD
"Yeah, I wouldve except I had a big spaghetti stain on the other side.",Neutral,MELD
What?!?!,Surprise,MELD
"Okay, this is what Im talking about, this. I-I need to live in a land where people can spill.",Neutral,MELD
You can spill. In the sink.,Neutral,MELD
"Aw, honey its not your fault, y'know this is who you are, and I love you, and I want us to be friends, and if I keep living here I dont see that happening.",Sadness,MELD
"I love you, too.",Joy,MELD
"Aww, good.  What?",Joy,MELD
What? Im just said.,Sadness,MELD
"No youre not, youre wondering which cushion it is.",Neutral,MELD
Oh my God! Are you serious?!,Surprise,MELD
Uh-huh.,Neutral,MELD
I would love to live with you Ross.. thats-thats great! Thank you!,Joy,MELD
"Well, Im-Im just glad I could, yknow, help you out.",Neutral,MELD
"Ross-Ross, you have no idea what this means to me!",Joy,MELD
"I mean, I mean I was gonna be homeless.",Sadness,MELD
You just saved me!,Joy,MELD
Youre my hero!,Joy,MELD
"Hero, I uh, I dont knowwell, all right.",Neutral,MELD
"Oh, I have to go tell Monica what a wonderful brother she has!",Joy,MELD
"Oh please!   Youre gonna say things now, arent ya?",Joy,MELD
No.,Neutral,MELD
"No, I wont.",Neutral,MELD
"But I should tell you this, this exact same thing happened to my roommate Denise.",Neutral,MELD
"She moved in with a guy who was secretly married to her and he said he didnt love her, but he really did, and it just blew up!",Anger,MELD
"...Dammit, hire the girl!  Okay, everybody ready?",Anger,MELD
"Uh, listen, I just wanna thank you for this great opportunity.",Joy,MELD
Lose the robe.,Neutral,MELD
Me?,Surprise,MELD
That's great.,Joy,MELD
"Well, I'm gonna get another espresso. Can I get you another latte?",Neutral,MELD
"No, no, I'm still working on mine.",Neutral,MELD
That's it?,Surprise,MELD
"Yeah, it was really hard.",Sadness,MELD
"Oh, yeah, that hug looked pretty brutal.",Neutral,MELD
"Ok, you weren't there.",Anger,MELD
"Wow! Thats ah, thats pretty nice!",Joy,MELD
Pretty nice?,Neutral,MELD
"Youll have to pardon my roommate, he wanted to marry this.",Neutral,MELD
"We dont have 50 bucks, but would you be willing to trade for it? Weve got a canoe.",Neutral,MELD
"Y'know, I, I really dont think we need a canoe.",Neutral,MELD
You gotta take the canoe!,Anger,MELD
"All right, just, just take the entertainment center, and then when you get home, throw the canoe away!",Neutral,MELD
Were not throwing it away! I built that canoe!,Anger,MELD
Good for you!!,Anger,MELD
Pheebs?,Neutral,MELD
Yeah?,Neutral,MELD
"Okay. Then I guess its just, wait here then.   Hi. I need one fake ticket to Yemen.",Neutral,MELD
One ticket to Yemen?,Surprise,MELD
"Oh no-no-no, no. No, no, no, I just, I just need a pretend ticket.",Neutral,MELD
"Im sorry sir, I dont understand.",Surprise,MELD
What would you give to a kid if he wanted a ticket to play with?,Neutral,MELD
Are you travelling with a child?,Neutral,MELD
No.,Neutral,MELD
"All right, yknow what, shes  gonna think that Im handing you a credit card, but what Im really gonna do is hand you a library card.",Neutral,MELD
"Okay, but this is the last time.",Neutral,MELD
"With a chick-chick here, and a chick-chick there.",Joy,MELD
"Here a chick, there a chick, everywhere a chick-chick--chickeeeen.",Joy,MELD
Hey.,Neutral,MELD
Hey.,Neutral,MELD
Hows she doing?,Neutral,MELD
She?,Surprise,MELD
"Well yeah, dont-dont you think its a she?",Neutral,MELD
"I dont know.  I cant tell, what ever it was went back in too quickly.",Neutral,MELD
"Well, anyway, I got to go change, Im ah, meeting some of the cast for drinks.",Neutral,MELD
Excuse me?,Surprise,MELD
What?,Neutral,MELD
"Okay, good, so there you go. Go with Vince.",Joy,MELD
"Yeah, but Jason's really sensitive.",Neutral,MELD
"Well sensitive is important, pick him.",Neutral,MELD
Yeah.,Neutral,MELD
"Oh sure, go with the sissy.",Disgust,MELD
Jason is not a sissy!,Anger,MELD
"Oh no-no-no-no, I meant Chandler.",Anger,MELD
Hi.,Neutral,MELD
"So uh, apparently people are familiar with the Europe story?",Neutral,MELD
Yeah.,Neutral,MELD
"Listen about that, the whole uh, who came on to who thing really doesnt matter.",Neutral,MELD
"I mean, I think it wouldve happened either way.",Neutral,MELD
I mean if you hadnt initiated it I-I-I know I wouldve.,Neutral,MELD
It was an amazing night.,Joy,MELD
It was. It was an amazing night.,Joy,MELD
You think it looked amazing?,Sadness,MELD
Do we have a name yet?,Neutral,MELD
"No, not yet.",Neutral,MELD
"Thats fine, for now well just call her Baby Girl Green.",Neutral,MELD
"Oh no, Baby Girl Geller-Green.",Neutral,MELD
Hello baby girl.,Joy,MELD
"Ah-ha, nowhere to run!",Joy,MELD
I dont like sitting up here! Im just gonna over,Anger,MELD
No Rachel! They got here first!,Anger,MELD
Why is Ross doing that?,Neutral,MELD
DANGER,Fear,MELD
Oh my God! Why is he jumping on those women!,Surprise,MELD
No thats all right. Dont worry about it.,Neutral,MELD
Oh but look! Thats gonna leave a stain!,Disgust,MELD
Rach! Hey! Its fine! Youre at Joeys!,Joy,MELD
Really?,Surprise,MELD
Yeah! Look!,Neutral,MELD
Ive never lived like this before.,Disgust,MELD
I know.,Neutral,MELD
"All right, dont waste it, I mean its still food.",Neutral,MELD
"Hey Joey, is this the bed where Olivia lost her virginity?",Neutral,MELD
"I don't know, but one of the extras sure did!  Hey, listen    Rach. Thanks again for coming down to watch my scenes!",Joy,MELD
"Oh, please!Honey, just the fact that you want me here to support    you, I'm...OH MY GOD!Is that Christian Sanders?He's so",Surprise,MELD
Also so,Neutral,MELD
"Oh, in my head he's done some pretty ""not-gay-stuff""!",Neutral,MELD
"Well, at the Christmas party him and Santa did some definitely    gay stuff!",Neutral,MELD
"OK, you've got to promise that you'll never, ever tell Ross that I told you.",Neutral,MELD
About what?,Neutral,MELD
He's planning your birthday party.,Neutral,MELD
Oh my God! I love him!,Joy,MELD
You'd better act surprised.,Fear,MELD
About what?,Neutral,MELD
My surprise party!,Joy,MELD
What surprise party?,Surprise,MELD
Oh stop it. Joey already told me.,Joy,MELD
"Well, he didn't tell me.",Neutral,MELD
"Hey, don't look at me. This is Ross's thing.",Neutral,MELD
This is so typical. I'm always the last one to know everything.,Anger,MELD
"No, you are not. We tell you stuff.",Neutral,MELD
Yuh-huh!,Anger,MELD
I was the last one to know when Chandler got bitten by the peacock at the zoo.,Anger,MELD
I was the last one to know when you had a crush on Joey when he was moving in.,Anger,MELD
Looks like I was second to last.,Surprise,MELD
"Chandler, we still havent gotten an RSVP from your dad.",Neutral,MELD
"Oh! Right. Umm, maybe thats because I didnt send him an invitation.",Neutral,MELD
Chandler! Hes your father.  he should be at the wedding.,Anger,MELD
I dont even know the man. Okay? Were not that close. I havent seen him in years.,Disgust,MELD
Well what are you gonna do when he finds out he wasnt even asked?!,Sadness,MELD
Its not like we run in the same circles.,Neutral,MELD
"I hang out with you guys, and he stars in a drag show in Vegas.",Disgust,MELD
"Ooh, I think I wanna trade circles.",Neutral,MELD
Nobody is gonna be staring at the bride when the father of the groom is wearing a back-less dress.,Disgust,MELD
So what! As long as hes not wearing a white dress and a veil I dont care.,Neutral,MELD
"Okay, I think I need to do some shopping.",Neutral,MELD
Hello! Whos in there?,Neutral,MELD
How ya doin?,Neutral,MELD
Who in the hell are you?,Anger,MELD
"I guess you wouldnt believe me if I said I was Kurt Douglas, huh?",Neutral,MELD
"No-no, Rachel, dont get it! He cant see us!",Fear,MELD
"No, yeah! The groom cannot see the bride!",Anger,MELD
Im not gonna marry Chandler!,Anger,MELD
Not after this!,Anger,MELD
"Okay, you guys, just relax.  I doooo.",Neutral,MELD
I gotta go.,Neutral,MELD
"Oh, wait, Joshua! Joshua!   Yeah, well, that oughta do it.",Sadness,MELD
"Sorry I'm late, but I left late.",Neutral,MELD
Okay.,Neutral,MELD
"So Pheebs, what is the book about?",Neutral,MELD
I thought you said you read it in high school.,Neutral,MELD
"Well yeah, but then I remembered I started it and there was this pep rally and I was, I was on top of the pyramid but anywayumm, what is this book about?",Neutral,MELD
"Excuse me, can I, can I bum one of those?",Neutral,MELD
"Y'know what, actually  Okay, okay, okay, what's so funny over here?",Neutral,MELD
I thought you didn't smoke.,Surprise,MELD
"Oh, I thought you guys meant marijuana cigarettes, y'know?",Neutral,MELD
"Y'know what I mean, like dubbies?",Neutral,MELD
"And I actually, I thought to myself, ""Wow, those guys are crazy!""",Surprise,MELD
"But no, I actually smoke the regular ones all, all the time.",Neutral,MELD
We get high.,Neutral,MELD
"Oh, me too.",Neutral,MELD
I'm kidding.,Neutral,MELD
"Oh, me too.",Joy,MELD
"Oh, are you sure you're ok?",Sadness,MELD
Yeah.,Neutral,MELD
Does it still hurt?,Sadness,MELD
Yeah.,Sadness,MELD
What a neat idea. All your clothes match. I'm gonna do this.,Joy,MELD
Hi.,Neutral,MELD
"Hey, how'd it go?",Neutral,MELD
Excellent.,Joy,MELD
"We ripped that couple apart, and kept the pieces for ourselves.",Joy,MELD
"What a beautiful story. Hey, I'm fine by the way.",Joy,MELD
You know what? You are right. I,Neutral,MELD
Good for you Pheebs!,Joy,MELD
Ok.,Neutral,MELD
"Okay  If you guys have microphones in there too, I didn't mean",Neutral,MELD
This sucks! I didnt know I had to stay up all night before I went to this stupid sleep clinic! Im so tired!,Anger,MELD
Its 6:00.,Neutral,MELD
Hi!,Joy,MELD
"Yeah, Rach, I think youre handling that really well.",Neutral,MELD
Handling it?,Neutral,MELD
"What do you mean, handling it?",Joy,MELD
Theres nothing to handle.,Joy,MELD
"Now, maybe I would have a problem with this if it wasnt for me and Joshua.",Neutral,MELD
"Yknow, theyre not gonna get married anyway!",Anger,MELD
What?,Surprise,MELD
Come on!,Anger,MELD
They rushed into this thing so fast its ridiculous!,Disgust,MELD
"And somewhere along the way, one of them is gonna realise what theyve done and theyre call the whole thing off.",Neutral,MELD
"Im telling ya, youre gonna be dancing at my wedding before youre dancing at theres.",Joy,MELD
What the hell is this?!,Surprise,MELD
"What, did you actually thought it would make me feel better to give me stuff that I cant use for another two months?!",Anger,MELD
This sucks!,Anger,MELD
"All right, whats my next present?",Neutral,MELD
"All right, theres a nuclear holocaust, Im the last man on Earth. Would you go out with me?",Neutral,MELD
Enhh,Neutral,MELD
Ive got canned goods.,Neutral,MELD
"Hey, you guys! Take a look at this!  Check this baby out, dug me a hole!",Surprise,MELD
"Excellent hole, Joe.",Neutral,MELD
Oh no! No!! My hole!!,Surprise,MELD
Ow!! Ow!!!,Disgust,MELD
What?! What?!! What is it?!,Surprise,MELD
My drinking?,Neutral,MELD
"Oh, I mustve said that after you left.",Neutral,MELD
Said what? Exactly.,Fear,MELD
That you enjoyed the occasional drinking binge.,Neutral,MELD
"Oh my God!! Ohh, that is it! Im leaving! You are just a horrible person!",Disgust,MELD
Wait-wait-wait-wait-wait-wait-wait-wait!!,Fear,MELD
If youre gonna get all sensitive about it!,Anger,MELD
I dont want to lose you.,Sadness,MELD
"What if I, create a position for you?",Neutral,MELD
Ill make you an assistant buyer in this department.,Neutral,MELD
Say more things like that.,Joy,MELD
"You can have your own office, and a raise! Effective tomorrow.",Joy,MELD
Id need an expense account.,Neutral,MELD
Done!,Joy,MELD
And an assistant.,Neutral,MELD
"Sophie, get in here!",Joy,MELD
Monica? You gonna be very proud of me. I just got us dates with two unbelievably cute nurses.,Joy,MELD
Oh my!,Surprise,MELD
They're male nurses.,Neutral,MELD
Not in my head.,Neutral,MELD
"Anyway, they want to take us out Saturday night! What do you say?",Joy,MELD
Umm.  Umm. Umm. I don't think so.,Joy,MELD
What?,Surprise,MELD
What are you talking about?!,Surprise,MELD
You-you're the one who's been telling me to get over Ross and move on.,Anger,MELD
"I'm moving on, and you're moving on with me.",Neutral,MELD
"Come on, give me one good reason why you don't wanna go.",Neutral,MELD
"Umm, why don't you give",Neutral,MELD
What?,Surprise,MELD
Harder than it sounds. Isn't it?,Neutral,MELD
"Okay, you're coming with me, and I also told them that if we're still here when they get off that we'll go down to the cafeteria and have some",Neutral,MELD
Yep! There's always room for,Neutral,MELD
"Joey, how do you make",Neutral,MELD
"Oh, it's easy. Yeah, I-I can do it with anything. Watch uh,  Grandma's chicken salad",Neutral,MELD
"Hello, this is Monica...",Neutral,MELD
Yeah???,Neutral,MELD
Oh...,Neutral,MELD
"Okay, yes, we'll be right, we'll be right down.",Neutral,MELD
Thank you.,Neutral,MELD
Okay. Lets bring it in.,Neutral,MELD
"Wait no, honey, honey throw it to me, throw it to me.",Neutral,MELD
Here you go.,Neutral,MELD
That almost hit me in the face.,Anger,MELD
"Well, if the magician can open my beer with his but cheeks, then all right.",Neutral,MELD
Hey!,Joy,MELD
Hey!,Joy,MELD
Yknow Im-Im really glad we decided not to sleep together before the wedding.,Joy,MELD
"Oh boy, me too!",Joy,MELD
Yknow I was thinking if we had aa big fight and uh we broke up for a few hours,Neutral,MELD
Yeah?,Fear,MELD
"Technically we could have sex again. What do you think, bossy and domineering?!",Neutral,MELD
"The wedding is off, sloppy and immature!",Anger,MELD
Thats me! Come on!,Joy,MELD
"Okay.  But wait, we cant. My Cousin Cassie is in the guest room, were supposed to have lunch.",Neutral,MELD
"Well, get rid of her, obsessive and shrill.",Neutral,MELD
Shrill?! The wedding is back on!,Anger,MELD
I thought I heard voices. You must be Chandler.,Neutral,MELD
Hi! Nice to meet you!,Joy,MELD
Nice to meet you too.,Neutral,MELD
"So, are you ready to go?",Neutral,MELD
Yeah.,Neutral,MELD
Chandler!,Anger,MELD
Ill be right with you.,Neutral,MELD
"Th-th-that's all it is, a third nipple.",Neutral,MELD
Just your run-of-the-mill third nipple.,Neutral,MELD
You can take it off.,Neutral,MELD
Just slice that baby right off!,Fear,MELD
"Take your shirt off, and let's see what we're dealing with here.  What are you doing?",Neutral,MELD
Just showing you my run-of-the-mill-slice-it-right-off third nipple.,Neutral,MELD
Well that's not a third nipple.,Neutral,MELD
No?,Surprise,MELD
"First of all, it's on your ass.",Neutral,MELD
"Well then, what is it?!",Surprise,MELD
"Wait a minute, hold it.  Johnson! Will you come in here a moment?",Neutral,MELD
I'm with Hamilton!,Neutral,MELD
"He's good with rear things, bring him in too.",Neutral,MELD
"Umm, this is great wine.",Joy,MELD
"Its from FranceIn EuropeWestern Europe. Yknow umm, a few years ago I actually was backpacking across Western Europe.",Neutral,MELD
Really?,Surprise,MELD
"Uh-hmmWait! It gets better. Um, yeah I was in Barcelona.",Joy,MELD
I studied for a year in Barcelona.,Neutral,MELD
"Anyway, umm so I was um, I was hiking",Neutral,MELD
I love hiking!,Joy,MELD
Oh thats great! I was hiking along the foothills of Mount Tibidaybo,Joy,MELD
"So? Congratulations you two, I didnt even know you got married.",Surprise,MELD
Oh we-we didnt.,Joy,MELD
No-no. We,Fear,MELD
What?!,Surprise,MELD
"Um uhWere-were just having this baby together but uh, uh thats all.",Neutral,MELD
Why?!!,Surprise,MELD
"Uh well ummwere just not in that place, yknow? But were very excited about this.",Neutral,MELD
Oh. Well then shut me up.,Neutral,MELD
Just tell me how.,Neutral,MELD
"Uh-oh, I feel another one coming.",Fear,MELD
"Let it go, Ross.",Neutral,MELD
"Yeah, well, you didn't know Chi Chi.",Neutral,MELD
Do you all promise?,Neutral,MELD
Chandler? Do you promise to be good?,Neutral,MELD
"You can come in, but your filter-tipped little buddy has to stay outside!",Joy,MELD
"Hey, Pheebs.",Neutral,MELD
Dear Ms. Buffay.,Neutral,MELD
Thank you for calling attention to our error.,Neutral,MELD
We have credited your account with five hundred dollars.,Neutral,MELD
"We're sorry for the inconvenience, and hope you'll accept this-  -",Neutral,MELD
"Oh my God, honey we are so meant to be together. We both have copies of the",Neutral,MELD
"Honey, both yours.",Neutral,MELD
Hey! Great advice on that Joey thing!,Joy,MELD
Yeah? The work problem?,Neutral,MELD
Oh it was perfect! I mean it really felt like he was my friend again.,Joy,MELD
What problem did you tell him you had?,Neutral,MELD
"Oh thats not important. The point is, I reallyI think everythings gonna be okay.",Neutral,MELD
"Okay, Ive got some Ones, you wanna put them in her panties?",Neutral,MELD
"No thanks, Mom!",Disgust,MELD
"Ha-ha, its not my baby, ha-ha-ha!",Anger,MELD
"Very good,  so good.",Joy,MELD
"I really, really enjoyed it. Very exotic.",Joy,MELD
"Well, I just checked our messages and Joshua didnt call.",Sadness,MELD
I mean youd think hed be worried about me not showing up at his club.,Sadness,MELD
"Ugh, you know what makes it so much worse, Ross is all happy in Vermont!",Sadness,MELD
Come on! Look where you are!!,Joy,MELD
"When you get a sec, another round of daiquiris.",Neutral,MELD
"Remember, a virgin for me please.",Neutral,MELD
Oh! And dont let me leave without getting the name of that carpet guy.,Neutral,MELD
"Ahh, come on! Yknow whatyknow what, I think Im just gonna go home and call Kathy.",Neutral,MELD
"Well, if you think it will help.",Neutral,MELD
No!,Anger,MELD
That was a test!,Fear,MELD
In a couple of hours Im gonna get really drunk and wanna call Kathy and you guys are gonna have to stop me!,Fear,MELD
"And then after that, Im gonna get so drunk, Im gonna wanna call Janice",Fear,MELD
You should! How is she?,Surprise,MELD
Ohhh!!,Anger,MELD
I think somebody needs another lap dance.,Joy,MELD
"All right, I definitely taste nutmeg.",Neutral,MELD
You do?,Surprise,MELD
"You dont?  Well, thats the difference between a professional and a layman.",Surprise,MELD
That and arrogance.,Anger,MELD
Hey.,Neutral,MELD
Hey! How was sailing?,Joy,MELD
Wow thanks!,Joy,MELD
Joe?,Fear,MELD
Yeah!,Joy,MELD
"Uh, youve had a lot of sex right?",Neutral,MELD
"When? Today? Some, not a lot.",Surprise,MELD
"Well, its just the reason that Im asking is because I kind of eh, uh, I was unable toI mean I really wanted to, but I couldnt.",Fear,MELD
"There huhhmm, there-there was an incident.",Fear,MELD
"Dont worry about that man, that happens.",Neutral,MELD
Its happened to you?,Surprise,MELD
Yeah! Once.,Neutral,MELD
"Well, whatd you do?",Surprise,MELD
I did it anyway.,Neutral,MELD
Sup? Sup dude?,Neutral,MELD
"Take whatever you want, just please dont hurt me.",Fear,MELD
So youre playing a little,Neutral,MELD
"Yes, on a scale from 1 to 10, 10 being the dumbest a person can look, you are definitely 19.",Disgust,MELD
"Come on man, really how old?!",Surprise,MELD
"Young! Youre a man-child okay?! Now go get changed because everybodys ready and please, oh please, keep my underwear!",Disgust,MELD
And they knew about it?,Surprise,MELD
"Okay, well Ross, what is this really about?",Surprise,MELD
"Look, this is my home and I want to be able to come and go whenever I want!",Anger,MELD
"Okay, I will find someplace else to do the rest of my appointments. I just dont know what the big deal is!",Anger,MELD
"The big deal is I dont want naked, greasy strangers in my apartment when I want to kick back with a puzzlebeer! Cold beer.",Disgust,MELD
"Okay, look, he's not gonna hurt them, right?",Neutral,MELD
Do you always have to bring him here?,Anger,MELD
I didn't wanna leave him alone.,Neutral,MELD
Alright?,Neutral,MELD
We- we had our first fight this morning.,Neutral,MELD
I think it has to do with my working late.,Neutral,MELD
"I said some things that I didn't mean, and he- he threw some faeces...",Neutral,MELD
"Y'know, if you're gonna work late, I could look in on him for you.",Neutral,MELD
"Oh, that'd be great!",Joy,MELD
"Okay, but if you do, make sure it seems like you're there to see him, okay, and you're not like doing it as a favour to me.",Neutral,MELD
"Okay, but if he asks, I'm not going to lie.",Neutral,MELD
Check this out.,Neutral,MELD
It says here that theres a place you can go to rent videos of all the museums!,Surprise,MELD
"""Its almost as good as being there.""",Neutral,MELD
Its better! You cant go to a museum in your underwear!,Joy,MELD
Oh-ho! I bet the British version is gooooood!,Joy,MELD
"Uh, may I help you?",Neutral,MELD
"Yeah, I talked to you on the phone, Im the lady that got stuck with the racecar bed.",Neutral,MELD
"Look, its like I told you, theres nothing I can do. You signed for it, Monica Velula Geller.",Neutral,MELD
"All right, Jester man, look we wanna see the king.",Neutral,MELD
Nobody sees the king!,Anger,MELD
"Oh-ho-kay, Im talking to the king.",Neutral,MELD
Hey! You cant go back there!,Surprise,MELD
Oh my God.,Surprise,MELD
"So, this must be kinda neat for ya, huh?",Neutral,MELD
"I mean, your Dad tells me that you get a couple of days off school, and you, you ah, dont have to sell those cookies anymore.",Neutral,MELD
"Well, I kinda wanted to sell the cookies. The girl who sells the most wins a trip to Spacecamp, and gets to sit in a",Sadness,MELD
"Wow, you ah, you really like all this space stuff, huh?",Surprise,MELD
Yeah.,Neutral,MELD
"My Dad says if I spend as much time helping him clean apartments, as I do daydreaming about outer space, hed be able to afford a trip to the Taj Mahal.",Neutral,MELD
I think you would have to clean a whole lot of apartments to go all the way to India.,Neutral,MELD
"No. The one in Atlantic City, Dad loves the slots. He says hes gonna double the college money my Grandma left me.",Sadness,MELD
"Oh, um, I dont know if thats a good idea.",Joy,MELD
"Oh. Look, just friends, I wont grope you. I promise.",Neutral,MELD
"No, I just I think that its too soon.",Joy,MELD
"No its not too soon, I had lunch at a eleven.",Neutral,MELD
I invented the game of Cups as a way to give Joey money.,Neutral,MELD
And now you want that money back.,Surprise,MELD
Exactly.,Neutral,MELD
"Chandler, what kind of an idiot do you take me for?",Joy,MELD
Its not a real game! I made it up!,Anger,MELD
"Im sorry you lost your money, but I won it fair and square.",Joy,MELD
I don't know.,Neutral,MELD
But I can see through your sheet.,Neutral,MELD
"Yeah, yeah, that's her.",Neutral,MELD
But y'know what?,Neutral,MELD
"Doesn't matter, I'm never gonna get to meet her anyway.",Sadness,MELD
Why?,Neutral,MELD
"Because it's impossible to find her apartment! She lives in some like of hot girl parallel universe, or something.",Sadness,MELD
"What are you talking about?  She obviously lives on the second floor, seventh apartment from the left!",Surprise,MELD
No. No. No. She lives on the,Neutral,MELD
"No, those first two windows,  that's the lobby.",Neutral,MELD
"And y'know the other one over there, that's the stairway.",Neutral,MELD
You've been counting wrong.,Neutral,MELD
I did,Anger,MELD
"Monica, betting the apartment, I dont know about this.",Fear,MELD
"Rachel, I have not missed one question the whole game. I own this game! Look at my hand.",Joy,MELD
Why? Do you have the answers written on there?,Surprise,MELD
"No! Steady as a rock! Now, are you with me.",Neutral,MELD
"All right, lets do it.",Fear,MELD
"All right, gentlemen, youre up first.",Neutral,MELD
Okay.,Neutral,MELD
Okay.,Neutral,MELD
You have 30 seconds. And the lightning round beginsstop it now. What was Monicas nickname when she was a field hockey goalie?,Neutral,MELD
Big fat goalie.,Neutral,MELD
Correct. Rachel claims,Neutral,MELD
Dangerous Liaisons,Neutral,MELD
Correct. Her actual favorite movie is...,Neutral,MELD
Weekend at Bernies,Neutral,MELD
"Well, look, why dont you just, why dont you do your Phase Two strip club thing with us.",Neutral,MELD
"Yeah, come on, we can be guys!",Joy,MELD
No you cant.,Joy,MELD
"You dont want to be guys, youd be all hairy and wouldnt live as long.",Disgust,MELD
"Yknow you, you just stop being such a wuss and get those off and you come with us and watch naked girls dance around!!",Anger,MELD
Okay.,Neutral,MELD
Im sorry.,Sadness,MELD
"And y'know what, I just realised, in the last year Ive only gone out with two guys, Richard and Julio.",Surprise,MELD
"You gotta help me out here, you gotta set me up, you gotta get me back in the game.",Fear,MELD
"Well, that shouldnt be a problem. I mean I work in fashion and all I meet are eligible straight men.",Neutral,MELD
"Pete, can I get you something else?",Neutral,MELD
"Yeah, a slice of cheesecake and-and a date if youre given em out.",Neutral,MELD
Havent you and I covered that topic?,Neutral,MELD
"Hmm, come on, you just said to her that you.",Neutral,MELD
"Aww, the only reason you want to go out with me because my blond wig, and the big boobs, and the fact that I serve you food.",Joy,MELD
"Well, if that were true, Id dating my Aunt Ruth.",Joy,MELD
And the two times we went out were just plain awkward.,Disgust,MELD
"Come on, you think she should go out with me, dont you?",Neutral,MELD
"Well, I mean, are you sure you want to go out with her?",Neutral,MELD
"I mean that aint a pretty picture in the morning, yknow what I mean.",Disgust,MELD
"That wig all in disarray, and boobs flung over the night stand, y'know.",Disgust,MELD
"I mean really, think about it.",Neutral,MELD
"Ho-ho, I will.",Neutral,MELD
I believe I read that somewhere!,Surprise,MELD
"That only is not funny, it's physically impossible!",Anger,MELD
Okay?,Anger,MELD
Depending    on the species I'd have to have a six foot long...,Anger,MELD
It's not funny!,Anger,MELD
I respectfully disagree.,Neutral,MELD
I can't believe you put that on my alumni page!,Anger,MELD
Who cares? Nobody reads those things,Neutral,MELD
You'd better hope not because I just read what you put on your    page today.,Anger,MELD
I don't have a page.,Neutral,MELD
Oh oh oh! I RESPECTFULLY DISAGREE!!,Anger,MELD
I know I miss you too. I can't wait to see you. I love you. Bye.,Joy,MELD
"Okay, what is in here? Rocks?",Surprise,MELD
"No-no, this is my collection of fossil samples.",Neutral,MELD
"So, rocks.",Disgust,MELD
"I'm really gonna miss this apartment. Y'know, Ben-Ben took his first steps right over there.",Sadness,MELD
"Ohh. Hey, remember when I ran into this thing  and it kinda knocked me out a little?",Joy,MELD
"I loved this place! To tell you the truth, I wish I didn't have to move.",Joy,MELD
"Uhh, are you saying that you're not entirely happy about this?",Surprise,MELD
"Well, I mean if uh, if Emily gave me a choice",Sadness,MELD
You,Neutral,MELD
Why?,Neutral,MELD
"Hey, you guys! Look what I found in the giiiiiiift shop.  Get up! Get up! Get up!",Joy,MELD
"I left a bra drying on the shower rod, you dont think your son will think its yours and be horribly traumatised?",Joy,MELD
"Hey, if mommy can have a wife, daddy can have a bra.",Neutral,MELD
"Ohh, its time to go.",Neutral,MELD
"Oh, no-no-no, see, that-that clocks a little fast, uh, we have 17 minutes.",Neutral,MELD
"Huh, what can we do in 17 minutes?",Neutral,MELD
Twice?,Neutral,MELD
Well thats ambitious.,Neutral,MELD
"Hey, uh, you can ignore that.",Neutral,MELD
Thats Carol with your son!,Surprise,MELD
"Mornings here! Sunshine is here! The sky is clear, the mornings here! The mornings here!",Joy,MELD
HEY!! Do you,Anger,MELD
Oh come on! Mornings here!  Mornings here! The morning is here! Sunshine is here!,Joy,MELD
I,Neutral,MELD
Are you kidding? I love that guy!  Mornings here! Morning is here,Joy,MELD
Stop it! I will kill you. I hate the fact that my room is so small.,Anger,MELD
"Hey, I have all the space I need. Just do what I did.",Neutral,MELD
"Monica, you dont even have a bed, you sleep in a ball on the floor!",Anger,MELD
Yknow what? I am,Neutral,MELD
Im sorry. Im so sorry.,Sadness,MELD
Okay.,Neutral,MELD
"See, this is a",Neutral,MELD
Shut up! This place is a hole!,Anger,MELD
"All right buddy, time to roll over.",Neutral,MELD
No-no!,Fear,MELD
"No, no-n-n-n-no!!",Fear,MELD
You are going to a clinic!,Disgust,MELD
"Youre going to a clinic, and a pyjama store!",Disgust,MELD
Are you under the sheet?,Neutral,MELD
Yes.,Neutral,MELD
"Great, lets begin.  Hows the pressure?",Joy,MELD
Nice! Wow Phoebe you are good!,Joy,MELD
"Stating the obvious, but thank you. And its not weird is it.",Joy,MELD
No. Ooohh,Joy,MELD
"Thats right, you just enjoy.",Neutral,MELD
Oh. Oh yeah! Ohhhhh! Ohh! Oh yeah!,Joy,MELD
Okay.,Neutral,MELD
Oh God Phoebe!!  Oh thats it! Thats it! Right there! Oh!  Ooooh-oooh-ooooh,Joy,MELD
Become a drama critic!,Joy,MELD
I am hurt!  A plague on both your houses!,Sadness,MELD
"By the way, he dumped me tonight after he read my review.",Sadness,MELD
"Oh, classy.",Disgust,MELD
"Yep! I sure know how to pick em, huh? Y'know I gave up a part on a soap for this!",Sadness,MELD
"Wow! Yeah I ah, I gave up a job too.",Anger,MELD
Really. What?,Surprise,MELD
"Uh, de-clawing cats.",Anger,MELD
"Hey, tell ya what.",Neutral,MELD
Let me walk you home.,Neutral,MELD
Well stop by every news stand and burn every copy of their Times and the Post.,Anger,MELD
Why the Post?,Surprise,MELD
"Oh, you didnt see the Post?",Surprise,MELD
No. You?,Neutral,MELD
No. Why?,Neutral,MELD
Hi Joey! What are you doing here?,Joy,MELD
"Uhh, well Ive got an audition down the street and I spilled sauce all over the front of my shirt.  You got an extra one?",Neutral,MELD
"Yeah, sure. Ummhere.",Neutral,MELD
Great.  You got anything thats not,Disgust,MELD
"Yeah, I dont think so Joe.",Neutral,MELD
"All right, I guess this will be fine.",Neutral,MELD
"Hey, listen umm, what-what are you doing tonight?",Neutral,MELD
"Nothing, why?",Neutral,MELD
How would you feel about taking out my assistant Tag? Ill pay.,Neutral,MELD
"Huh, Rach I got to say its gonna take a lot of money for me to go out on a date with a dude.",Disgust,MELD
Im not asking you to go on a,Neutral,MELD
Really? Cause I could kinda use the money.,Surprise,MELD
"Joey, just-just he-hes new in town and I know he doesnt have any guy friends.",Neutral,MELD
Just take him to like a ball game or something.,Neutral,MELD
Ill really appreciate it.,Neutral,MELD
"Yeah, okay.",Neutral,MELD
Yeah?,Surprise,MELD
"Sure, no problem.  OohHey, donuts!",Joy,MELD
"Problem odour in the litter box? Dont change your kitty, change your kitty litter.",Neutral,MELD
"Sorry, Pheebs.",Sadness,MELD
Yeah. You okay?,Neutral,MELD
"No! Sorry, I just thought you were somebody else. Hi!",Surprise,MELD
"Hi. Well, look, I was just gonna leave a message, isnt tonight your, your big anniversary dinner?",Neutral,MELD
"Yeah. Well, umm.....",Sadness,MELD
"Rach, are you okay?",Surprise,MELD
"Yeah, Im fine.",Sadness,MELD
"You wanna talk, I mean I can come over?",Neutral,MELD
"No! Really, no, please, please, thats, thats okay.",Sadness,MELD
"All right, all right, Im coming over, and Im bringing Chinese food.",Neutral,MELD
"Oh, yeah, Im not, Im not hungry.",Sadness,MELD
Its for me.,Neutral,MELD
"Oh. Okay, bye.",Neutral,MELD
"Come on, pick up, pick up!",Fear,MELD
Hello?,Neutral,MELD
Transit Authority?,Neutral,MELD
"Yes, hello.",Neutral,MELD
"I'm doing research for a book, and I was wondering what someone might do if they left a baby on a city bus.",Neutral,MELD
"Hi, here's the deal.",Neutral,MELD
We lost a carseat on a bus today.,Neutral,MELD
"It's white plastic, with a handle, and it fits onto a stroller.",Neutral,MELD
"Oh, and there was a baby in it.",Neutral,MELD
He wants to talk to you again.,Neutral,MELD
Hello.,Neutral,MELD
Im sorry Im a little late.,Neutral,MELD
Whoa,Surprise,MELD
"Let me start by uh, by introducing myself, I am Professor Geller.",Neutral,MELD
"So to sum up, Im Professor Geller.",Neutral,MELD
"Good evening, sir.",Neutral,MELD
My name is Ross Geller.,Neutral,MELD
I'm one of the people who applied for the apartment.,Neutral,MELD
And I-I realize that the competition is fierce butI'm sorry.,Neutral,MELD
"I, I can't help but notice you're naked and  I applaud you.",Joy,MELD
"Man, I wish I was naked.",Neutral,MELD
"I mean, this-this looks so great.",Joy,MELD
That is how God intended it.,Neutral,MELD
"Okay, I have to tell you something that I have never admitted during our entire friendship!",Anger,MELD
"But, when we were in high school I made out with James Farrell even when I knew that you liked him!",Anger,MELD
"Wow, that feels so good to get off my chest!",Joy,MELD
"Okay, you go!",Anger,MELD
My turn? What-what are you talking about?,Surprise,MELD
"Ugh, Monica, I know about you and Chandler.",Disgust,MELD
What?!,Surprise,MELD
"I overheard you guys on the phone the other day, and you said, ""I'll just tell Rachel that I'm doing laundry for a couple of hours.""",Neutral,MELD
"And he said, ""Laundry?",Neutral,MELD
Is,Neutral,MELD
Well. Sounds like you're writing yourself a little play there Rach. Wow! Let me know how that one turns out.,Joy,MELD
"Well, I wouldn't know because I got so freaked out that I hung up the phone.",Anger,MELD
"Well, if you had kept listening, you-you would have heard me call him Mr. Bigot.",Neutral,MELD
What?!,Surprise,MELD
Mr. Bigot. He tells the most,Neutral,MELD
All right. So you're telling me that there is nothing going on between you and Chandler.,Anger,MELD
Me and Chandler?!,Surprise,MELD
"I really thought you making a good point. I mean y'know, until you got cut off.",Neutral,MELD
"Yeah, what's up with that girl Monica?",Neutral,MELD
I don't know! I didn't come with her!,Anger,MELD
All right everybody! Everybody guess what? I just convinced Paul to give us a test next week!,Joy,MELD
A test?!!,Surprise,MELD
Come on! Tests make us all better learners! Oh yeah!  We should have essay questions!!,Joy,MELD
"Okay Ive got one for you, if you had too which one would you rather eat, a seeing eye dog or a talking gorilla?",Neutral,MELD
"Id have to saythe talking gorilla, because at least I can explain to him that youre making me eat him.",Neutral,MELD
Somebody went to college. Wow.  What is it? Im sorry.,Surprise,MELD
"Okay, I hear you loud and clear. Bob will stay put.",Neutral,MELD
I think its best sir.,Neutral,MELD
But we really do need to find someone up here.,Neutral,MELD
The work is starting to pile up.,Neutral,MELD
Ive got a stack of documents on my desk this high.,Neutral,MELD
"Yknow what you should do, just toss em in the shedder and claim you never got em.",Neutral,MELD
Thats a good one.,Neutral,MELD
What does a guy have to,Neutral,MELD
"Yeah, yeah, everybody's here. Hey, everybody, say hi to Julie in New Mexico.",Neutral,MELD
"Hi, Julie!",Joy,MELD
Isnt there a national football league.,Neutral,MELD
"Yes. Yes, there is, they play on Sundays and Monday nights.",Neutral,MELD
Oh shoot! I work Monday nights.,Sadness,MELD
"Umm, this stuffing is amazing. Do you think we should bring them some?",Joy,MELD
"When theyre hungry enough, theyll come in.",Neutral,MELD
"Hey Joey, you wanted to talk to me?",Neutral,MELD
"I dont know. You uh, you got something for me?",Neutral,MELD
"Oh, yeah, this is from Rachel.",Neutral,MELD
Ten. Okay. Now Tag theres such a thing as too many women.,Neutral,MELD
Really?,Surprise,MELD
"Yeah, for you!",Joy,MELD
"Oh, Danielle! I wasn't expecting the machine... Give me a call when you get a chance.  Bye-bye.  Oh God!",Surprise,MELD
That's,Neutral,MELD
"Hey, I've been honing!",Anger,MELD
What was with the dishes?,Neutral,MELD
"Oh, uh..",Fear,MELD
I want her to think I might be in a restaurant.. y'know?,Fear,MELD
"I might have some kind of life, like I haven't been sitting around here honing for the past few hours.",Anger,MELD
"Look look! He's doing it again, the guy with the telescope!",Surprise,MELD
Oh my God!  Go away!  Stop looking in here!,Anger,MELD
"Great, now he's waving back.",Disgust,MELD
"Man, we gotta do something about that guy.",Disgust,MELD
"This morning, I caught him looking into our apartment.",Disgust,MELD
It creeps me out!,Anger,MELD
I feel like I can't do stuff!,Anger,MELD
What kinda stuff?,Joy,MELD
"Will you grow up? I'm not talking about sexy stuff, but, like, when I'm cooking naked.",Disgust,MELD
You cook naked?,Surprise,MELD
"Yeah, toast, oatmeal... nothing that spatters.",Neutral,MELD
What are you looking at me for? I didn't know that.,Surprise,MELD
Y'know they say a watched pot never beeps.,Neutral,MELD
"Its just y'know, been a couple of hours, and she hasnt called. Not that I even care, y'know.",Sadness,MELD
Phoebe why dont you just call her? You obviously want to.,Neutral,MELD
You think you know me so well.,Anger,MELD
"Well, dont cha wanna?",Neutral,MELD
Yeah.,Neutral,MELD
"Okay, well I do know you.",Neutral,MELD
Thats what I said.,Neutral,MELD
Well so?,Neutral,MELD
I cant.,Sadness,MELD
I cant.,Sadness,MELD
"She dumped me, I mean I totally trusted her and then one day it was Okay, bye Pheebs gone.",Sadness,MELD
"Y'know what the saddest part is, when we were playing together, that was like the most fun Ive ever had in like all my lives.",Sadness,MELD
"Ok, bye.  Well, Monica's not coming, it's just gonna be me and Rachel.",Neutral,MELD
"Oh. Well, hold on camper, are you sure you've thought this thing through?",Neutral,MELD
It's laundry. The thinking through is minimal.,Neutral,MELD
"It's just you and Rachel, just the two of you? This is a date. You're going on a date.",Joy,MELD
Nuh-uh.,Fear,MELD
Yuh-huh.,Joy,MELD
"So what're you saying here? I should shave again, pick up some wine, what?",Surprise,MELD
"Well, you may wanna rethink the dirty underwear.",Disgust,MELD
This is basically the first time she's gonna see your underwearyou want it to be dirty?,Surprise,MELD
No.,Neutral,MELD
"Oh, and uh, the fabric softener?",Neutral,MELD
"Ok, ok, now what is wrong with my",Anger,MELD
"Ok, so it's just because it was my table, I have to buy a new one?",Anger,MELD
That's the rule.,Neutral,MELD
"What rule? There's no rule, if anything, you owe me a table!",Anger,MELD
How'd you get to that?,Anger,MELD
"Well, I believe the piece of furniture was fine until your little breakfast adventure with Angela Delvecchio",Anger,MELD
You knew about that?,Surprise,MELD
"Well, let's just say the impressions you made in the butter left little to the imagination.",Disgust,MELD
"Ok, ok, How about if we split it?",Neutral,MELD
"What do you mean, like, buy it together?",Neutral,MELD
Yeah,Neutral,MELD
You think we're ready for something like that?,Neutral,MELD
Why not?,Neutral,MELD
"Well, it's a pretty big commitment, I mean, what if one of us wants to move out?",Neutral,MELD
"Why, are you moving out?",Surprise,MELD
I'm not moving out.,Neutral,MELD
You'd tell me if you were moving out right,Fear,MELD
"Yeah, yeah, it's just that with my last roommate Kip...",Neutral,MELD
"Aw, I know all about Kip!",Anger,MELD
"It's just that we bought a hibachi together, and then he ran off and got married, and things got pretty ugly.",Anger,MELD
"Well, let me ask you something, was Kip a better roommate than me?",Sadness,MELD
"Aw, don't do that",Sadness,MELD
"Ooh, oh no! I have to go! I have a massage appointment.",Sadness,MELD
"Oh no, stay here well keep doing this. Ill pay you.",Neutral,MELD
"No, I got in trouble for that before. Ill see you later.",Neutral,MELD
Absolutely.  I love the way you kiss.,Joy,MELD
Oh my God! Oh my God! Im so sorry!,Fear,MELD
"Aw forget it, its from",Neutral,MELD
You think you can knock up my daughter and then not marry her?! Im gonna kill you!!,Anger,MELD
Yknow this is actually not a great time for me.,Sadness,MELD
"Okay! So, well just stay married.",Joy,MELD
"Yes, exactly!",Joy,MELD
And I will make everyone call me Mrs. Geller!,Joy,MELD
"Wow! This is so amazing. I uh, I really thought Id have to talk you into this more.",Joy,MELD
What-wh-what so well just stay married forever?!,Surprise,MELD
"Okay, look, how is this gonna affect you?",Neutral,MELD
Really?,Anger,MELD
I mean you fill some form out once and a while and instead of checking the box that says Ms you check the box that says Mrs.!,Joy,MELD
Its,Neutral,MELD
"Ohh, okay, Im sorry.",Sadness,MELD
Youre right.,Neutral,MELD
Yknow what?,Neutral,MELD
Im asking you to do me a favor.,Neutral,MELD
You are asking me to be your wife!,Anger,MELD
And as my wife I think you should grant me this favor.,Neutral,MELD
Oh my God!,Surprise,MELD
"I know, I know, I'm such an idiot.",Joy,MELD
"My brother's going through that right now, he's such a mess. How did you get through it?",Neutral,MELD
"Well, you might try accidentally breaking something valuable of hers, say her-",Neutral,MELD
-leg?,Neutral,MELD
"That's one way! Me, I- I went for the watch.",Neutral,MELD
You actually broke her watch?,Surprise,MELD
"Barry, I'm sorry...",Sadness,MELD
I am so sorry...,Sadness,MELD
"I know you probably think that this is all about what I said the other day about you making love with your socks on, but it isn't... it isn't, it's about me, and I ju-  Hi, machine cut me off again... anyway...",Sadness,MELD
"No real-, honey, really its fine, just g-go with Susan.",Neutral,MELD
"Really, I, no, I think girls night out is a great idea.",Joy,MELD
"Okay, okay, bye",Neutral,MELD
So what are they doing?,Neutral,MELD
"I dont know, something girlie.",Joy,MELD
"Hey, youre early.",Neutral,MELD
What are you doing with the lamp?,Surprise,MELD
Im just taking it to be re-wired.,Neutral,MELD
"Oh, well dont take it to the same place you took the stereo, cause theyve had that thing for over a week.",Disgust,MELD
"No, no, Mr. Heckles no one is making any noise up here.",Neutral,MELD
Youre disturbing my oboe practice.,Anger,MELD
You dont play the oboe!,Anger,MELD
I could play the oboe!,Anger,MELD
Ohhh! That is soo sweet!,Joy,MELD
"Okay, okay look, I know I'm being Mr. Inappropriate today, but it's just so tough, I mean see you walking around and I just wanna touch you and hold you, come on no one's around, just, just kiss me.",Joy,MELD
"All right that's, that's it!! Get off her!",Anger,MELD
What is going on?,Surprise,MELD
What's going on?!  That's what's going on!!,Anger,MELD
Ross!,Surprise,MELD
I have been down in your store for twenty minutes trying to get a tie!,Anger,MELD
What do I have to do to get some service?!,Anger,MELD
Hi Rach.,Neutral,MELD
Ross?,Neutral,MELD
Yeah?,Neutral,MELD
Hey its Mona! From the wedding.,Joy,MELD
Oh hi!,Joy,MELD
Hi!,Joy,MELD
Wow! Uhhow are you?,Surprise,MELD
"Im good except umm, you still owe me a dance.",Neutral,MELD
"Oh thats right. Well uh, would you be interested in seeing a Ukrainian film?",Joy,MELD
Oh youre serious. Sure!,Surprise,MELD
Great! Well umm,Joy,MELD
I think I might need one more cup of coffee.,Neutral,MELD
"Sure! Uh, let me get it for ya.",Neutral,MELD
Okay.,Neutral,MELD
"Look, I feel really bad about how I freaked you out before, so I called the father and asked him to meet you here so you can tell him.",Sadness,MELD
Go!,Anger,MELD
"What? Hey wait a minute! Phoebe, how do you even know who the father is?",Surprise,MELD
"I may play the fool at times, but Im a little more than a pretty blond girl with an ass that wont quit.",Anger,MELD
I believe this belongs to the father of your baby.,Neutral,MELD
"Oh God Oh, hes in there right now?",Surprise,MELD
Uh-huh. Now you can turn around or you can go in there and rip the Band-Aid off. What to you want to do?,Neutral,MELD
"Uh, lets rip!",Fear,MELD
Really? Are you sure?,Surprise,MELD
Oh Phoebe!,Joy,MELD
"Okay, sorry. Yeah.",Neutral,MELD
Hey Rach.,Neutral,MELD
"Hey, thank you so much for these tickets, Chandler.",Joy,MELD
"Oh well, this was a really important experience for me, and    I wanted to share it with you.",Joy,MELD
"Oh, you're so wonderful.",Joy,MELD
"It can’t be me, I’m standing right here.",Neutral,MELD
Wanna peek?,Neutral,MELD
No!,Disgust,MELD
Come on!,Surprise,MELD
We’re not peeking?,Sadness,MELD
Well I’m peeking.  Oh my God!,Surprise,MELD
"Hello sir, you know Monica.",Neutral,MELD
Chandler is fantastic!!,Joy,MELD
What?!,Surprise,MELD
Yknow how people just click?,Joy,MELD
"Like he came by to pick me up, and I opened the door, and it was just like, click!",Joy,MELD
Did he tell you?,Surprise,MELD
"Oh, and hes got such a good heart! Doesnt he have a good heart?",Joy,MELD
"Oh, I know...",Joy,MELD
"Oh, I know and hes soo sweet! Listen, he said he was going to call, so put him straight through.",Joy,MELD
Isnt this great?!,Joy,MELD
Dont spoil it.,Neutral,MELD
Hi.,Neutral,MELD
"Hi, sweetie!",Joy,MELD
Hello.,Neutral,MELD
"Hi, Ross.",Neutral,MELD
"Yeah, huh.",Neutral,MELD
I?ve got some bad news.,Sadness,MELD
What?,Fear,MELD
"I can get a quick bite to eat, but then I have to come back up here.",Neutral,MELD
"Come on sweetie! You?ve had to work late every night for the past two weeks, what is it this time?",Sadness,MELD
"But work comes first!  Oh hey, but that?s sad about you though, what happened? Burn out? Burn all out, did ya?",Joy,MELD
"Nooo, he?s leaving for a better job.",Neutral,MELD
"Oh well that?s great, so I guess this is ah, this is good bye then. Huh?  Good bye.",Joy,MELD
"Okay, then.",Neutral,MELD
Okay.,Neutral,MELD
Well we?re gonna miss you around here.,Sadness,MELD
"Yeah, me too.",Sadness,MELD
"So, see ya on Saturday.",Neutral,MELD
"Yeah, you bet.",Neutral,MELD
Whazzup??,Neutral,MELD
"Seriously dude, 3 years ago.",Joy,MELD
"Listen, can you do me a favor?",Neutral,MELD
I'm gonna be out today.,Neutral,MELD
"Can you    just keep an eye on Joey, make sure nothing happens between him and Molly?",Neutral,MELD
You don't trust him?,Surprise,MELD
I think the check in is that way.,Neutral,MELD
Ahh.,Neutral,MELD
"Monica face it, Chandler is against marriage. And-and always will be!",Neutral,MELD
Well theres some people who do want to marry me.,Anger,MELD
There are?,Surprise,MELD
Yeah! Richard!,Anger,MELD
R-R-Richard said he wants to marry you?!  And-and Chandlers tellin ya how much he hates marriage?!,Surprise,MELD
Thats right.,Neutral,MELD
Chandler,Neutral,MELD
You just told me that he hates marriage!,Surprise,MELD
That-that hes a-a complex fellow whos unlikely to take a wife!,Anger,MELD
That-that hes against marriage and always will be!,Anger,MELD
You got,Neutral,MELD
"You know you probably didn't know this, but back in high school, I had a, um, major crush on you.",Fear,MELD
I knew.,Neutral,MELD
You did! Oh.... I always figured you just thought I was Monica's geeky older brother.,Surprise,MELD
I did.,Neutral,MELD
Oh.,Sadness,MELD
"Listen, do you think- and try not to let my intense vulnerability become any kind of a factor herebut do you think it would be okay if I asked you out?",Fear,MELD
Sometime?,Neutral,MELD
Maybe?,Neutral,MELD
"Yeah, maybe...",Joy,MELD
"Okay... okay, maybe I will...",Joy,MELD
"Well, I just thought itd make me feel good to do something nice for my friend.",Neutral,MELD
"Well, youre amazing.",Joy,MELD
Oh no-no-no.,Neutral,MELD
"A TV as if it appears from nowhere! Thats the dream! Man, how did you afford this stuff?",Surprise,MELD
"Well, yknow Im 29. I mean who needs a savings account.",Neutral,MELD
"Oh, you are the best friends anyone has ever had.",Joy,MELD
"Oh, I dont know.",Fear,MELD
"Oh-no-no-no, you are!",Joy,MELD
"You do this, you give me the great advice, and hey listen, I was thinking about what you said yesterday about focusing on one woman, Im gonna do that.",Joy,MELD
You mean with Casey.,Neutral,MELD
"No-no-no, I think Im gonna see how things go with Kathy. Shes pretty cool.",Neutral,MELD
Or Casey.,Neutral,MELD
"No-no, Kathy.",Neutral,MELD
Could be Casey.,Neutral,MELD
"No. No, Kathy.",Neutral,MELD
Consider Casey.,Neutral,MELD
I think somebodys got a little crush on Casey.,Joy,MELD
How bout I fix you two up?,Joy,MELD
What do you think?,Joy,MELD
That all the pieces of my life are falling right into place!,Joy,MELD
"Hey, anybody got a length of rope about six feet long with a little nouse at the end?",Neutral,MELD
"Honey, whats the matter?",Neutral,MELD
I just saw Janice.,Neutral,MELD
"Cause every time I see your face, I cant help but fall from grace. I know.....",Joy,MELD
Wow! This girl is good.,Surprise,MELD
"Oh-ho yeah! A song with rhyming words. Oo, I never thought of that before.",Anger,MELD
I like her.,Neutral,MELD
Why? Because she can sing and play guitar and do both at the same time?,Neutral,MELD
"Well, thats pretty much all Im looking for from these people.",Neutral,MELD
Look at you. All jealous.,Anger,MELD
"Yeah Pheebs, come on, you two have completely different styles. Y'know, shes more.. y'know, and youre more",Neutral,MELD
Say you'll stay beside me,Sadness,MELD
"Okay, see, see, everyone else is happy shes done.",Anger,MELD
"Okay, my next songs called: Phoebe Buffay, What Can I Say.",Neutral,MELD
"I Really Loved When We Were Singing Partners, And I Shouldnt Have Left You That Way.",Neutral,MELD
"Oh no, one of those look for the hidden meaning songs.",Neutral,MELD
"Yes, hello.",Neutral,MELD
I have a question.,Neutral,MELD
"Umm, I used your pen to draw on my friend's face.",Neutral,MELD
A beard and a moustache.,Neutral,MELD
Thank you.,Neutral,MELD
"No,",Neutral,MELD
What?! What else did he say?,Surprise,MELD
"Umm, he said he thought I was funny.",Neutral,MELD
"So Okay, look-look umm, let's just go downstairs, we'll have some fun, and you will forget all about it.",Neutral,MELD
"Ross, no! There is",Anger,MELD
"Oh, come on! Rach, it's-it's not that bad.",Neutral,MELD
"Ross, I am a human doodle!!",Anger,MELD
"Look, just because some idiot drew on your face doesn't mean you shouldn't have any fun!",Neutral,MELD
"And besides, hey-hey-hey no one is even gonna",Neutral,MELD
"Okay, there was",Neutral,MELD
Come on!,Joy,MELD
"Oh wait, dont you have to pay for your,  Busty Ladies?",Joy,MELD
"No, its okay. Some-some kid asked me to pick it up for him, but I dont",Neutral,MELD
Oh my God!!! What are you doing?!!,Surprise,MELD
"You said, you wanna come in for some lemonade?",Neutral,MELD
So?!,Disgust,MELD
"Whoa, ah!! Were you just gonna give me some lemonade?",Surprise,MELD
Yeah huh!! Cover yourself up!,Disgust,MELD
"Oh right, right.",Neutral,MELD
"I dont believe this! When someone asks you in for lemonade, and to you that means they wanna have sex?",Disgust,MELD
Well usually...yeah!,Surprise,MELD
"Well, not just lemonade, iced tea, sometimes juice.",Neutral,MELD
"Well, sorry, I just, I thought you liked me.",Neutral,MELD
Im such a jerk.,Sadness,MELD
"Its okay. I suppose it could happen to anyone, not anyone I know, but... By the way I can still see it.",Neutral,MELD
Hmmm... this is so nice.,Joy,MELD
"OK, I have a question. Well, actually, it's not so much a question as.. more of a general wondering... ment.",Neutral,MELD
OK.,Neutral,MELD
"OK. Here goes. For a while now, I've been wanting to, um....",Neutral,MELD
Ohhh!!!!,Surprise,MELD
"Yes, yes, that's right...",Neutral,MELD
"Oh, look at the little cat!",Surprise,MELD
What?  Ow!,Surprise,MELD
"Well, I was probably going to do it at some point.",Neutral,MELD
I didn't mean,Neutral,MELD
It's brilliant!,Joy,MELD
"Goodbye Mike, we'll see you at the wedding, fella!",Joy,MELD
"well, we probably won't invite you to the wedding...",Neutral,MELD
"Thank you, Chandler.",Neutral,MELD
Sincerely.,Neutral,MELD
"Well, you're welcome! Glad I could help.",Joy,MELD
"David, I'm pretending to",Neutral,MELD
"Okay, you have 19 questions left. Use them wisely.  Come on Joey! You cant win if you dont ask any",Joy,MELD
What?!,Surprise,MELD
"Well, you promised me a fun road trip!",Joy,MELD
Weve been on the road six hours and youve been asleep for five and a half!,Anger,MELD
We are switching at the next rest stop and,Anger,MELD
All right. All right.,Neutral,MELD
Yeah! And until then you are going to sing to me because the radios broken and you are selfish but have a nice voice.,Anger,MELD
Really? I dont,Surprise,MELD
Sing!!,Anger,MELD
Morning!,Joy,MELD
Everything was delicious!,Joy,MELD
Thank you!,Joy,MELD
It was. The duck in particular was superb.,Joy,MELD
Thank you!    You haven't said anything...,Joy,MELD
Actually I do have one small complaint.,Neutral,MELD
Oh..please!I-I welcome criticism.,Neutral,MELD
The musician right outside the restaurant...it's kind    of a mood-killer!,Sadness,MELD
What musician?,Surprise,MELD
We did?,Neutral,MELD
You owe me 20 bucks.,Joy,MELD
Thank you. Thank you so much!,Joy,MELD
"Chandler, here you go, got your traditional Thanksgiving feast, you got your tomato soup, your grilled cheese fixin's, and your family size bag of Funyuns.",Neutral,MELD
"Wait, wait, Chandler, this is what you're havin' for Thanksgiving dinner?",Surprise,MELD
"What, what, what is it with you and this holiday?",Anger,MELD
"All right, I'm nine years old.",Neutral,MELD
"Oh, I hate this story.",Sadness,MELD
We just finished this magnificent Thanksgiving dinner.,Neutral,MELD
"I have--and I remember this part vividly--a mouthful of pumpkin pie, and this is the moment my parents choose to tell me they're getting divorced.",Sadness,MELD
Oh my god.,Surprise,MELD
Yes. It's very difficult to appreciate a Thanksgiving dinner once you've seen it in reverse.,Sadness,MELD
"Hey, who's this little naked guy?",Surprise,MELD
That little naked guy would be me.,Neutral,MELD
"Aww, look at the little thing.",Surprise,MELD
Who are those people?,Surprise,MELD
Got me.,Surprise,MELD
"Oh, that's Nana, right there in the middle.  'Me and the gang at Java Joe's'.",Neutral,MELD
"Wow, Monica, you look just like your grandmother. How old was she there?",Surprise,MELD
"Let's see, 1939... yeah, 24, 25?",Neutral,MELD
Looks like a fun gang.,Neutral,MELD
"Ooh, look-look-look-look-look! I got Monica naked!",Joy,MELD
"So, whats this about?",Joy,MELD
"Rachel has something that she wants to tell you and umm, I believe that this is your red sweater.",Neutral,MELD
No.  This is my red sweater.,Neutral,MELD
Oh no. Could I get anyone a coffee orpoison? No? Just for me? Okay.,Fear,MELD
Whats going on Rach?,Joy,MELD
"Nothing! Phoebe kinda made a mistake. But yknow you do wear that sweater a lot, are you involved in some kind of dare?",Fear,MELD
"Yknow, Im actually glad Phoebe called.",Joy,MELD
"I know we broke up because you thought I wasnt mature enough, but Ive really grown up and think we should get back together.",Joy,MELD
"Oh, its just not the right time.",Sadness,MELD
It is the right time.,Joy,MELD
Okay.,Neutral,MELD
Kay!,Joy,MELD
in the category of Favorite Returning Male Character the nominees are: John Wheeler from,Neutral,MELD
What the?!,Surprise,MELD
Yeah.,Neutral,MELD
"Youre an Aquarius, huh?",Neutral,MELD
I bet youre a Gemini.,Neutral,MELD
Nope.,Neutral,MELD
Taurus?,Neutral,MELD
Nope.,Neutral,MELD
Virgo?,Neutral,MELD
Nope.,Neutral,MELD
Sagittarius?,Neutral,MELD
Yep.,Neutral,MELD
"I knew it! I knew it, ahh.",Joy,MELD
Youre not gonna speed anymore right?,Neutral,MELD
I wont speed.,Neutral,MELD
And you promise youll get this taken care of right away?,Neutral,MELD
I promise.,Neutral,MELD
And in the meantime you better let him drive. Does he have a license?,Neutral,MELD
Yeah!,Neutral,MELD
Can he handle the stick?,Neutral,MELD
Oh well,Neutral,MELD
I can handle the stick!!,Anger,MELD
Hey!,Joy,MELD
I cant believe this is taking so long. How are you doing?,Sadness,MELD
Oh not bad. Do you know that feeling when youre trying to blow a Saint Bernard out your ass?,Sadness,MELD
Weirdest thing. Did I hearMother of God its true!,Surprise,MELD
Chandler Bing!,Surprise,MELD
Janice,Surprise,MELD
"Not just Janice, Janice in labor, contracting and everything.",Joy,MELD
"Oh, this should be easy. I have a very wide pelvis. You remember Chandler.",Neutral,MELD
Janice I didnt even know you were pregnant! Whos the unwitting human whos essence youve stolen?,Surprise,MELD
Its you. This is yours.,Neutral,MELD
What?!,Surprise,MELD
Look how nervous he gets! We havent slept together in years!,Joy,MELD
Thats funny. Does it-does it hurt? Does the labor hurt?,Fear,MELD
"Man, Im starving! What the hell was I thinking at dinner?! ""Do you want soup or salad?"" Both! Always order both!",Anger,MELD
"Yknow, yknow Im lookin and I dont think anyones home here.",Neutral,MELD
"I say we just break the window, crawl through, and-and yknow explain later.",Neutral,MELD
Yeah? Really? No ones home?,Surprise,MELD
I dont think so. Hello?  When you get in there,Neutral,MELD
"Hey, what's up?",Neutral,MELD
I just saw Danny getting on the subway with a girl and he had his arm around her.,Sadness,MELD
"Oh, honey, I'm sorry.",Sadness,MELD
"Well, you should be, this is all your fault! You meddled in our relationship!!",Anger,MELD
You had no relationship!!,Anger,MELD
"No, but I was doing my thing and everything was going according to the plan!",Anger,MELD
"Oh God, stop with the plan!",Anger,MELD
"So what, so what you saw him with a girl?",Neutral,MELD
Who cares?!,Anger,MELD
That doesn't mean anything!,Anger,MELD
"Now look, you're going to go out on a date with Danny and you're going to be so charming he's gonna forget all about that stupid subway girl.",Neutral,MELD
She was kinda stupid.,Neutral,MELD
You're right.,Neutral,MELD
"All right, I'm just gonna go on the date.",Neutral,MELD
I'm gonna go on the date.,Neutral,MELD
That is the new plan.,Neutral,MELD
Hi.,Neutral,MELD
Phoebe!,Surprise,MELD
Ta-da.,Joy,MELD
Hey.,Neutral,MELD
Hi.,Neutral,MELD
"Ahh, look at you, you look great.",Joy,MELD
"Do I? Thank you, so do you.",Neutral,MELD
Thanks.,Neutral,MELD
Sparkly.,Neutral,MELD
"So, wow, this is pretty wonerful, huh.",Joy,MELD
Mr. major capades guy.,Neutral,MELD
"I, I remember when you were just, like, King Friday in Mr. Roger's Ice is Nice.",Neutral,MELD
You always said I'd make it.,Joy,MELD
"Yeah, well, ya know, I'm kind of spooky that way. Wooo.",Neutral,MELD
I missed you.  I'm gonna get changed.,Neutral,MELD
OK.,Neutral,MELD
"Um, now. Phoebs.",Neutral,MELD
"Oh, right, OK. Ole.",Neutral,MELD
What?,Neutral,MELD
"Um, the matador.  Ole, ha ha ha.",Joy,MELD
"Hi Joey it's Jane Rogers, can't wait    for your party tonight.",Joy,MELD
"Listen, I forgot your address, can you give me a call?",Neutral,MELD
"Thanks, bye.",Neutral,MELD
Hey!,Joy,MELD
Hey!,Joy,MELD
What's happening?,Joy,MELD
"Yeah, it's a real shame you can't make it to that one-woman    show tonight.",Sadness,MELD
"Oh, I'd love to, but I gotta get up so early the next day and    so, you know me, work comes first",Neutral,MELD
"Oh, yeah, yeah, yeah...",Neutral,MELD
"""Hi Joey, it's Jane Rogers can't wait for your party tonight""",Joy,MELD
Stupid Jane Rogers!!,Anger,MELD
You are having a party tonight??,Surprise,MELD
Kinda have a... a thing for the Days Of Our Life's people.,Neutral,MELD
And you weren't going to tell us? How did you think you were    gonna get away with that?,Anger,MELD
I do it every year.,Neutral,MELD
You do that every year??,Surprise,MELD
I didn't have to tell you that!! I'm stupider than Jane Rogers!!,Anger,MELD
"Oh, that's why you got these tickets to that play, to get rid    of us??",Anger,MELD
Yeah...,Neutral,MELD
And last year is that why you sent us to that medieval times    restaurant?,Anger,MELD
Yeah...,Neutral,MELD
"OH! And the year before that, when you set up that nighttime    tour of that button factory?",Anger,MELD
Who's this from?,Surprise,MELD
"Oh, that's Ross's.",Neutral,MELD
Oh...  Oh my God. He remembered.,Surprise,MELD
Remembered what?,Neutral,MELD
It was like months ago.,Surprise,MELD
"We were walking by this antique store, and I saw this pin in the window, and I told him that it was just like one my grandmother had when I was a little girl.",Sadness,MELD
Oh!,Surprise,MELD
I can't believe he remembered!,Surprise,MELD
"Oh, it's so pretty. This must have cost him a fortune.",Surprise,MELD
I can't believe he did this.,Surprise,MELD
"Come on, Ross? Remember back in college, when he fell in love with Carol and bought her that ridiculously expensive crystal duck?",Neutral,MELD
What did you just say?,Surprise,MELD
F-hah.... flennin....,Fear,MELD
Oh.... my God.,Surprise,MELD
I really like waking up with you.,Joy,MELD
"I like waking up with you too.  Oh! It's such a beautiful morning.  Oh, I can stay here all day.",Joy,MELD
That would be great!,Joy,MELD
We could have breakfast in bed,Joy,MELD
"Wait, just a second.",Neutral,MELD
Okay.  Oh! Oh no.,Surprise,MELD
"Well that was depressing, I think I just bought a soft pretzel from one of the kids from",Sadness,MELD
Um-hmm. Oh wait! This is Bonnie.,Surprise,MELD
Hi!,Joy,MELD
This is Bonnie?  This is Bonnie?  Youre Bonnie?,Surprise,MELD
I can show you an ID if you want?,Neutral,MELD
"Oh no, Im sorry, you look a lot different from the last time I-I saw you.",Surprise,MELD
"Oh yeah, well I just started wearing bras again.",Neutral,MELD
"Oh, that must be it.",Neutral,MELD
Well I hope you have fun tonight.,Neutral,MELD
Thanks! You too.,Joy,MELD
I believe it.,Neutral,MELD
"Yes, I do.",Neutral,MELD
"No you doy'know what, youre not gonna suck me into this.",Anger,MELD
"Oh sure I am, because you always have to be right.",Anger,MELD
"I do not always have to beokay, okay.",Anger,MELD
Jurassic Park,Neutral,MELD
"I'm telling you, something's wrong! My brother does not stay out all night.",Fear,MELD
Maybe we should check the trash chute.,Neutral,MELD
Ross couldn't fit down the trash chute.,Neutral,MELD
"That's right, he almost could. Which is exactly how I got stuck there.",Neutral,MELD
Hey!,Neutral,MELD
There he is!,Joy,MELD
Oh my God!  Where the hell have you been?!!,Anger,MELD
"Just, y'know out.",Neutral,MELD
"Ohh, out, oh God, I don't know why we didn't think to check there!",Anger,MELD
What were you doing?,Neutral,MELD
"I uh, went to a bar. And then I just uh, just walked around for a while.",Neutral,MELD
He hooked up! He hooked up with someone.,Surprise,MELD
"Look, I don't have to answer your questions! Okay? I'm a big boy, I can do whatever I want!",Anger,MELD
He hooked up!! Tell us about her!,Joy,MELD
Ross you left you scarf in Hey you guys.,Neutral,MELD
"Oh yeah, that looks good.",Neutral,MELD
You guys make a,Neutral,MELD
"Yeah, we look great together.",Joy,MELD
Okay.,Neutral,MELD
Wow! Imagine what our kids would look like!,Joy,MELD
"Yknow, we dont have to imagine.",Neutral,MELD
Im marrying her.,Joy,MELD
Well just see.,Neutral,MELD
Hey! Hey! Be careful around my Porsche!,Anger,MELD
Hi Joey.,Neutral,MELD
Hey! How you doin?,Neutral,MELD
He has the most amazing Porsche under there!,Joy,MELD
"Id love to show ya, but I just tucked her in.",Neutral,MELD
Shes sleeping.,Neutral,MELD
"Hey uh, would you two girls like to go for a drink?",Neutral,MELD
"Well, the old lady died.",Sadness,MELD
And how do I know?,Neutral,MELD
Her dying wish was for one last kiss.,Neutral,MELD
"But I dont care,  because you got the apartment.",Joy,MELD
Yes!,Joy,MELD
Ewww. Yeah. Umm. I think Im gonna stay here.,Disgust,MELD
Isnt that great?,Joy,MELD
Ezels!!,Disgust,MELD
"Smelly cat, smelly cat, what are they feeding you? Smelly cat, smelly cat, its not your fault.",Neutral,MELD
"Wow, thats great.",Joy,MELD
"Oh, yeah!",Joy,MELD
"Y'know you could totally sell this. Itd be perfect for like umm, a kitty litter campaign.",Neutral,MELD
"I..., a jingle? No, no-no-no, no.",Neutral,MELD
What? Why not? You could make a ton of money.,Surprise,MELD
"Okay, well if I was in this for the money, Id be a millionaire by now, y'know.",Neutral,MELD
You just got to get out of that jingle head sweetie.,Neutral,MELD
"Aw, youre right, youre right. Im sorry.",Neutral,MELD
"Thats okay. All right, Im gonna play song thats really, really sad. Its called Magician Box Mix Up.",Joy,MELD
"Okay sir, um-mm, let see if I got this right.",Neutral,MELD
"Ah, so this is a half-caf, double tall, easy hazel nut, non-fat, no foam, with whip, extra hot latte, right?",Neutral,MELD
"Okay, great.",Joy,MELD
You freak.,Disgust,MELD
Thank you.,Joy,MELD
"Um, coffee to go, please.",Neutral,MELD
Isabella Rosselini.,Neutral,MELD
Are you serious?  Oh my God.,Surprise,MELD
Damn! I cant believe I took her off my list.,Anger,MELD
Why? Cause otherwise youd go for it?,Neutral,MELD
"Yeah, maybe.",Neutral,MELD
"Oh-oh, you lie.",Disgust,MELD
What you dont think Id go up to her?,Neutral,MELD
"Ross, it took you ten years to finally admit you liked me.",Neutral,MELD
"Yeah, well missy, you better be glad that list is laminated.",Anger,MELD
"You know what honey, you go ahead, well call her an alternate.",Neutral,MELD
"Okay, hold my crawler.",Neutral,MELD
Okay.,Neutral,MELD
"Rach, are you really gonna let him do this?",Surprise,MELD
"Honey, hes about to go hit on Isabella Rosselini. Im just sorry we dont got popcorn.",Joy,MELD
"Okay, that's, that's enough.",Neutral,MELD
Won't you dance around with me.,Neutral,MELD
A-ha!!!,Surprise,MELD
"Oh-oh-oh, yeah!  That's right, you take good care of those babies!",Joy,MELD
Excuse me?,Surprise,MELD
"It's me, Joey!",Joy,MELD
Do I know you?,Surprise,MELD
Joey!,Joy,MELD
"Oh-ho, yeah. Yeah, the hand guy.",Neutral,MELD
Okay thats fair.,Neutral,MELD
All right.,Neutral,MELD
Good!,Neutral,MELD
Pick one.,Neutral,MELD
Left!  Thank you.,Joy,MELD
Youre welcome.,Neutral,MELD
Ross!,Surprise,MELD
Joey!  We should just switch.,Neutral,MELD
Yeah absolutely!,Joy,MELD
"Rachel, were sorry for pushing those guys on you.",Sadness,MELD
Oh thats all right!,Joy,MELD
"Yknow, I ended up having a really good time.",Joy,MELD
"Yknow, the charity was a big success and they raised a lot of money and awareness.",Joy,MELD
So what was it for anyway?,Neutral,MELD
I wanna say a disease.,Neutral,MELD
Hey!,Surprise,MELD
Hey!,Surprise,MELD
I just got this really weird message from Ross. He said turn on,Neutral,MELD
"Oh my God, look! Thats Elizabeth!",Surprise,MELD
Oh-oh Professor Geller.,Neutral,MELD
"Ahh, to be 13 again.",Neutral,MELD
"Hey! So uh, was he excited about the tickets?",Neutral,MELD
No! He blew us off!,Anger,MELD
What?!,Surprise,MELD
I know!,Surprise,MELD
I cant believe it.  Can I tell you something? Im a little mad at him now.,Anger,MELD
Can I tell you something? Me too.,Anger,MELD
"Yknow what? He didnt want to talk to us about being angry, well maybe we dont talk to him",Anger,MELD
Ooooh! Freeze him out.,Joy,MELD
Thats right!,Joy,MELD
I like it!,Joy,MELD
Doorknob?,Neutral,MELD
"Yeah, it kinda grows on you.  Actually, I wanted to finish talking to you about uh, spring vacation.",Neutral,MELD
Oh good.,Joy,MELD
"Look, I  Look, Im having a great time with you and I just dont want us to move to fast or put to much pressure on us.",Fear,MELD
"So, Im sorry I just dont think we should go away together yet.",Sadness,MELD
Its-its too soon.,Fear,MELD
"Ross, I think you misunderstood what I was saying. I just wanted to tell you that Im going to Florida for a couple weeks.",Surprise,MELD
No. I think you misunderstood what,Surprise,MELD
You are so adorable.,Joy,MELD
That! Lets talk about that.,Joy,MELD
Hey!,Joy,MELD
How do you feel?,Neutral,MELD
"Well, lets just say that Krog will be fully equipped to destroy the universe again in twelve to fourteen hours.",Neutral,MELD
"Okay, so I",Neutral,MELD
And protected them from a tornado?,Neutral,MELD
Oh my God.,Surprise,MELD
"I know, the babies are asleep.",Neutral,MELD
"Phoebe, what, what happened here?!",Surprise,MELD
I did it! I took care of the babies all by myself!,Joy,MELD
But my apartment!,Surprise,MELD
Is not as important as the fact that Phoebe took care of the babies all by herself.,Neutral,MELD
"Youre right, youre right I shouldnt freak out.",Neutral,MELD
Cause this is what will happen when you and I have babies!,Neutral,MELD
When will that be?,Neutral,MELD
"Phoebe, would you take a look at this mess!!!!",Anger,MELD
Hey Ross! The babys kicking!,Joy,MELD
What?! It is?!,Surprise,MELD
Its not kicking right now. Although we would love to see you do  that again.,Joy,MELD
"Hey, when-when was it kicking? What happened?",Joy,MELD
Last night! I just felt it and I went into Joeys room and he was sleeping,Joy,MELD
A dreamless sleep.,Neutral,MELD
"So c'mon, you guys, tell me all the dirt!",Joy,MELD
"Well, the biggest news is still you dumping Barry at the altar!",Neutral,MELD
Alright. Let's talk reality for a second.,Neutral,MELD
Okay.,Neutral,MELD
When are you coming home?,Neutral,MELD
"What? Guys, I'm not.",Surprise,MELD
"C'mon, this is us.",Neutral,MELD
I'm not! This is what I'm doing now. I've got this job-,Neutral,MELD
Waitressing?,Surprise,MELD
"Okay, I'm not just waitressing.",Neutral,MELD
I'm..,Neutral,MELD
"I, um...",Neutral,MELD
"I write the specials on the specials board, and, uh... and I, uh...",Neutral,MELD
"I take the uh dead flowers out of the vase... Oh, and, um, sometimes Artelle lets me put the little chocolate blobbies on the cookies.",Sadness,MELD
"We get off around midnight, why don't we pick you up then?",Neutral,MELD
"So, um, will you bring the truck?",Neutral,MELD
I'll even let you ring the bell.,Neutral,MELD
"Oh, my god.",Surprise,MELD
"See, there you go, the cleansing works!",Joy,MELD
They're nice guys.,Neutral,MELD
"Oh, they're firemen guys.",Joy,MELD
Your son.,Neutral,MELD
"No-no-no. I don't have a son named Jordie. We all agreed, my son's name is Jamie.",Anger,MELD
"Well, Jamie was the name of Susan's first girlfriend, so we went back to Jordie.",Neutral,MELD
"What? Whoa, whoa whoa whoa, what do you mean,",Surprise,MELD
"Ow, ow, ow, ow, leg cramp, leg cramp, leg cramp.",Anger,MELD
I got it.,Neutral,MELD
I got it.,Neutral,MELD
"I got it! Hey, you get to sleep with her, I get the cramps.",Anger,MELD
"No, you don't.",Neutral,MELD
"All right, that's it. I want both of you out.",Anger,MELD
Why?,Surprise,MELD
He started it!,Anger,MELD
"No, you started it.",Anger,MELD
"I don't care. I am trying to get a person out of my body here, and you're not making it any easier.",Anger,MELD
Now go!,Anger,MELD
Thanks a lot.,Anger,MELD
See what you did.,Anger,MELD
"Yeah, listen...",Neutral,MELD
Out,Anger,MELD
"Oh, and I can also speak a little French. Voulez-vous coucher avec moi ce soir?  Why? What did I say?",Joy,MELD
"Well, you just asked if I wanted to go to bed with you tonight.",Neutral,MELD
Oh my God! No wonder I get such great service at Cafe Maurice.,Surprise,MELD
"Knock, knock, knock, knock, hi.",Neutral,MELD
"Um, could you please tell Sergei that um, I was fascinated by what Boutros Boutros Gali said in the New York Times.",Neutral,MELD
You didnt say Boutros Boutros Gali.,Neutral,MELD
Boutros Boutros Gali.,Neutral,MELD
He says he was too.,Neutral,MELD
Interesting.,Neutral,MELD
So I was wondering....,Neutral,MELD
"Okay, ah, before you get all talky again, umm, could you also please tell Sergei that I really like his suit.",Joy,MELD
"Eh, he said, thank you very much, he thinks you look very pretty tonight, your hair, golden like the sun.",Joy,MELD
So you're a chef?,Neutral,MELD
Im also thinking about opening up my own restaurant.,Joy,MELD
"Oh, really.",Surprise,MELD
"Monica, can I talk to you behind my menu, please.  What are you doing?",Neutral,MELD
"Well, I was having a conversation.",Neutral,MELD
"Yeah but, Mischa is so interested in you, that Sergei and I havent been able to say two words to each other.",Anger,MELD
What do you want me to do? Just sit here silently while you three have a conversation?,Anger,MELD
That would be great. Thank you.,Neutral,MELD
so we finally get to the top of the mountain and airhead here  forgets the camera!,Disgust,MELD
"Oh, y'know the same thing happened to me one time.",Neutral,MELD
When did that happen to you?!,Surprise,MELD
Don't you remember when we were jogging in the park and we saw that really pretty bird and wanted to take a pictureI didn't have my camera!,Neutral,MELD
"Oh yeah. First off all, chasing the Churo guy isn't jogging.",Disgust,MELD
"Oh, this is so good  you have got to try it.",Joy,MELD
"Oh, damn! I got it on my pants.",Anger,MELD
"Here, I'll get it.",Neutral,MELD
We'd better take these pants off upstairs or that stain's gonna set.,Neutral,MELD
Yep.  I'm gonna wear these on our date tonight.,Joy,MELD
"Oh, great!",Surprise,MELD
"Okay, bye!  Oh my God!!",Joy,MELD
That was unbelievable!,Surprise,MELD
"Yeah, wow, sorry Rach.",Sadness,MELD
I don't believe they're brother and sister.,Surprise,MELD
They're brother and sister!!!,Surprise,MELD
Action!,Neutral,MELD
I found the picture!,Anger,MELD
What picture?!,Surprise,MELD
The picture of my wife! In your pack!,Anger,MELD
You went through my personal property?,Anger,MELD
Why do have a picture of Paulette in your pack?!,Anger,MELD
"Because Vincent, we were lovers.  For two years!",Anger,MELD
Cut! Wonderful!,Joy,MELD
Great scene yeah?,Joy,MELD
"Oh youre awesome! And, in that last speech? You soaked me.",Joy,MELD
Heres your call sheet for tomorrow.,Neutral,MELD
I know.,Neutral,MELD
"So Chandler, your parents mustve been thrilled when you told them you were engaged.",Joy,MELD
"Oh yeah, I should probably call them.",Neutral,MELD
I remember when we first got engaged.,Joy,MELD
"Oh, I dont think I ever heard that story.",Neutral,MELD
"Well, Id gotten Judy pregnant. I still dont know how that happened.",Joy,MELD
You dont know how that happened?! Your dog thought my diaphragm was a chew toy!,Disgust,MELD
What a sweet story.,Neutral,MELD
"Well, at least youre not hearing it for the first time at your fifth grade Halloween party.",Disgust,MELD
What?! They wanted a scary story!,Surprise,MELD
"Anyway, were really excited about our wedding plans, and well I guess pretty soon well be making a big withdrawal from the Monica wedding fund.",Joy,MELD
What?,Surprise,MELD
"You tell her Jack, I cant do it.",Fear,MELD
What happened? You still have the Monica wedding fund dont you?,Surprise,MELD
"We have it. Only now, we call it the beach house.",Neutral,MELD
"After applying the Waxine and linen strips to leg number one,",Neutral,MELD
Did that!,Joy,MELD
Grasp one of the linen strips by its easy grab tab and pull it off in one quick pain free motion.,Neutral,MELD
Okay.  Ow!!!!! Ow-oh-oh!,Surprise,MELD
Was it not pain-free?,Surprise,MELD
"No. It was painful. Oh my God , they should call it Pain-zine, now with a little wax.",Disgust,MELD
"Huh, well, the girls in the satin nighties on the commercial dont seem to think its that bad.",Neutral,MELD
Thats because their nerves are probably deadened from being so stupid.,Anger,MELD
"But hey, y'know if you dont believe me, please, by my guest.",Neutral,MELD
Ow-ow-ow-ow! Oh my God!!!,Surprise,MELD
"Now umm, remember Im still learning.",Neutral,MELD
"One, two, three, four!",Neutral,MELD
You know the song! Sing along!,Joy,MELD
So?,Neutral,MELD
No!,Sadness,MELD
Oh my God! Thats David!,Surprise,MELD
David who?,Neutral,MELD
"David the scientist guy, David that I was in love with, David who went to Russia and broke my heart David!",Sadness,MELD
Oh my God!,Surprise,MELD
"Oh, you say someones name enough, they turn around.",Neutral,MELD
Phoebe?,Surprise,MELD
David!  What-what are you doing here? Arent you supposed to be in Russia?,Surprise,MELD
"Yeah, Im just, Im just in town for a conference. Umm,",Neutral,MELD
Well Yeah. You look great too. Did you get a haircut?,Joy,MELD
Yeah. Well I-I got like thirty of them.,Neutral,MELD
Yeah.,Neutral,MELD
Yes! Santa's coming!,Joy,MELD
"Hey, uh, Im really, really sorry about what happened in the cafeteria today.",Sadness,MELD
"Its no big deal. Hey, yknow, you do what you gotta do. Right?",Neutral,MELD
"But hey, its not just me, I mean the scientists and the tour guides",Neutral,MELD
Whatever.,Neutral,MELD
"Okay, Mon, back me up here.",Neutral,MELD
"Where you work the uh, waiters eat with the waiters, right?",Neutral,MELD
"And the chefs eat with the other chefs, right?",Neutral,MELD
I eat by myself in the alley because everybody hates me.,Sadness,MELD
"Look, Ross, really its-its no big deal.",Neutral,MELD
"Yknow you wear a white coat, I wear a blue blazer, if that means we cant be friends at work, then so be it.",Sadness,MELD
"Yknow, hey I understand.",Neutral,MELD
Yknow?,Neutral,MELD
"Hey, when Im in a play and youre in the audience, I dont talk to you, right?",Neutral,MELD
"So its yknow, its uh, its cool.",Neutral,MELD
Ill see you tomorrow.,Neutral,MELD
"Yeah, when were in the audience he doesnt talk to us, but he does wave.",Neutral,MELD
You did look like an idiot.,Joy,MELD
"Hey, I wasn't the only one who looked like an idiot.",Neutral,MELD
All right?,Neutral,MELD
"Remember when Ross tried to say, ""Butternut squash?""",Joy,MELD
"And it came out, ""Squatternut buash?""",Joy,MELD
Yeah that's the same.,Neutral,MELD
That's it. That's my worse Thanksgiving.,Sadness,MELD
Oh wait! That can't be the one Rachel's talking about. She didn't even know that happened. So which one was it?,Neutral,MELD
"Umm, I-I really don't want to tell this story.",Sadness,MELD
"Oh, come on Monica, reliving past pain and getting depressed is what Thanksgiving is all about.",Neutral,MELD
"Y'know, for me anyway.",Sadness,MELD
"And of course, the Indians.",Sadness,MELD
"Look umm, of all people, you do not want me to tell this story!",Anger,MELD
"Hi, guys.",Neutral,MELD
Hi! Phoebe.,Joy,MELD
Hi Phoebe.,Neutral,MELD
"I-I wanted to apologise if Iyknow seemed a tad edgy yesterday at my shower. Yknow its just the hormones, yknow.",Sadness,MELD
No we,Neutral,MELD
Hormones.,Neutral,MELD
"hormones, yeah.",Neutral,MELD
Your parents?,Neutral,MELD
"Yeah, theyre out of town.",Neutral,MELD
Ohh.,Surprise,MELD
"Yeah-yeah, its this",Neutral,MELD
Yeah that works.,Neutral,MELD
They-they-they can smell fear.,Fear,MELD
Bing! Ho! And the Bing-ette!,Joy,MELD
"Honey, you remember my boss Doug right?",Neutral,MELD
"Yes, hi.",Neutral,MELD
"Hi. So good news, the divorce is final. I signed the papers this A.M.",Joy,MELD
"I didnt know you and Carol were getting divorced, Im sorry.",Sadness,MELD
"Sorry? Finally chewed my leg out of that bear trap. Hey, congratulations to you guys though!",Joy,MELD
No leg-chewing for us sir.,Neutral,MELD
"Oh well, give it time.",Neutral,MELD
"So the divorce, the marriage, weve got a lot to celebrate.",Joy,MELD
How about we all go out to dinner tomorrow night?,Neutral,MELD
"Tomorrow night it is then, I should be out of court by six.",Joy,MELD
They keep throwing these sexual harassment cases at me and I keep knocking them out of the park!,Joy,MELD
"Okay, Ill see you tomorrow!",Joy,MELD
"Just so you know, were not seeing him tomorrow.",Neutral,MELD
I-I cannot spend another evening with that man.,Disgust,MELD
Do you remember how he behaved at our wedding?,Disgust,MELD
No.,Neutral,MELD
Thats because he wasnt invited because of the way he behaved at our engagement party.,Disgust,MELD
"Oh yeah. Boy, urine cuts",Disgust,MELD
"Now maybe you just like wanna but the whole duck in there! Who cares, y'know? Now I got the legs",Neutral,MELD
"How many times have I told you guys, you",Neutral,MELD
Hi Chandler.,Neutral,MELD
Hey!,Neutral,MELD
"Uh, listen, I need that broiling pan that Joey borrowed the other day.",Neutral,MELD
"Oh that was yours? Uh, yeah, we used it when the duck was throwing up caterpillars.",Sadness,MELD
William Sonoma,Neutral,MELD
Expect it in 4-6 weeks.,Neutral,MELD
"Umm, hey, umm, Joey's gonna be at the telethon for the rest of the day, we have the whole place to ourselves.",Neutral,MELD
"Yeah, so?",Neutral,MELD
"Well I just, thought maybe you'd wanna book some time with the best you'd ever had.",Neutral,MELD
"Y'know what, champ? I think I'll pass.",Neutral,MELD
Why?,Surprise,MELD
Why?,Neutral,MELD
What's your point?,Neutral,MELD
"So uh, whats your name?",Neutral,MELD
It's Jake.,Neutral,MELD
"Joey.  Hey Jake, do you like the Knicks?",Neutral,MELD
"Yeah, big fan.",Neutral,MELD
"Me too! Theres a game on Tuesday, do you wanna go?",Joy,MELD
Yeah that would be great! Let me make sure Im not doing anything Tuesday.,Joy,MELD
Ugh.  Ross!,Disgust,MELD
Hi! Sorry Im late. Were you sleeping?,Neutral,MELD
"Ahh, nooo!!",Joy,MELD
"Oh, great!",Joy,MELD
"Listen, oh I had to get you a whole new battery.",Neutral,MELD
"I got you the best one I could, cause thats not where you want to skimp.",Neutral,MELD
"Youre a genius, Ross.",Joy,MELD
"Yeah, well it came to about $112, but what the hell, just call it an even 110?",Neutral,MELD
"Okay, Ill pay you tomorrow.",Neutral,MELD
"So they ah, they all took off, it was pretty hard watching them go, y'know?",Sadness,MELD
"Yeah, okay, bye.",Neutral,MELD
So Im gonna take off then!,Neutral,MELD
"Hey! Oh right, tonight was your party.",Surprise,MELD
"Oh wow, you look great! Glad you could make it.",Joy,MELD
"Oh well, y'know, the gala had to end sometime.",Neutral,MELD
"Don't go anywhere, I'll be right back.",Neutral,MELD
"Yeah, sure.  All right, whose court is the ball in now?",Neutral,MELD
I thought there wasn't a ball?,Neutral,MELD
"Oh, come on! He's glad that I came, he doesn't want me to go anywhere, balls flying all over the place!",Neutral,MELD
"Rachel, this is my friend Tom.",Neutral,MELD
"Oh, go on! You telling people about me?",Surprise,MELD
You two could really hit it off! I'm gonna go mingle.,Joy,MELD
So you work at,Neutral,MELD
"Yeah, okay, at ease solider!",Neutral,MELD
I'm sorry?,Surprise,MELD
"No, it's all right, you can just drop the act Tommy.",Neutral,MELD
"I'm gonna go talk to uh, a friend.",Sadness,MELD
"Yeah, yeah, you go talk to your friend. You tell him, ""Nice try.""",Disgust,MELD
Man! He just keeps lobbing them up and I just keep knocking them right out of the park!,Joy,MELD
I think I need a drink.,Neutral,MELD
Yeah!,Joy,MELD
"Hey, Pheebs?",Neutral,MELD
"No, I can't talk to you! I don't have a fancy ad in the Yellow Pages!",Anger,MELD
"Look, Pheebs, I just, I wanna apologize for, for saying that your method was stupid and-and maybe ask you to be my teacher again.",Sadness,MELD
"And-and I promise, I won't touch a guitar until you say I'm ready.",Neutral,MELD
You really think I'm ready?,Surprise,MELD
Uh-huh!,Joy,MELD
Wow! Cool!,Joy,MELD
Was the chord at least right,Neutral,MELD
No!,Anger,MELD
"Well, this has been fun.",Neutral,MELD
"Yes. Yes, thanks for letting me use your phone... and for saving my life.",Joy,MELD
"Well, goodbye Chandler. I had a great blackout.  See ya.",Neutral,MELD
"Hi, um, I'm account number 7143457.",Neutral,MELD
"And, uh, I don't know if you got any of that, but I would really like a copy of the tape.",Neutral,MELD
Were beginning to see a lot of layering of sheer fabrics and colours. For instance a sheer navy blouse over a pink....,Neutral,MELD
Im really glad we came.  Youre so pretty. I love you.,Joy,MELD
"Okay, thats a fire. Oh yeah. Oh yeah.",Neutral,MELD
"Excuse me, Im sorry, Im gonna have to call you back, Ive got a Schemp in my office.",Neutral,MELD
What are you doing?,Neutral,MELD
Im sorry.,Neutral,MELD
"But ah, hey, oh, somebodys off the phone, how bout a glass of wine by the fire, I could get it going again.",Neutral,MELD
"Ross youre not listening to me, I dont have time to stop.",Neutral,MELD
"Come on Rach, you dont have what, ten minutes?",Neutral,MELD
I dont have ten minutes!!,Anger,MELD
"What?  Sophie, does she have ten minutes?",Neutral,MELD
"Hey, Ross!!! I told you I dont!",Anger,MELD
"Dont yell at me okay, this is the most Ive seen you all week.",Sadness,MELD
"Look, I cannot do this right now, okay, Ive got a deadline, would you just go home, Ill talk to you later.",Neutral,MELD
"Yeah, but wait...",Neutral,MELD
Good bye!,Neutral,MELD
"Actually, thats our three hole punch.",Neutral,MELD
Oh yeah? When?,Surprise,MELD
I'll tell you what.,Neutral,MELD
"When we're 40, if neither one of us are married, what do you say you and I get together and have one?",Neutral,MELD
Why won't I be married when I'm 40?,Surprise,MELD
"Oh, no, no. I just meant hypothetically.",Neutral,MELD
"Ok, hypothetically, why won't I be married when I'm 40?",Anger,MELD
"No, no, no.",Neutral,MELD
What is it? Is there something fundamentally unmarriable about me?,Anger,MELD
"Uh, uh.",Neutral,MELD
Well?,Surprise,MELD
Dear God! This parachute is a knapsack!,Surprise,MELD
Hey.,Neutral,MELD
"Hey. Ooh, look at you, dressy-dress.",Surprise,MELD
Did you go home and change?,Surprise,MELD
"Yeah, well, it's an important day. I wanna look nice. Um, has uh Dr. Franzblau been by?",Neutral,MELD
"No, I haven't seen him.",Neutral,MELD
"Well, where is he? He is supposed to be here.  What if the baby needs him?",Surprise,MELD
"Rachel, what is the deal with you and doctors, anyway? Was, like, your father a doctor?",Neutral,MELD
"Yeah, why?",Neutral,MELD
No reason.,Neutral,MELD
I'm the holiday armadillo! I'm a friend of Santa's and he sent me here to wish you  a Merry Christmas!,Joy,MELD
"What happened to Santa, Holiday Armadillo?",Surprise,MELD
"Yes! Yes! Please, just give it to me!",Joy,MELD
"Yeah, thats her.",Neutral,MELD
Thank you.,Neutral,MELD
Its unbelievable! I-I cant believe that sign didnt work!,Surprise,MELD
Yknow what would work?,Neutral,MELD
Stop making candy!,Anger,MELD
You mean they like you.,Neutral,MELD
Maybe.,Neutral,MELD
Is that why you became a chef? So that people would like you?,Surprise,MELD
"Oh, you really want to talk about getting people to like you huh, funny man?",Anger,MELD
"We were on the platform, ready to dance the world into the new Millennium, and the guy yelled CUT!",Anger,MELD
"Uh, wait, so you guys are telling me you actually did the routine from eighth grade?",Surprise,MELD
"Yeah. But of course we had to update it a little bit.  Hey, by the way, great thinking about catching me!",Joy,MELD
Cos I was gonna say theres no way you couldve done the end the way you guys did it back then!,Joy,MELD
What? We could do it!,Surprise,MELD
"I dont know, I mean you were a lot bigger, I mean, stronger back then.",Joy,MELD
"I can do it, okay? Come on, lets go.",Neutral,MELD
"1, 2, 3, 4, 5, 6, 7, 8",Neutral,MELD
I cant do it!,Sadness,MELD
"Now you do that, youre on TV.",Neutral,MELD
Hey!,Joy,MELD
"So, what are you guys in the market for? Weve got uh, scarves, tulip post cards...",Neutral,MELD
Check this out? Huh?  Yeah. Thats the stuff. What do you think?,Neutral,MELD
"Well, I dont have to buy that, ""Im with stupid"" T-shirt anymore.",Neutral,MELD
"Well, I like it. Here you go.",Neutral,MELD
"All right, look, youre not really gonna buy that are you? Dont you think youve embarrassed me enough for one day?",Anger,MELD
"Oh, I embarrass you?",Surprise,MELD
How can I answer that when Im pretending I dont know you?,Neutral,MELD
Oh really? Then how come no one here is wearing them?,Neutral,MELD
Theyre all tourists.,Neutral,MELD
"All right, look, if you insist on wearing that, in public, yknow, youre gonna spend the rest of the afternoon all by yourself.",Disgust,MELD
Oh yeah?  If youre gonna make me choose between you and the hat? I choose the hat.,Neutral,MELD
Good choice.,Anger,MELD
Thanks.,Joy,MELD
"Okay, wait. All right, thats it, okay, Im out of here. I am not going to be embarrassed anymore!",Anger,MELD
"So! I'm just an empty vase, huh?",Surprise,MELD
What?,Surprise,MELD
"Y'know, so I don't read as many important books as you do, and I don't write trick poems that seem to be about one thing but are actually about something else.",Anger,MELD
"And y'know what, I get excited about stupid stuff, like when I my",Neutral,MELD
"Whoa, whoa, whoa.",Surprise,MELD
You don't even know me...,Anger,MELD
"Whoa, whoa, whoa, the poem is not about you.",Surprise,MELD
What?,Surprise,MELD
"The Empty Vase is not about you. My baby, you make me so sad that you would think this.",Sadness,MELD
"I'm sorry, my friend Phoebe...",Sadness,MELD
"No, it's about all women. Well, all American women. You feel better now?",Neutral,MELD
Oh yeah.,Neutral,MELD
"Okay, forward. ForwardStop!  Okay, backStop!  Okay, forwardStop! Stop! Stop!",Neutral,MELD
"Okay, heres what were gonna do.",Neutral,MELD
"Okay, Im gonna break into this mini-van and put it in neutral.",Neutral,MELD
You guys push it forward so Ross can drive out of his spot.,Neutral,MELD
Okay?,Neutral,MELD
"All right, here we go.",Neutral,MELD
Haul ass!!!,Neutral,MELD
"So it said that by the year 2030, there'll be computers that can carry out the same number of functions as an actual human brain.",Neutral,MELD
So theoretically we could download our thoughts and our memories into this computer...,Neutral,MELD
...and live forever as a machine!,Joy,MELD
"That's so Janine, you-you-you know what, do you know we're doing right now?",Joy,MELD
"You and I, we're interfacing.",Neutral,MELD
"Yeah, I gotta go.",Fear,MELD
Ba dum bumb cheshhh!,Joy,MELD
"David, can you help me?! I'm trying to explain to Chandler how a plane stays in the air.",Neutral,MELD
"Oh, certainly. That's a combination of Bernoulli's principle and Newton's third law of motion.",Neutral,MELD
See?,Neutral,MELD
"Yeah, that's the same as ""it has something to do with wind"".",Fear,MELD
"Alright, I'm gonna go pick up a few things for the trip.",Neutral,MELD
"Oh, I should go, too.",Neutral,MELD
"Oh, now... tomorrow do you guys wanna share a cab to the airport or should Mike and I just meet you there.",Neutral,MELD
"Oh... Mike's sister just invited me to a party tonight, he's gonna be there.",Anger,MELD
"And she was like ""Oh, don't worry!",Sadness,MELD
I asked him.,Neutral,MELD
"He's totally ok with seeing you!"".",Anger,MELD
So now I have to go so he'll think that I'm totally ok with seeing him!,Joy,MELD
"Which you're not, because you've totally hung up on him!",Anger,MELD
Exactly!,Neutral,MELD
And you're gonna want him to eat his heart out so you're gonna have to look fabulous!,Neutral,MELD
"I didn't even think about that!  Aaargh,",Anger,MELD
"Hey Pheebs, I'm-I'm taking Charlie shopping, why don't you come and I'll help you find something.",Neutral,MELD
"Ok, that'll be great!",Joy,MELD
"Oh, ain't that nice? The three of you trying on slutty lingerie together.",Disgust,MELD
That's not what we're gonna do!,Disgust,MELD
"Why would you ruin it, who was that hurtin'?",Disgust,MELD
"Julie hi! Chandler Bing, I, I guess you remember me.",Joy,MELD
Hello Skidmark.,Neutral,MELD
"Its a nickname, Ill explain later.",Neutral,MELD
Its pretty clear.,Neutral,MELD
"Ah, uh, I owe you a long overdue apology. I never should have broken up with you because you were overweight.",Neutral,MELD
Thats why you broke up with me?,Surprise,MELD
"You-you-you didnt know that.  Well, I guess my work here is done!",Sadness,MELD
Ni-chou chi-ma!,Joy,MELD
"Ross! Excuse me, pardon me, excuse me....",Surprise,MELD
Hi everyone.,Neutral,MELD
"I just, I wanted to thank you for our uh, our little talk before.",Neutral,MELD
"Well, I was going to, but after I talked to you, I talked to Joey.",Neutral,MELD
"What did, what did he say?",Fear,MELD
"Basically he told me to get over myself and just do it, ya know.",Neutral,MELD
"So I though about what you said and I though about what he said and, well, his way I get to have sex tonight so.",Neutral,MELD
"Oh, great!",Joy,MELD
"We couldnt keep our eyes off each other all night and then every once and a while yknow, hed kinda lean over and stroke my hair and touch my neck.",Joy,MELD
"Okay, stop it Phoebe, youre getting me all tingly.",Joy,MELD
"All I could think of was yknow, ""Is he gonna kiss me? Is he gonna kiss me?""",Joy,MELD
And did he?,Neutral,MELD
"Im a lady Monica, I dont kiss and tell. But this hickey speaks for itself.",Joy,MELD
"Okay-okay, I got it. I got it.",Neutral,MELD
I just like him so much that I just feel like Ive had 10 drinks today and Ive only had six.,Joy,MELD
"Oh, I havent had that feeling since I first started going out with Chandler.",Joy,MELD
"Wow, Im never gonna have that feeling again, am I?",Sadness,MELD
You sound like a guy.,Disgust,MELD
"No, a guy would be saying, ""Im never gonna get to sleep with anyone else.""",Disgust,MELD
Oh my God!,Surprise,MELD
Im never gonna get to sleep with anyone else!,Sadness,MELD
Ive been so busy planning the wedding that I forgot about all the things that Id be giving up!,Surprise,MELD
"I mean, IIm never gonna have a first kiss again.",Sadness,MELD
Youll have a last kiss.,Neutral,MELD
Thank you so much for coming back over.,Joy,MELD
"Oh good, youre here. Yeah, and I was worried that it was going to be uncomfortable.",Sadness,MELD
"I know Mona, just hear me out.",Neutral,MELD
"First of all, Im so sorry about my father yelling at you, but I heard you totally held your own.",Neutral,MELD
Youre gonna have to tell me how you did that.,Neutral,MELD
Focus.,Neutral,MELD
"Okay. UmButOkay, yes Ross and I used to date. And yes we are gonna have a baby. But we are",Neutral,MELD
All right wheres that turkey!,Neutral,MELD
Joey! Those are my maternity pants!,Surprise,MELD
Not now! These are my Thanksgiving pants!,Joy,MELD
No.,Neutral,MELD
No!,Anger,MELD
"Oh, would you look at that Monica?",Joy,MELD
"I just knocked off all of your top scores, how sad.",Joy,MELD
"Okay, Im next.  Dont! Dont start another game! I said Im next! Phoebe!",Anger,MELD
"Oh, Im sorry. I didnt hear you over all the winning.",Joy,MELD
Chandler! Phoebes hogging the game!,Anger,MELD
Remember I had to leave the room the other day when you had that roast chicken?,Neutral,MELD
Yeah. But I thought that was because I put the whole thing on my hand and made it walk across the table.,Neutral,MELD
"Anyway, it just doesnt seem worth it to make a whole turkey for just three people. Okay? Its a lot of work.",Neutral,MELD
But you gotta have turkey on Thanksgiving!,Joy,MELD
"I mean, Thanksgiving with no turkey is like-like Fourth of July with no apple pie!",Sadness,MELD
Or Friday with no two pizzas!,Sadness,MELD
All right fine! If it means that much to you! But justtheres gonna be a ton left over.,Sadness,MELD
No there wont! I promise I will finish that turkey!,Joy,MELD
"All right, youre telling me you can eat an entire turkey in just one sitting?",Neutral,MELD
Thats right!,Joy,MELD
Cause Im a Tribbiani!,Joy,MELD
And this is what we do!,Neutral,MELD
We can eat!,Joy,MELD
"Wow! It's huge! It's so much bigger than the cubicle. Oh, this is a cube.",Surprise,MELD
Look at this!,Joy,MELD
Oh! You have a window!,Surprise,MELD
Yes indeedy!  With a beautiful view of...,Joy,MELD
Oh look! That guy's peeing!,Surprise,MELD
Hi.,Neutral,MELD
Hi.,Neutral,MELD
"Y'know what? I cannot do this with my left hand! Would you please, help me with this too?",Anger,MELD
Okay. Lets use this brush.,Neutral,MELD
Okay. This stuff?,Neutral,MELD
Yeah.,Neutral,MELD
All right.,Neutral,MELD
"Careful. Light. Okay, do you know how, just sweep it across the lid. Okay? Just sweep it.",Neutral,MELD
Okay-Dokey,Sadness,MELD
Where exactly is your zoo?,Neutral,MELD
"Well, it's technically not a zoo per se, it's more of an interactive wildlife experience.",Neutral,MELD
"Let me ask you some questions about, is it, uh, Marcel?",Neutral,MELD
Yes.,Neutral,MELD
"Does he, uh, fight with other animals?",Neutral,MELD
"No-no, he's, he's very docile.",Neutral,MELD
Even if he were... cornered?,Neutral,MELD
"Well I, I don't know. Why?",Neutral,MELD
"Uh, how is he at handling small objects?",Neutral,MELD
"He can hold a banana, if that's whatcha mean...",Neutral,MELD
"How about a hammer, or a small blade?",Neutral,MELD
Otherwise it's just cruel.,Neutral,MELD
"He- he- he got in, he- he got in to San Diego.",Joy,MELD
"We, we come back from our walk and the- the phone was ringing...",Neutral,MELD
...He's in.,Neutral,MELD
"He's in! Oh, did you hear that, Marcel? San Diego. San Diego!",Joy,MELD
You're making a big mistake here.,Disgust,MELD
"I mean, San Diego's all well and good, but if you give him to me, I'll start him off against a blind rabbit and give you twenty percent of the gains.",Neutral,MELD
My specimen is in the    room and I just want to thank whoever knocked on the door while I was in there.,Neutral,MELD
Really helped speed the process along!,Joy,MELD
Janice!,Surprise,MELD
You're not... gone?,Surprise,MELD
Sid is still in his room.,Neutral,MELD
I don't allow porn at home so    this is like a vacation for him.,Joy,MELD
So did you do it?,Surprise,MELD
Did you make your deposit?,Neutral,MELD
Yeah! yeah... The hard part is over!,Joy,MELD
"That's not the hard part honey! The hard part is what comes    next, I mean aren't you worried about the results?",Fear,MELD
I haven't... I haven't even thought about the results yet...    I just assumed that everything was gonna be ok.,Joy,MELD
"Oh! Well, you know what? It probably is.",Neutral,MELD
"Phoebe, where's your purse?",Fear,MELD
"No, no! Give it to me!",Anger,MELD
You can't have it.,Anger,MELD
Give it to me!,Anger,MELD
No,Anger,MELD
I'll go in there.,Anger,MELD
Oh yeah.,Anger,MELD
Phoebe come here,Neutral,MELD
Haha!,Joy,MELD
Damn you Monica Geller hyphen Bing!,Anger,MELD
"What we did was wrong. Oh god, I just had sex with somebody that wasn't alive during the Bicentennial.",Disgust,MELD
I just had sex.,Neutral,MELD
"Ethan, focus. How could you not tell me?",Surprise,MELD
"Well, you never told me how old you were.",Neutral,MELD
"Well, that's different. My lie didn't make one of us a felon in 48 states. What were you thinking?",Disgust,MELD
I wasn't thinking. I was too busy fallin'...,Joy,MELD
Don't say it.,Fear,MELD
...in love with you.,Joy,MELD
Really?,Surprise,MELD
Sorry.,Sadness,MELD
"Well,fall out of it.",Anger,MELD
"You know, you shouldn't even be here, it's a school night.",Anger,MELD
"Oh god, oh god.",Joy,MELD
I'm like those women that you see with shiny guys named Chad.,Disgust,MELD
I'm Joan Collins.,Disgust,MELD
Who?,Neutral,MELD
"Thats right, still no baby!  Come on people! Please make some room!",Sadness,MELD
"Uh sweetie, maybe youd be more comfortable here?",Neutral,MELD
You. Like you havent done enough.,Anger,MELD
"Look, I-I know how miserable you are, I wish there was something I can do.",Neutral,MELD
I mean I wish I were a seahorse.,Neutral,MELD
"Because with seahorses its the male, they carry the babies.",Neutral,MELD
"And then also umm, Id be far away in the sea.",Anger,MELD
God.  I have never been so uncomfortable in my entire life!,Joy,MELD
"Oh I know, Ive been there. I remember toward the end",Neutral,MELD
"Oh Phoebe, thats a great story.",Neutral,MELD
Can you tell it to me when youre getting me some iced tea?,Sadness,MELD
"Oh God, get out!",Anger,MELD
Get out!!,Anger,MELD
Get out!!,Anger,MELD
Get out!,Anger,MELD
Lets.,Neutral,MELD
"All right, I know! I know. Yeah, itll be okay.",Joy,MELD
Oh my God.Whats he gonna do now?,Fear,MELD
I cant watch!,Fear,MELD
Oh.,Neutral,MELD
"Seriously, how can you watch this?",Sadness,MELD
Arent you scared?,Fear,MELD
Terrified.,Fear,MELD
Oh-hey-hey-hey! There you are!,Joy,MELD
"Umm, listen there's something I think you should know.",Neutral,MELD
"Oh, is this about you-you dating the nurse?",Surprise,MELD
"Yeah, Joey already told me, and I am so-so fine.",Neutral,MELD
"I mean, you and I we're just, y'know, we're nothing, we're goofin' around.",Neutral,MELD
"Umm, actually I was about to tell you that I was, I was going to get out of it, but hey, if we're just goofing around then uh, maybe I",Neutral,MELD
Fine! Maybe I will too!,Joy,MELD
"Well, it was quite large. I-I-I-I-I had to throw most of it away.",Fear,MELD
You-you-you-you  threw my sandwich away!,Fear,MELD
MY SANDWICH?!!!,Anger,MELD
MY SANDWICH!!!!!!,Anger,MELD
"Whats the matter, Pheebs?",Neutral,MELD
She cancelled! My namesake cancelled on me!,Anger,MELD
What?!,Surprise,MELD
"Yeah, she clamed she had to go out of town suddenly.",Sadness,MELD
"Shes avoiding me, she doesnt want to tell me where my Father is.",Sadness,MELD
"She knows, and she wont tell me.",Sadness,MELD
"Aww Pheebs, that sucks!",Sadness,MELD
"Yeah, well, dont Aww Pheebs, that sucks! me yet.",Sadness,MELD
Where ya going?,Neutral,MELD
"Well, shes out of town so, theres gotta be something in her house that tells me where my Father is.",Neutral,MELD
"Uh, Pheebs, some people call that breaking and entering.",Fear,MELD
"Well, are any of those people here?!",Anger,MELD
"Oh my God, so do I!",Surprise,MELD
"I knew it, wow!!",Surprise,MELD
"Wait-wait-wait, wait! Puppies. Cute or ugly?",Neutral,MELD
"Ohh, so cute.",Joy,MELD
"Uh-huh, well! But umm, still Im-Im mad at you.",Anger,MELD
I know. Im mad at me too.,Anger,MELD
"Well umm, do you wanna get something to eat? Im kinda hungry.",Neutral,MELD
Hey! Me too!,Surprise,MELD
"All right, stop it. Now youre just doing it to freak me out.",Sadness,MELD
"Ok, you can do this.",Neutral,MELD
It's just like pulling off a Band-aid.,Neutral,MELD
"Just do it really fast, and then the wound is exposed.",Neutral,MELD
"Janice. Hi, Janice. Ok, here we go. I don't think we should go out anymore. Janice.",Sadness,MELD
"All right. Well, there you go.  Stop it, stop it, stop it.",Anger,MELD
Oh my God! That guy at the counter is totally checking you out!,Surprise,MELD
"Really?  My God, hes really cute.",Surprise,MELD
Go for it.,Neutral,MELD
"Phoebe, Im engaged!",Surprise,MELD
"Im just saying, get his number just in case.",Neutral,MELD
But no: Chandler is in an accident and cant perform sexually and he would want you to take a lover to satisfy the needs that he can no longer fulfill.,Neutral,MELD
"Op, can I just tell you something? Very flattered but umm, Im engaged.",Joy,MELD
Well you should be embarrassed.,Disgust,MELD
"I did, but that was really fun.",Joy,MELD
Hey.,Neutral,MELD
Chandler. I sensed it was you.,Neutral,MELD
What?!,Surprise,MELD
Unagi. Im always aware.,Neutral,MELD
"Okay, are you aware unagi  is an eel?",Joy,MELD
Whats up?,Neutral,MELD
I cant figure out what to make Monica.,Neutral,MELD
"Oh, why dont you make her one of your little jokes.",Anger,MELD
Im going crazy! Okay? Do you have any thing around here that looks homemade?,Fear,MELD
Yknow what?,Neutral,MELD
Shed-shed love this.,Neutral,MELD
"Uh, its an exact replica of Apollo 8.",Neutral,MELD
I made it in the sixth grade.,Neutral,MELD
"Yeah, I guess I could use that. I could say that your love sends me to the moon.",Neutral,MELD
"Yeah-yeah, except Apollo 8 didnt actually land on the moon.",Neutral,MELD
"But you-you-you could write that umm, your love lets me orbit the moon twice and return safely.",Joy,MELD
"Wait a minute, I cant give this to her.",Neutral,MELD
Why not?,Neutral,MELD
"Because it says ""Captain Ross"" on the side and ""I hate Monica"" on the bottom.",Neutral,MELD
Oh. Oh I just cannot believe Clark stood me up!,Anger,MELD
He might still show up.,Neutral,MELD
"Oh, what are you, stupid? Its been three hours.",Anger,MELD
Is that all?,Neutral,MELD
"I should just go on to happier things, okay? Umm, why dont you tell about your lovely wedding?",Sadness,MELD
"Well actually uh, there was something we wanted to tell you about the wedding.",Neutral,MELD
"Um, its going to be a small ceremony.",Neutral,MELD
"Uh, tiny!",Surprise,MELD
Were not even sure why were having it.,Neutral,MELD
Its actually going to be just family.,Neutral,MELD
"Ohwaityou two think of me as family?! Oh, I have to ask you something now and be honest; do you want me to sing",Surprise,MELD
"Come here to me. No-no, you come here to me.",Neutral,MELD
Hey Ross! I brought reinforcements.,Joy,MELD
"Oh great! What, you brought Joey?",Joy,MELD
"Well, I brought the next best thing.",Neutral,MELD
Whoa!  Y'know what Katie? I gotta tell ya I-I-I-I think you are the one who is too much.,Surprise,MELD
"Ohh, Joey has the nicest friends!",Joy,MELD
"Ohh, and the nicest girlfriend!",Joy,MELD
You're so sweet!,Joy,MELD
"Ohh, you're so sweet!",Joy,MELD
"Oww!!!! Joey, she just kicked me.",Surprise,MELD
Huh.,Neutral,MELD
Well? Aren't you gonna do something?,Neutral,MELD
Uhh.,Neutral,MELD
"You'd better do something, or I'm gonna walk out that door right now! Well? Are you gonna?",Anger,MELD
Nah.,Neutral,MELD
"How could you pick up a hitchhiker?! He could be a rape, a rapist or a killer or something!",Fear,MELD
Dont you think I asked him that before he got in?!,Surprise,MELD
"Yknow what? Im not talking to you! You go back to sleep!  And you, are you a rapist?!",Anger,MELD
No!,Anger,MELD
Do you like car games?,Neutral,MELD
"Yeah, yknow the license plate game?",Neutral,MELD
I,Neutral,MELD
"Ooh, Ill play! Ill play!",Joy,MELD
No-No! You need your sleep. Night-night! Shh!,Anger,MELD
"Pheebs, can you help me pick out an engagement ring for Monica?",Neutral,MELD
I cant figure this out!,Anger,MELD
Its so hard!,Sadness,MELD
Should I get her a  Tiffany cut or a Princess cut or aah-ah!,Sadness,MELD
Paper cut!,Sadness,MELD
"Now, have you told anyone else?",Neutral,MELD
"No, I dont want to tell anybody else because I dont want Monica to find out.",Neutral,MELD
You told me.,Surprise,MELD
"Well, its because I trust you, youre one of my best friends, and you walked in on me when I was looking at ring brochures.",Anger,MELD
"Yeah well, once again not knocking pays off. I only wish you hadnt been on the toilet.",Surprise,MELD
Me too.,Neutral,MELD
Hey.,Neutral,MELD
Hey.,Neutral,MELD
"Hey! So Chandler, wanna go to the coffeehouse?",Joy,MELD
Oh all right.,Neutral,MELD
"Oh perfect, we were just gonna see if you wanted to go.",Neutral,MELD
"Oh well, we dont because we gottheother pl-place.",Neutral,MELD
How rude.,Disgust,MELD
"Oh, Im sorry. You wanna bite?",Surprise,MELD
"The stripper stole the ring!! The stripper stole the ring!! Chandler! Chandler, get up! Get up! The stripper stole the ring!",Surprise,MELD
What?,Surprise,MELD
The ring is gone!,Surprise,MELD
Ugh.,Disgust,MELD
"Just a sec, give me a minute to wake up for thisAh-ha-ha!!",Neutral,MELD
You lost the ring!,Joy,MELD
Youre the worst best man ever!,Anger,MELD
"Dude, this isnt funny!",Anger,MELD
What am I gonna do?!,Fear,MELD
"I go to bed last night, everythings cool!",Joy,MELD
"I wake up this morning, the strippers gone and the ring is gone!",Fear,MELD
You slept with the stripper?,Surprise,MELD
Of course!!,Fear,MELD
What difference does that make?!,Anger,MELD
"Well, I'm justif the paste matches the pants, you can make yourself a pair of paste pants and she won't know the difference!",Anger,MELD
"Joey, do you have a minute?",Neutral,MELD
"Dude, what am I gonna",Fear,MELD
"Uh, Rachel's here, so good luck man, let me know how it works out.",Anger,MELD
"Oh, Joey, I have such a problem!",Fear,MELD
"Oh well, you're timing couldn't be better. I am putting out fires all over the place.",Neutral,MELD
"Okay. Okay. Okay. Joey, I have",Neutral,MELD
"What-what is it, what is it?",Neutral,MELD
"Oh my God, it's so huge, but you just have to promise me that you cannot tell anyone.",Surprise,MELD
"Oh no, no-no-no-no! I don't want to know!",Fear,MELD
"Yes! Yes! Yes, you do want to know! This is unbelievable!",Anger,MELD
"I don't care, Rach! Look, I am tired of being the guy who knows all the secrets but can't tell anyone!",Disgust,MELD
What? What secrets? You know secrets? What are they?,Surprise,MELD
And you're not supposed to be gossiping!!,Disgust,MELD
"I know, I know! I just can't keep this one in, so I pick up the phone",Fear,MELD
I'm not listening to you!,Anger,MELD
Oh! Yay! Look! Theres a piece that doesnt have floor on it!,Joy,MELD
"Hey, come on now!",Anger,MELD
"All right, what are we havin?",Neutral,MELD
"Uhh, I dont believe in these crazy diets yknow, just everything in moderation.",Neutral,MELD
Ill take those to go.  For the kids.,Neutral,MELD
"Oh, I know what I wanted to ask you. You were on the show years ago and then they killed you off. What happened there?",Neutral,MELD
"It was so stupid, I said some stuff in an interview that I shouldnt have said.",Anger,MELD
"But believe me, thats not gonna happen today.",Neutral,MELD
"Understood. So, whatd you say back then?",Neutral,MELD
"Well, I said that I",Neutral,MELD
Ha!,Neutral,MELD
So you like the drums!,Joy,MELD
"That's, that's great!",Joy,MELD
"Yknow, I was worried, that, you know, they would maybe an unbearable living situation.",Neutral,MELD
"All right, okay, well, apparently not!",Sadness,MELD
"So, yay!",Joy,MELD
"Hey-hey, Pheebs, check it out, we already learned a song.  Ready? One, two, three, four...",Neutral,MELD
Tequila!!,Joy,MELD
That's fun.,Joy,MELD
"Whoa-whoa, Treeger made you cry?",Surprise,MELD
Yes! And he said really mean things that were only partly true.,Sadness,MELD
Im gonna go down there and teach that guy a lesson.,Anger,MELD
"Joey, please dont do that. I think its best that we just forget about it.",Fear,MELD
"Thats easy for you to say, you werent almost just killed.",Anger,MELD
"All right thats it, school is in session!",Neutral,MELD
My God! Is this a gym card?,Surprise,MELD
"Oh yeah, gym member. I try to go four times a week, but Ive missed the last 1200 times.",Neutral,MELD
So why dont you quit?,Neutral,MELD
You dont think Ive tried? You think I,Joy,MELD
Who is Maria?,Neutral,MELD
"Oh Maria. You cant say no to her, shes like this lycra spandex covered gymtreat.",Joy,MELD
You need me to go down there with you and hold your hand?,Neutral,MELD
No!,Anger,MELD
So youre strong enough to face her on your own?,Neutral,MELD
"Oh no, youll have to come.",Fear,MELD
"Pheebs, I dont think anyone's mad about that.",Neutral,MELD
Exactly! Because it's in the past!,Anger,MELD
Anybody gonna eat that?,Neutral,MELD
Pheebs!,Joy,MELD
Hey!,Joy,MELD
"Listen, you know how uh, when youre wearing pants and you lean forward I check out your underwear?",Neutral,MELD
Yeah!,Neutral,MELD
"Well, when Jake did it I saw thathe was wearing womens underwear!",Surprise,MELD
I know. They were mine.,Neutral,MELD
"Oh.  No! No wait, thats weird!",Disgust,MELD
"No, its not! We were just goofing around and I dared him to try them on.",Neutral,MELD
Thats weird!,Disgust,MELD
Im wearing his briefs right now.,Neutral,MELD
Thatskinda hot.,Surprise,MELD
I think so too. And that little flap? Great for holding my lipstick.,Joy,MELD
"Yeah, I wouldnt know about that.",Neutral,MELD
And! Yknow what Jake says? That womens underwear is actually more comfortable. And he loves the way the silk feels against his skin.,Joy,MELD
"Yeah well next thing you know, hell be telling you that your high heels are good for his posture!",Disgust,MELD
There is nothing wrong with Jake! Okay? He is all man! Im thinking even more than you.,Neutral,MELD
"Oh yeah, he looked like a real lumberjack in those pink lacys.",Disgust,MELD
Im just saying that only a man completely secure with his masculinity could walk around in womens underwear!,Neutral,MELD
I dont think you could ever do that.,Neutral,MELD
Hey! I,Neutral,MELD
"Okay, whatever.",Disgust,MELD
Lusts of the flesh.,Neutral,MELD
What?,Neutral,MELD
I dont know.  A cowboy theme?,Neutral,MELD
"Hey uh, is it okay to come in?",Neutral,MELD
"Of course! Oh Joey, this ring I…it’s beautiful I love it!",Joy,MELD
"Yeah uh look Rach, there’s something I gotta tell ya.",Neutral,MELD
Hey!,Joy,MELD
Hey! Are you ready to try nursing again?,Neutral,MELD
"Yeah! Hi Emma. Hey, why do you think she won’t take my  breast?",Neutral,MELD
"It’s all right honey, it takes some babies a while to get it,  but don’t worry. It’ll happen.",Neutral,MELD
Yowza,Anger,MELD
"Okay sweetie, you can do it. Just open up and put it in your  mouth.",Neutral,MELD
Dear Lord.,Surprise,MELD
"I’m sorry honey, what were you saying?",Neutral,MELD
"Oh uh-uh yeah, I think that…",Neutral,MELD
Do you think my nipples are  too big for her mouth?,Neutral,MELD
She looks scared.,Neutral,MELD
Doesn’t she  look scared?,Neutral,MELD
"Y’know, I don’t really know her.",Neutral,MELD
Can you see my nipples through this shirt?,Neutral,MELD
"No. But don't worry, I'm sure they're still there.",Neutral,MELD
"Where are you going, Mr. Suity-Man?",Neutral,MELD
"Well, I have an appointment to see Dr. Robert Pillman, career counselor a-gogo.  I added the ""a-gogo.""",Neutral,MELD
"Actually, tomorrow night kinda depends on how tonight goes.",Neutral,MELD
"Oh, uh, listen, about tonight...",Sadness,MELD
"No, no, no, don't you dare bail on me.",Anger,MELD
The only reason she's goin' out with me is because I said I could bring a friend for her friend.,Neutral,MELD
"Yes, I know, but her friend sounds like such a...",Anger,MELD
Pathetic mess?,Neutral,MELD
"I know, butcome on, man, she's needy, she's vulnerable.",Neutral,MELD
"I'm thinkin', cha-ching!",Joy,MELD
Thanks.,Neutral,MELD
"Look, you have not been out with a woman since Janice.",Neutral,MELD
You're doin' this.,Neutral,MELD
Hi. She said yes.,Neutral,MELD
"Yes! Way to go, man!  Still got the egg, huh?",Joy,MELD
"""Happy birthday to you!""",Joy,MELD
Youre paying for that.,Neutral,MELD
What? No-no its her birthday!,Surprise,MELD
Youve sung Happy Birthday to 20 different women today!,Surprise,MELD
But it really,Neutral,MELD
You are no longer authorized to distribute birthday muffins.,Neutral,MELD
Damnit!,Anger,MELD
Rach? Hi!,Joy,MELD
Hi!,Joy,MELD
Did you tell your sister to ask me out?,Neutral,MELD
Well yeah,Neutral,MELD
Oh wow!,Surprise,MELD
"I mean, wow!",Surprise,MELD
"I mean, I-I-I think shes cute but I-I would never have thought of going out with her, never!",Neutral,MELD
Really?!,Surprise,MELD
"Yeah but after you said it was okay, I figured, ""Why not?!""",Joy,MELD
Oh so-so not really never.,Neutral,MELD
I have to say you are a much bigger person than I am.,Neutral,MELD
"I mean after all weve been through, I justyknow I wish I had a brother to reciprocate.",Neutral,MELD
"Hey, if you ever want to go out with Monica, you have my blessing.",Neutral,MELD
"Oh-ho, and mine!",Joy,MELD
No-no wait-wait! I cant just let you hang up! Just please talk to me.,Fear,MELD
WellI only have one thing to do today.  I guess I could push it back.,Neutral,MELD
"Yeah! Now, why do you want to kill yourself?",Sadness,MELD
"Its just that I uh, have been working for ten years now at this meaningless, dead-end job and nobody here even knows I exist!",Sadness,MELD
Chandler?,Neutral,MELD
I-Im sorry?,Sadness,MELD
"No look, I-Im sure that people know you exist!",Sadness,MELD
Oh yeah?,Sadness,MELD
I work in a cubicle surrounded by people.,Neutral,MELD
Ive been talking to you for five minutes now about killing myself and no ones even looked up from their desk.,Sadness,MELD
Hang-hang on.,Neutral,MELD
Hey everybody!,Neutral,MELD
"Uh, Im gonna kill myself!",Sadness,MELD
I got nothing.,Neutral,MELD
"Apparently, theres like a million guys out there that can play Mac, and theres only this one robot and this one guy who controls it!",Surprise,MELD
I didnt know he could get me fired!,Surprise,MELD
What am I going to do?,Fear,MELD
"Well yknow Joey, youre a pretty charming guy.",Neutral,MELD
"Thanks, but I kinda have a problem to deal with here.",Fear,MELD
"No sweetie, youve got to win over the guy that controls C.H.E.E.S.E.! Youve got to kiss some serious robot ass!",Neutral,MELD
Thats not a bad idea.,Neutral,MELD
"Okay, but if I got to turn on the charm tomorrow Im not wasting anymore of it over here with you guys.",Neutral,MELD
"Well, actually I got a little bit saved for you Pheebs.",Joy,MELD
"So do you think uh, Joeys more charming than me?",Neutral,MELD
Yeah! Thats why Im sleeping with him on the side.,Sadness,MELD
"Yeah, you wish.",Neutral,MELD
"""You wish.""",Joy,MELD
Why are you yelling?,Joy,MELD
"Whoa, that",Neutral,MELD
"Whoa-whoa, what is it?",Surprise,MELD
Well Its a date.,Neutral,MELD
A date?!,Surprise,MELD
"No, no Pheebs you-you must be mistaken, because I know you wouldnt schedule a date on the same night you have plans with a friend!",Surprise,MELD
"Come on Joey, dont make me feel badly about this.",Sadness,MELD
"No, Im gonna!!",Anger,MELD
Thats right!,Anger,MELD
"Yeah, you made me feel really guilty about goin out with that girl!",Anger,MELD
Like-like-like I did something terrible to you!,Anger,MELD
"And now Pheebs, youre doing the same thing!",Anger,MELD
ThatIts not the same thing! This is,Anger,MELD
"Okay, well my girl from the other night was special. She was a scientist too!",Anger,MELD
She was?,Surprise,MELD
"Well, she graduated from high school!",Anger,MELD
"Okay, whatever.",Joy,MELD
Yknow what?,Neutral,MELD
"I dont have time to convince you because hes only here for four hours, and Im gonna go see him!",Anger,MELD
Fine!,Anger,MELD
Yeah!,Anger,MELD
Fine!,Anger,MELD
Yeah!,Anger,MELD
"What are you still doin here?! I told you, lobster ravioli!",Anger,MELD
"Sorry I'm late, I was stuck at work. There was this big dinosaur.. thing.. anyway.",Neutral,MELD
Hi.,Neutral,MELD
"Ross, you remember Susan.",Neutral,MELD
How could I forget?,Surprise,MELD
Ross.,Neutral,MELD
"Hello, Susan.  Good shake. Good shake. So, uh, we're just waiting for...?",Anger,MELD
Dr. Oberman.,Neutral,MELD
..Dr. Oberman. Okay. And is he-,Neutral,MELD
She.,Neutral,MELD
"-she, of course, she- uh- familiar with our.. special situation?",Neutral,MELD
"Yes, and she's very supportive.",Neutral,MELD
"Okay, that's great.  No, I'm- Oh.",Joy,MELD
Thanks.,Neutral,MELD
"Quack, quack..",Neutral,MELD
Ross? That opens my cervix.,Surprise,MELD
Barry?,Surprise,MELD
C'mon in.,Neutral,MELD
Are you sure?,Surprise,MELD
"Yeah! It's fine, it's fine. Robbie's gonna be here for hours.",Neutral,MELD
Huh?!,Surprise,MELD
"So, how ya doin?",Neutral,MELD
Does she use the cups? Yes! I believe she does. Does she use the plates? Yes! I believe she does.,Neutral,MELD
"Oh. Thank you. Ohhh, thank you very much. Oh, thank you for coming.  Uh, just a second!",Joy,MELD
"No-no, let me in!",Anger,MELD
Phoebe?,Neutral,MELD
Yeah!,Joy,MELD
Can you just hold on for one minute?,Neutral,MELD
"No, you have to let me in right now!!",Joy,MELD
Are you alone?,Neutral,MELD
Yes!,Joy,MELD
All right.,Neutral,MELD
Let go!,Anger,MELD
No! You let go!,Anger,MELD
How come its always us left in the field holding the ball?,Joy,MELD
I dont know. I guess the other people just dont care enough.,Neutral,MELD
Hey! Its starting to snow.,Sadness,MELD
Gimme the this!,Anger,MELD
Let go!,Anger,MELD
Y'know what?,Neutral,MELD
Umm?,Neutral,MELD
I bet ya ya I could fit in there.,Neutral,MELD
Ive got five bucks says you cant.,Neutral,MELD
"Shoot! Shoot! Shoot! Shoot, or just fall down. That's good too.",Joy,MELD
Knick fan?,Neutral,MELD
"Oh, yeah.",Neutral,MELD
"Oh, boy, do they suck.",Anger,MELD
"Hey, listen, lady.......whoa.",Surprise,MELD
"Look, look at your man, Ewing. Nice shot. You know what, he couldn't hit water if he was standing on a boat.",Disgust,MELD
Oh yeah? And who do you like?,Neutral,MELD
The Celtics.,Neutral,MELD
"The Celtics? Ha. They couldn't hit a boat if...wait. They suck, alright?",Disgust,MELD
"Oh, shut up. You know, it's a rebuilding year. You... waah!",Anger,MELD
"Wha? Wha..aa? Let me get the father. Hey, we need a father over here! We need a father!",Anger,MELD
There is no father.,Neutral,MELD
"Oh, oh, oh, sorry.",Fear,MELD
"Oh, uh, ok. Right this way. All the other pregnant women seem to be goin' in here.",Neutral,MELD
Ok.,Neutral,MELD
"Sweetheart, just gimme- gimme another chance, okay, we'll start all over again. We'll go back to Aruba.",Fear,MELD
"Dr. Farber, we've got a bit of an emergency here...Jason Costalano is choking on his retainer.",Fear,MELD
Oh God...,Fear,MELD
"I'll be right there, Bernice.",Neutral,MELD
"Look, please, please don't go anywhere, okay?",Fear,MELD
Okay.,Neutral,MELD
"Okay, we'll be here!",Neutral,MELD
Hating you!,Anger,MELD
Did you see how he was sweating when he walked out of there?,Surprise,MELD
"Listen honey, if I'm hogging the ball too much you just jump right in there and take a couple punches because I'm telling you, this feels",Neutral,MELD
Yeah... I'm pretty sure I'm still gonna marry him.,Joy,MELD
"What are you talking about?! Mindy, the guy is the devil! He's Satan in a smock!",Disgust,MELD
"Look, I know he's not perfect, but the truth is, at the end of the day, I still really wanna be Mrs. Dr. Barry Farber, D.D.S.",Neutral,MELD
Oh God.,Surprise,MELD
I hope you can find some way to be happy for me. And I hope you'll still be my maid of honor...?,Fear,MELD
And I hope Barry doesn't kill you and eat you in Aruba.,Sadness,MELD
"Listen, Roberts gonna be here any second so, will one of you just tell him?",Neutral,MELD
Oh.,Sadness,MELD
"Please, right now, no, every time I see him its like Is it on the lose? Is it watching me?",Fear,MELD
"We cant tell him, you cant go up to a guy you barely know and talk about his.... stuff.",Anger,MELD
"Hes right, even if its to say something complementary.",Neutral,MELD
Hey!,Surprise,MELD
Hey.,Neutral,MELD
"So are ready for the gym? Theyve got this new rock climbing wall, we can spot each other.",Neutral,MELD
"No, I can spot you from here.",Neutral,MELD
What?,Surprise,MELD
"Okay, listen Robert...",Neutral,MELD
I dont have time for this.,Anger,MELD
"No, that is what the game is.",Neutral,MELD
Which you just gave up really quickly.,Neutral,MELD
Have you seen Joey?,Neutral,MELD
Whats the matter?,Neutral,MELD
"Oh, just this!  Yknow what its my fault really, because the couch is usually where we",Neutral,MELD
"Hey, does somebody wanna hand me one of those tiles.",Neutral,MELD
Whats going on?,Surprise,MELD
Hes retiling my floor.,Neutral,MELD
Yo!! Spackel boy! Get up!,Neutral,MELD
"Ah-ah-ah, now you started this, you will finish it.",Anger,MELD
He started mine first!,Anger,MELD
"Build the unit Cinderelly, lay the tile Cinderelly.",Anger,MELD
Come on Chloe! Finish up with your customer first. Come on Chloe! Come on Chloe!!,Joy,MELD
Can I help you?,Neutral,MELD
Uh-oh.,Fear,MELD
"Uh, y'know what, were having second thoughts about our copying needs. And well need a little more time to think about it.",Neutral,MELD
"Chloe, switch with me, theres some guys here that got a crush on you.",Neutral,MELD
"Okay, that hurt us.",Joy,MELD
Hi guys. I havent seen you since this morning.,Neutral,MELD
"Well ah, ........y'know.",Neutral,MELD
"Hey, what are you guys doing tomorrow night?",Neutral,MELD
Both of us?,Surprise,MELD
Maybe. Does that scare ya?,Neutral,MELD
Relax. Its just Issacs D.J.-ing at the Philly. You should come.,Neutral,MELD
Well be there.,Joy,MELD
"Great. Ill ah, see ya then.",Joy,MELD
"All right, rock on.",Joy,MELD
"Umm, candles, champagne, yeah anniversaries are great.",Joy,MELD
"Cause you know love lasts forever, y'know.",Joy,MELD
"Nothing like it in this lifetime, money in the bank, so Rachel and I broke up.",Sadness,MELD
"Oh God, Ross I am so sorry.",Joy,MELD
"Y'know what, I want to talk to you about this so much, but we should probably do it when we could really get into it, are you free for dinner tomorrow night?",Neutral,MELD
"Oh yeah, Id love that.",Joy,MELD
"Oh, great! Me too.",Joy,MELD
I guess it all started when Rachel got this new job.,Neutral,MELD
And why do you care so much?,Neutral,MELD
Because! You could get to live out my fantasy!,Joy,MELD
You had fantasies about Emily?,Sadness,MELD
"No! Yknow,",Neutral,MELD
Is that why in junior high you were the only one that hung out with that Ukrainian kid?,Neutral,MELD
"Yeah that, plus his mom used to put sour cream on everything!",Neutral,MELD
Do you love her?,Neutral,MELD
"We said it was only going to be two weeks, yknow?",Neutral,MELD
You love her!,Surprise,MELD
What-what is love really?,Neutral,MELD
"Ohhh, I",Neutral,MELD
I am a good kisser.,Neutral,MELD
"Then you two can, can sneak into the cockpit, and things will start to heat up, and then a stewardess comes in  Ive been watching too much porn.",Neutral,MELD
So basically this is very easy. You read from the script and try to sell as much toner as you possibly can.,Neutral,MELD
"Okay, I can do that! Oh, by the way, I",Joy,MELD
Why dont we do a trial run.,Neutral,MELD
"Oh okay. Umm, all right.  Hi, this is Phoebe from Empire Office Supplies, can I speak to your supply manager please?",Neutral,MELD
Im the supply manager.,Neutral,MELD
"Umm, okay I would like to talk to you about your toner needs.",Neutral,MELD
"Kathy! Kathy! Hi!! Kathy! Kathy! (She doesn't hear him and keeps running, Chandler starts chasing her as the theme to",Joy,MELD
"Hey, Chandler! What are you doing here?",Surprise,MELD
"Oh, I just wanted to say, ""Hey!""",Joy,MELD
Hey!,Neutral,MELD
Okay.,Neutral,MELD
"Oh, hey, Mon, do you still have your like old blouses and dresses from high school?",Neutral,MELD
"Yeah, I think I have some around here somewhere. Why?",Neutral,MELD
"Well, its just that maternity clothes are so expensive.",Joy,MELD
"Hey, Rach! I made a pile of your stuff over on this side of the room. If you could justthrow your purses at it.",Sadness,MELD
Bloomingdales,Neutral,MELD
"Oh my God, are you out of a job?",Surprise,MELD
"No, but they stuck me in personal shopping. Which is just a",Sadness,MELD
Okay!,Neutral,MELD
"Come on, no peeking!",Joy,MELD
Our eyes are closed and were about to cross the street. Very good.,Joy,MELD
"Okayyyyy, open up!",Joy,MELD
What did you want to show us? Because all I can see is this,Neutral,MELD
"Yeah, its for our catering business!",Joy,MELD
I think I know that girl.,Neutral,MELD
"All right, umm, were not gonna really keep it this way though.",Joy,MELD
No?,Surprise,MELD
"No, were gonna paint over the sword, and replace it with a baguette.",Neutral,MELD
Oh!,Surprise,MELD
"And also, we dont know what to do with this.",Neutral,MELD
"Oh yeah, I definitely know her.",Neutral,MELD
"You dont know?! Rach, you balded my girlfriend!",Neutral,MELD
"All right! Ross, do you think its easy for me to see you with somebody else?",Anger,MELD
"Y'know, hey! Youre the one who ended it, remember?",Anger,MELD
"Yeah, because I was",Neutral,MELD
You still love me?,Sadness,MELD
Noo.,Sadness,MELD
You still love me.,Neutral,MELD
"Oh, y-yeah, so, you-you love me!",Surprise,MELD
"Noo, nnnnn. What does this mean? What do you, I mean do you wanna, get back together?",Surprise,MELD
Noo!,Anger,MELD
Maybe!,Surprise,MELD
"I, I dont know.",Neutral,MELD
"Ross, I still cant forgive you for what you did, I cant, I just, but sometimes when Im with you I just, I feel so...",Sadness,MELD
What?!,Sadness,MELD
"I just, I feel, I-I just...",Neutral,MELD
What?,Neutral,MELD
I feel...,Neutral,MELD
"Noo!! I dont care! Im not, Im not gonna playing one-on-one strip poker with you for practice!",Anger,MELD
But I made cards!!,Sadness,MELD
Well! Good night.  Im going upstairs.,Neutral,MELD
Good night.,Neutral,MELD
Wanna play strip poker for practice?,Sadness,MELD
What are you doing?,Neutral,MELD
The keys stuck in the lock.,Neutral,MELD
I can fix it. Hold on.  Look out. Look out.,Neutral,MELD
It still doesnt work.,Joy,MELD
"Isnt it incredible?! Monica and Chandler, gettin married.",Joy,MELD
"I know, theyre gonna be",Joy,MELD
"Ohh I mean two best friends falling in love, how often does that happen?",Joy,MELD
Not,Neutral,MELD
No! Im so happy for them!,Joy,MELD
Me too! So happy for them!,Joy,MELD
"Oh no! No God, definitely not jealous!",Neutral,MELD
"I mean Im probably 98% happy, maybe 2% jealous. And I mean whats 2%? Thats nothing.",Neutral,MELD
Totally. Im like 90/10.,Joy,MELD
Yeah me too.,Neutral,MELD
"Hey uh, have you guys scene Chandler?",Neutral,MELD
"Whno, but yknow who did stop in here looking for ya, Tennille.",Neutral,MELD
Remember that guy from cooking school I told you about that put cilantro with everything?,Neutral,MELD
"Oh sure, Cilantro Larry.",Neutral,MELD
"Well, Im gonna fill in for him as food critic for the Chelsea Reporter.",Joy,MELD
"Wow, Monica! What an amazing opportunity to influence dozens of people.",Joy,MELD
"How could you say yes, what about our catering business?",Anger,MELD
"Oh no-no-no, its only one night a week, and plus I get to take all of you out for a",Neutral,MELD
Yay!!,Joy,MELD
"Oh, in that caseYay!  That was me hopping on board.",Joy,MELD
Oh.,Joy,MELD
"Hey, you guys! Hey, Ross, quick question for ya. Are you ready to party?",Joy,MELD
Hello.,Neutral,MELD
"Hey, its me.",Neutral,MELD
"I know you cant stand to be in the same room as me, so I just thought Id try and apologize over the phone.",Sadness,MELD
Hello.,Neutral,MELD
"Look I never should have kissed your girlfriend, but Im",Fear,MELD
Stop callin!!,Anger,MELD
"Hey! Hey! Hey! This is 92.3, WXRK, K-Rock for our $1,000 daily challenge.",Joy,MELD
All right!,Neutral,MELD
"What is the name of your roommate who is very, very sorry and would do anything",Neutral,MELD
Joseph Francis Tribbiani are you home yet?!!,Neutral,MELD
"Umm, I think hes still out. Whats wrong?",Joy,MELD
"Well, Ill tell you Rachel Karen Green, I had plans with Joey tonight and he left me this note.",Neutral,MELD
"""Pheebs, cant make it, got a date. Talk to you later. Big Daddy.""  Big Daddy?",Anger,MELD
Oh thats a nickname we were trying out.,Neutral,MELD
"Hey, yknow what nickname never caught on? The Ross-A-Tron!",Joy,MELD
Hey!,Joy,MELD
Oh! Heres Joseph Francis!,Joy,MELD
Oh-Wha-Ho! What are you middle naming me for?! I left you a note!,Surprise,MELD
So what?! That doesnt give you the right to ditch me!,Anger,MELD
"Hey, you can cancel plans with friends if there is the possibility for sex!",Anger,MELD
"Phoebe hes right, that is the rule.",Neutral,MELD
I dont accept this rule.,Anger,MELD
"When we make plans, I expect you to show up.",Anger,MELD
"Okay, I cant just be a way to kill time til you meet someone better!",Anger,MELD
"Yknow boyfriends and girlfriends come and go, but this  is for life!",Anger,MELD
Did you know he was in there?,Neutral,MELD
No.,Neutral,MELD
How long have we been home?,Neutral,MELD
About a half an hour.,Neutral,MELD
Love,Neutral,MELD
"Lights.  Uh, romantic lights.",Neutral,MELD
"Ooh, nice.",Joy,MELD
"So ah, there was this thing I wanted to talk to you about.",Neutral,MELD
"Oh, right! I completely forgot about that.",Neutral,MELD
"Well ah, Ive been doing a lot of thinking, and I look at my life",Neutral,MELD
Yeah?,Neutral,MELD
"And I feel like Ive conquered the business world, and I feel like Ive conquered the intellectual world, and now I-I have the most beautiful woman in the world.",Anger,MELD
Wow.,Surprise,MELD
Theres one thing missing.,Sadness,MELD
Whats that?,Neutral,MELD
Its time for me to conquer the physical world.,Neutral,MELD
Okay.,Neutral,MELD
"Monica, I want to become  the Ultimate Fighting Champion.",Neutral,MELD
You wanna what?!,Surprise,MELD
"I want to become the Ultimate Fighting Champion! Its the most intense physical competition in the world, its banned in 49 states!",Joy,MELD
What are you talking about?,Surprise,MELD
"Okay, my trainer, Ho Chi, is teaching me a combination of Gee Koon Doe and Brazilian street fighting, Ive even had my own octagon training ring designed.",Neutral,MELD
And I suppose you used a ring designer for that.,Joy,MELD
Yeah.,Neutral,MELD
"Monica, I want you there in the front row when I win.",Joy,MELD
I want you close enough to smell the blood.,Joy,MELD
What do you think?,Neutral,MELD
My parents will be so happy.,Disgust,MELD
Okay to come in?,Neutral,MELD
"Yeah, come on, eat, whatever you want. Dr. Roger got beeped again.",Neutral,MELD
"Yeah I know, guess who beeped him?",Neutral,MELD
What?!,Surprise,MELD
Im the ruptured spleen.,Sadness,MELD
Why would you do that?,Joy,MELD
Because you shouldnt be with him.  You should be with me.,Sadness,MELD
Really?,Surprise,MELD
"When you were talking about Roger, that was killing me!",Sadness,MELD
"Look, things like last night they dont just happen.",Neutral,MELD
Or at least not to me.,Neutral,MELD
"Or with the other two women, in the morning yknow I was just lying there and I couldnt wait to just go hang out with my friends, but with you I always yknow with a friend.",Neutral,MELD
Chandler!,Surprise,MELD
"I know you probably dont want to go out with me, yknow because I make too many jokes and Ive never been in a serious relationship and I guess Im not technically a ""doctor""",Sadness,MELD
"There was just one woman, wasnt there?",Neutral,MELD
"No, there were two.",Neutral,MELD
Including me?,Surprise,MELD
Oh yeah.,Joy,MELD
Hey!,Joy,MELD
Welcome back!,Joy,MELD
Hey!  Can we pick up where we left off?,Joy,MELD
"I dont know, Im still pretty tired out from this afternoon.",Neutral,MELD
Why?,Surprise,MELD
"Uh, the sex.",Neutral,MELD
What sex?,Surprise,MELD
Our sex.,Joy,MELD
We didnt have sex.,Surprise,MELD
"Well if I didnt have sex with you, I had sex with someone that looked an awful lot like",Neutral,MELD
Ew! Ew! Ew! Ew! Ew! Ew!,Disgust,MELD
Oh no! Oh no! Oh no! Oh no! No! No! No!,Disgust,MELD
Oh my God Stu! I-I cant believe you did this! Now are you absolutely sure shes a hooker?,Disgust,MELD
"Either that or shes just the best, most expensive date I ever had.",Surprise,MELD
Would you look at them. Am I ever gonna find a boyfriend again? I gonna die an old maid.,Sadness,MELD
Im your mother.,Neutral,MELD
Ehh?,Surprise,MELD
"Oh, and then Monica joked that she wouldnt go out with a guy like Chandler...",Neutral,MELD
Hi there.,Neutral,MELD
"...and he couldnt let it go, and... I dont really know what happened with that either.",Neutral,MELD
"And then Rosss new girlfriend, Bonnie, shows up and Rachel convinced her to save her head.",Neutral,MELD
"And then Ross and Rachel kiss, and now Ross has to choose between Rachel and the bald girl and I dont know what happened there either...",Neutral,MELD
"Y'know what, hold on, let me go get Chandler.",Neutral,MELD
"Uh Mr. Morse, can I speak to you for a moment?",Neutral,MELD
"Well yeah, I lied before.",Sadness,MELD
Oh!,Surprise,MELD
Oh God,Surprise,MELD
Now you know how you really feel about it.,Neutral,MELD
"Oh-oh, thats a risky little game!",Surprise,MELD
Are you really gonna do this?,Fear,MELD
Yeah. Im gonna have a baby. Im gonna have a baby. Im gonna have a baby!,Joy,MELD
With who?,Neutral,MELD
"Ah, its still not the time.",Neutral,MELD
You said I was boring--Ohh!,Anger,MELD
When did I say you were boring?!,Neutral,MELD
"Oh my God, I remember now! We were playing chess!",Surprise,MELD
Phoebe! You and I have,Neutral,MELD
"Oh, come on!",Joy,MELD
"Yes, remember that time on the frozen lake?",Neutral,MELD
"We were playing chess, you said I was boring, and then you took off your energy mask and you were Cameron Diaz!",Anger,MELD
"Okay, there's a",Neutral,MELD
"All right, Im leaving!",Anger,MELD
Because Im not going to spend one more day with someone whose out to sabotage my every move.,Anger,MELD
Thats you Rachel!,Anger,MELD
"Yeah, I got that.",Neutral,MELD
"And you! I throw myself at you and you say no, how gay are you?",Anger,MELD
You take care Jill.,Neutral,MELD
"Okay, see ya!",Joy,MELD
Bye-bye,Joy,MELD
"I-I cant believe Jills gone.  I cant help it, I opened a gate.",Sadness,MELD
"How about, youre moving!!",Joy,MELD
Look! This is ridiculous. We should be packing you!!,Anger,MELD
"Hey, how are you guys doing?",Neutral,MELD
Great! Monicas moving!,Joy,MELD
I am not!,Anger,MELD
Oh really?! Then how come all your stuff is in this box?!,Surprise,MELD
"Okay, you guys. You guys I think I know whats going on here. Okay, you guys",Neutral,MELD
No Phoebe I am mad!,Anger,MELD
"Well, deep-deep-deep down!",Neutral,MELD
"Yeah, Im just mad!",Anger,MELD
Then keep running.,Neutral,MELD
Okay!,Neutral,MELD
"Oh, heres that trench-coat that you wanted.",Neutral,MELD
"Oh great!  Wow! Yeah, its comfortable.",Joy,MELD
Yeah?,Neutral,MELD
Oh! Here we,Anger,MELD
"All right, y'know what, we've been talking about London too much haven't we?",Neutral,MELD
I'm sorry.,Neutral,MELD
It's just 'cause I couldn't be there.,Neutral,MELD
"Cause all I ever get to do now is pregnant stuff, it just bums me out.",Sadness,MELD
Sorry.,Neutral,MELD
What happened?,Neutral,MELD
"Well, y'know, a little of this, a little of that. Got myself a date tomorrow night.",Neutral,MELD
"See, didn't I tell you?! You're getting over Ross already!",Joy,MELD
Get out!,Joy,MELD
I just didnt see the fast song coming.,Surprise,MELD
Shh.,Neutral,MELD
Shh.,Neutral,MELD
"Dont try to talk, well get you up to your room, well soak your feet, youll be okay.",Neutral,MELD
"Oh, thank you.",Neutral,MELD
That is so sweet!,Joy,MELD
Yeah.,Neutral,MELD
"No, I mean it. There are so few genuinely nice guys out there.",Anger,MELD
"Tell me about it, I feel like Im holding down the fort all by myself.",Neutral,MELD
Its Joey right?,Neutral,MELD
Yeah.,Neutral,MELD
Wait a minute!,Surprise,MELD
No!,Anger,MELD
Im the nice one!,Surprise,MELD
Im the one who danced with the kids all night!,Surprise,MELD
HowHow small are your feet?,Neutral,MELD
"Uhh, do you mind sitting there. Im-Im saving this for my friend Ross.",Neutral,MELD
You mean Dr. Geller?,Neutral,MELD
Doctor? Wow! I didnt know he had a nickname.,Surprise,MELD
"Oh, he wont sit here.",Neutral,MELD
"Only the people in the white coats sit over there,  and only the people in the blue blazers sit here.",Neutral,MELD
"Yeah, it mustve fallen out a few blocks back. I just figured we hit a dog.",Joy,MELD
Okay.,Neutral,MELD
"Listen uh, could you put Kathy on, I wanna apologize.",Sadness,MELD
Oh yeah man.  Joey.,Neutral,MELD
Hey.,Neutral,MELD
"Oh no its fine, dont worry about it.",Neutral,MELD
"Yeah-no, stop apologizing, its okay.",Neutral,MELD
Ill talk to you tomorrow.,Neutral,MELD
"I should uh, probably go.",Neutral,MELD
Yeah. Yes! Yeah.,Neutral,MELD
I forgot my purse.,Neutral,MELD
Oh.,Neutral,MELD
"No, I really did forget my purse.",Neutral,MELD
"A new place for a new Ross. I'm gonna have you and all the guys from work over once it's y'know, furnished.",Neutral,MELD
I must say it's nice to see you back on your feet.,Joy,MELD
Well I am that. And that whole rage thing is definitely behind me.,Neutral,MELD
I wonder if its time for you to rejoin our team at the museum?,Neutral,MELD
"....and 12, 22, 18, four...  What?",Surprise,MELD
I spelled out boobies.,Joy,MELD
"Ross, but me down for another box of the mint treasures, okay. Where, where are the mint treasures?",Neutral,MELD
"Ah, were out. I sold them all.",Neutral,MELD
What?,Surprise,MELD
No.,Sadness,MELD
"No, just, just, just a couple more boxes.",Anger,MELD
"It-it-its no big deal, all right, Im-Im cool.",Fear,MELD
You gotta help me out with a couple more boxes!,Sadness,MELD
"Mon, look at yourself. You have cookie on your neck.",Disgust,MELD
Oh God!,Sadness,MELD
"So, how many have you sold so far?",Neutral,MELD
Check this out. Five hundred and seventeen boxes!,Surprise,MELD
"Oh my God, how did you do that?",Surprise,MELD
"Okay, the other night I was leaving the museum just as Laser Floyd was letting out of the planetarium, without even trying I sold 50 boxes!",Joy,MELD
"Thats when it occurred to me, the key to my success, the munchies. So I ah, started hitting the NYU dorms around midnight.",Joy,MELD
I am selling cookies by the case.,Joy,MELD
They call me: 'Cookie Dude!',Joy,MELD
"Okay, stop what youre doing, I need envelope stuffers, I need stamp lickers.....",Neutral,MELD
"Well hey, who did these resumes for ya?",Surprise,MELD
Me! On my computer.,Joy,MELD
Hi.,Neutral,MELD
Hey.  Soaps? Shampoos? Are you really taking all this stuff?,Surprise,MELD
Why not? Its built into the price of the room.,Neutral,MELD
Yeah but you dont needWhat is this?,Surprise,MELD
Thread!,Joy,MELD
Score! Where are the disposable cameras?,Joy,MELD
What disposable cameras?,Sadness,MELD
The cameras? Remember last night I told you to take them?,Surprise,MELD
No you didnt.,Neutral,MELD
"Yes! Remember? Right before we cut the cake, I went up to you and I said",Surprise,MELD
"Oh-oh yeah, you-you came up to me and asked if I could do you a favor, and my Uncle Murray came up to you and handed you a check.",Neutral,MELD
"And then you said, ""Why do they call it a check?",Neutral,MELD
"Why not a Yugoslavian?""",Neutral,MELD
"Yeah, then you did that.",Neutral,MELD
So you dont have the cameras?!,Surprise,MELD
No. Sorry man.,Sadness,MELD
So? What? What? Theyre gone! Monicas gonna freak!,Surprise,MELD
"Well, Im sure theyre still somewhere here in the hotel. Ill-Ill help you look for them.",Neutral,MELD
Great.,Anger,MELD
In-in three minutes.,Neutral,MELD
"Uhh, Rachel, my parents",Neutral,MELD
Ohh! Its so nice to meet you.  Hello.,Joy,MELD
"Hello. Well, Joshua, that $500 was for groceries.",Neutral,MELD
What?,Surprise,MELD
"This-this, no, oh no, no-no-no, this is notthats-thats not what it is.",Joy,MELD
"See, see, okay, I work in fashion, see and-and, this is a real dress actually.",Neutral,MELD
"Its-its, theyre-theyre wearing it in Milan, so part of my job is too wear the clothes, and then I see how people respond, and then I report back to my superiors at",Neutral,MELD
Maybe in L.A?,Neutral,MELD
Yes!,Joy,MELD
There you go.,Neutral,MELD
"So, have you kids eaten yet?",Neutral,MELD
"Well, we were going to do that afterI mean umm, next.",Neutral,MELD
"Well, were starving, why dont we all go get something to eat?",Neutral,MELD
"Oh, yeah, well Yeah, no use wasting this baby, just lyin around the house.",Neutral,MELD
So We go eat.,Neutral,MELD
Yes.,Neutral,MELD
"Youll wear that. Well be eating, and of course, youll be wearing that.",Neutral,MELD
Well I guess I shouldve thought about my wife and kids before I talked back to chef Geller!,Neutral,MELD
Thanks.,Neutral,MELD
Enough!,Anger,MELD
Lean lean lean,Joy,MELD
Let me see that.,Neutral,MELD
This one right here.,Neutral,MELD
Triskaidekaphobia.,Neutral,MELD
The fear of,Neutral,MELD
"No! No, fear of the number 13.",Neutral,MELD
"Its possible, they have really sharp edges.",Neutral,MELD
"All right Chandler, youre up.",Neutral,MELD
"Wait a minute, I-I believe Im entitled to use my Angel Pass for a free turn?",Joy,MELD
This game makes no sense!,Anger,MELD
Yknow what? Youre just upset because youre losing.,Joy,MELD
"Oh come on Ross, I think were all losers here.",Neutral,MELD
"All right. Chandler, you can either spin the wheel or pick a Google card.",Neutral,MELD
Let me think. Let me thinkOh! I dont care.,Anger,MELD
You-you must choose Mr. Bing.,Neutral,MELD
"Either, it makes no difference.",Neutral,MELD
"Choose, you jackass!",Anger,MELD
Ill take a card.,Neutral,MELD
"Okay, you picked the Gimmie card! You get all of Rosss points!",Joy,MELD
What?!,Surprise,MELD
This game is kinda fun.,Joy,MELD
You dont think its a little crazy that you get all my points just cause you,Neutral,MELD
I dont think the contestants are supposed to speak to each other.,Neutral,MELD
"Hello?  Oh, hi Ross!  See? Other people call me!",Surprise,MELD
Very funny Ross!,Joy,MELD
Very life-like and funny.,Neutral,MELD
Okay.,Neutral,MELD
"Oh no-no-no, I wasn't waving at you lady.",Neutral,MELD
"Whoa, maybe I was!",Surprise,MELD
"Get in there man! Flirt back, mix it up!",Joy,MELD
"Yeah, I-I-I'm down with that.",Joy,MELD
"Okay, here goes.",Fear,MELD
How  you  a-doin'?,Neutral,MELD
It worked!,Surprise,MELD
She's waving me over.,Joy,MELD
"Okay, I-I-I'll be right over.",Joy,MELD
"Let's see, she's on the third floor",Neutral,MELD
"Wow! She is pretty, huh?",Surprise,MELD
"Tell me about it, huh?  Oh no-no-no, I'm not with her, she's just Monica!  Ewwuck!",Disgust,MELD
Hey!,Neutral,MELD
Hey!,Neutral,MELD
"Oh honey, I'm so sorry, you were right, this feels great!",Joy,MELD
"See? And you don't care if people are staring, it's just for a second cause then you're gone!",Neutral,MELD
Gone! I mean its amazing Pheebs. I feel so free and so graceful.  Hey! Look out for the horse! Sorry!,Joy,MELD
"Oh come on guys, its not like I moved to Europe! I just moved across the hall! And",Joy,MELD
Ahh! Arent you dressed yet?,Surprise,MELD
Am I naked again?!,Surprise,MELD
Were supposed to meet my parents in 15 minutes.,Neutral,MELD
"Yeah okay, I was just talking to the guys. Just look at them I mean, is it okay if they come visit?",Neutral,MELD
Wh?! What about my allergies?!,Surprise,MELD
"Oh right, your allergies.  All her, she hates you.",Neutral,MELD
Shoot! Were out of soda.,Sadness,MELD
"Oh, Ill go out and get you some.",Neutral,MELD
Really?!,Surprise,MELD
"Nope! Because Im not your boyfriend.  Hey Pheebs, how did it go?",Neutral,MELD
"Well, umm, my Moms friend, Phoebe, is actually my birth Mom.",Sadness,MELD
I found a dried up seashores.,Neutral,MELD
"Sweety, what are you talking about?",Surprise,MELD
"Oh, my new Mom, who-whos a big, fat abandoner!",Sadness,MELD
"Whoa, wait, Pheebs, wait a second! Dont you wanna stay here and talk about it?",Surprise,MELD
"No. Im just, I wanna, I need to be alone.",Sadness,MELD
Monica!,Sadness,MELD
Oh.,Neutral,MELD
Open it! Open it! Open it!,Joy,MELD
Yeah baby!,Joy,MELD
So we never got to hear about your wedding!,Joy,MELD
"No, no, it was just our parents and 1 or 2 friends. It was a small wedding.",Neutral,MELD
Hey!,Joy,MELD
Hey!,Joy,MELD
Hi!,Joy,MELD
"So, do you guys wanna come and eat dinner at the restaurant    sometime in the next few weeks?",Neutral,MELD
Sure!,Joy,MELD
I'd love to!,Joy,MELD
Well you,Neutral,MELD
"Well, I can't give you a massage, because my licence has been    revoked again!",Sadness,MELD
"Phoebe, what happened?",Neutral,MELD
"Well, it was an accident...You know, it's a lot of oil and sometimes    the hand just slips!",Neutral,MELD
Have I got a surprise for you? Pack your bags!,Joy,MELD
Oh no!You guys aren't supposed to get divorced for 7 years!,Surprise,MELD
"Umm, this is nice.",Neutral,MELD
"I know, it is isnt it?",Joy,MELD
"No, I mean it, this feels really good. Is it a hundred percent cotton?",Joy,MELD
"Yeah! And I got it on sale, too.",Joy,MELD
"Anyway, I should go, one of the lifeguards was just about to dismantle a nuclear device.",Neutral,MELD
"Well, if you wanna get a drink later we can.",Neutral,MELD
"Oh yeah, that sounds great.  Oh, and listen, its, its gonna be....",Neutral,MELD
I know. Thanks.,Neutral,MELD
So? Come on! Explain yourself Geller! First you get my Rachel pregnant!,Anger,MELD
You got Rachel pregnant?!,Surprise,MELD
Who did?!,Surprise,MELD
You did!,Anger,MELD
"Yes. Yes, yes I did.  But-but it was, it was just a one night thing. It meant nothing.",Fear,MELD
Oh? Really? Thats what my daughter means to you? Nothing?,Anger,MELD
"No! No sir umm, she means a lot to me. I mean, I careI-I love Rachel.",Fear,MELD
What?!,Surprise,MELD
"Oh but not that way. I meanI mean Im not in love with her. I love her like a, like a friend.",Joy,MELD
Oh really? Thats how treat a friend? You get her in trouble and then refuse to marry her?,Anger,MELD
Hey! I offered to marry her!,Anger,MELD
Wh,Joy,MELD
But I didnt want to.,Anger,MELD
Well why not? So you can spend your time with this tramp?!,Anger,MELD
Tramp?!,Surprise,MELD
"Im sorry. Dr. Green, Mona. Mona, Dr. Green.",Joy,MELD
"Yes, Fran.",Neutral,MELD
"I know what time it is, but I'm looking at the WENUS and I'm not happy!...",Anger,MELD
"Oh, really, really, really?",Joy,MELD
"Well, let me tell you something... you will care about it, because I care about it!",Anger,MELD
You got it?,Neutral,MELD
Good!,Joy,MELD
Whooooaaaa....,Surprise,MELD
Bijan for men?  Bijan for men?  Bijan for men?,Neutral,MELD
"Hey, Joey. So did you hear about the new guy?",Neutral,MELD
I could have birds.,Neutral,MELD
"Okay, Mr. Heckles, we'll try to keep it down.",Neutral,MELD
Thank you. I'm going to rejoin my dinner party.,Neutral,MELD
"All right, bye-bye.",Neutral,MELD
"Okay, Janice. Janice. You gotta give me Janice. That wasn't about being picky.",Neutral,MELD
We'll give you Janice.,Neutral,MELD
"I miss Janice though.  ""Hello, Chandler Bing.""",Neutral,MELD
"""Oh, my, god.""",Surprise,MELD
"""Oh, Chandler, now, now, that's it. There, faster!""",Joy,MELD
"Stop with the broom, we're not making noise.",Neutral,MELD
We won. We won!,Joy,MELD
Mr. Heckles.,Neutral,MELD
How did this happen?,Neutral,MELD
He musta been sweeping. They found a broom in his hand.,Neutral,MELD
That's terrible.,Anger,MELD
I know. I was sweeping yesterday. It coulda been me.,Neutral,MELD
"Sure, you coulda. You never know.",Neutral,MELD
You never know.,Neutral,MELD
"Oh, I'm sorry.",Sadness,MELD
Where's Chandler?,Neutral,MELD
"Oh, he needed some time to grieve.",Neutral,MELD
I'm free! I'm free!,Joy,MELD
That oughta do it.,Neutral,MELD
"Hey, look at me. I'm making jam, been at it since 4 o'clock this morning.",Sadness,MELD
Where'd you get fruit at four in the morning?,Surprise,MELD
Went down to the docks. Bet ya didn't know you could get it wholesale.,Neutral,MELD
I didn't know there were docks.,Surprise,MELD
Hey.,Neutral,MELD
Hey.,Neutral,MELD
"Aww, is it broken?",Sadness,MELD
"No, I gotta wear this thing for a couple weeks.",Joy,MELD
Did you tell the doctor you did it jumping up and down on your bed?,Neutral,MELD
Nooo. I had a story all worked out but then Chandler sold me out.,Sadness,MELD
"Well, I'm sorry Joe. I didn't think the doctor was gonna buy that it just *fell* out of the socket.",Anger,MELD
What is this? Fruit?,Surprise,MELD
Monica's making jam.,Neutral,MELD
"Whoa, jam! I love jam!  Hey, how come we never have jam at our place?",Joy,MELD
Because the kids need new shoes.,Neutral,MELD
I'm going into business people.,Neutral,MELD
I'm sick and tired of being depressed about Richard.,Neutral,MELD
"I needed a plan, a plan to get over my man.",Anger,MELD
What's the opposite of man?,Neutral,MELD
Jam.,Neutral,MELD
Oh Joey don't!,Fear,MELD
It's way to hot.,Anger,MELD
This will just be my batch.,Neutral,MELD
Why? Do you think hes still mad at us?,Surprise,MELD
Well hes probably mad after you called him this morning to borrow his goggles.,Neutral,MELD
What? Mine arent tinted.,Surprise,MELD
Here you go Pheebs. Who else wants one of my special homemade brownies?,Neutral,MELD
I will have one.,Neutral,MELD
"Okay, Im not gonna have one.",Neutral,MELD
"No, no, its just my tooth.",Sadness,MELD
All right Ill have one.,Neutral,MELD
"So whats a matter, you need a dentist? Ive got a good one.",Neutral,MELD
"No thanks, I have a good one too. I just, I, I cant see him.",Fear,MELD
See that is the problem with invisible dentists.,Neutral,MELD
Why? Why cant you go to him?,Surprise,MELD
"Because, every time I go to the dentist, somebody dies.",Anger,MELD
"That is so weird, because every time I go to the dentist, I look down the hygienists blouse.",Joy,MELD
"Phoebe, what? Umm...what?!",Surprise,MELD
"Yeah, yeah, first there was my aunt Mary, and then there was umm, John, my mailman, and then my, my cowboy friend Albino Bob.",Neutral,MELD
And all these people actually died?,Surprise,MELD
"Yes, while I was in the chair!",Sadness,MELD
"Thats why I take such good care of my teeth now, y'know, its not about oral hygiene, I floss to save lives!",Neutral,MELD
"Pheebs, come on, you didnt kill anybody, these people just happened to die when you went to the dentist.",Neutral,MELD
"Its, its, its just ah, a coincidence.",Neutral,MELD
"Well tell that to them. Oh! You cant, their dead.",Sadness,MELD
Hello?,Surprise,MELD
Ross.,Neutral,MELD
It was dreadful. I felt terrible about how I acted when you said those wonderful things.,Sadness,MELD
"No, no, that-that, thats all right. Umm, Im just glad you called.",Joy,MELD
"Ross umm, theres something that Ive got to tell you, theres-theres someone else.",Joy,MELD
Does that mean the same thing in England as it does in America?,Sadness,MELD
You know what? I'm not gonna be able to enjoy this.,Sadness,MELD
"Yeah, I know, it's my birthday. We all should be here.",Sadness,MELD
"So, let's go.",Neutral,MELD
"Well maybe, you know, maybe we should stay for one song.",Neutral,MELD
"Yeah, I mean, it would be rude to them  for us to leave now.",Neutral,MELD
"You know, the guys are probably having a great time.",Neutral,MELD
"Okay, Ive got three of my five.",Neutral,MELD
"Three of your five, what?",Neutral,MELD
Celebrities Im allowed to sleep with.,Neutral,MELD
Oh my God! You are giving this a lot of thought.,Surprise,MELD
"Yeah, its hard okay, I only have two spots left.",Neutral,MELD
"All right, so who do you got it narrowed down to?",Neutral,MELD
"Okay, Elizabeth Hurely....",Joy,MELD
"Oooh-hoo, very attractive, forgiving.",Surprise,MELD
Susan Sarandon.,Neutral,MELD
"Eh, y'know what, shes to political, she probably wouldnt let you do it, unless you donated four cans of food first.",Disgust,MELD
And!! Isabella Rosselini.,Joy,MELD
"Ooh-hoo. Very hot, very sexy. But ah, y'know shes too international, y'know shes never gonna be around.",Joy,MELD
So?,Neutral,MELD
"So, you gotta play the odds, pick somebody whos gonna be in the country like all the time.",Neutral,MELD
"Yeah, cause thats why you wont get Isabella Rosselini, geography.",Neutral,MELD
Oh thats five Ross. Five women have had five babies! And I have had no babies! Why doesnt she want to come out?,Sadness,MELD
Yknow what I think it is?,Neutral,MELD
I think youve made such a nice home for her over the last nine months that she just doesnt want to leave.,Neutral,MELD
Oh. Look at you making up crap for me. Oh God!,Sadness,MELD
"Twenty-one hours, youre a hero.",Neutral,MELD
Doctor you gotta do something! I think you gotta give me drugs or you gotta light a fire up in there and just smoke it out.,Sadness,MELD
"Actually, I think youre ready to go to the delivery room.",Neutral,MELD
What?,Surprise,MELD
"Ten centimeters, youre about to become a mom.",Neutral,MELD
My God. Okay.  Ha-ha-ha beat ya! Sucker!,Surprise,MELD
Are they here yet?,Neutral,MELD
"No, honey, they're not, but don't worry, because we are going to find them, and until we do, we are all here for you, ok?",Neutral,MELD
Ok.,Neutral,MELD
Hi.,Neutral,MELD
May I see your boarding pass?,Neutral,MELD
"Oh, no, no, I don't have one. I just need to talk to my friend.",Neutral,MELD
"Oh, oooh. I'm sorry. You are not allowed on the jetway unless you have a boarding pass.",Neutral,MELD
"No, I know, but Ihe just went on.",Neutral,MELD
"He's right there, he's got the blue jacket on, I... can I j-just...",Sadness,MELD
No no no! Federal regulations!,Anger,MELD
"OK, alright, OK, um... then could you please, uh... just give him a message for me? Please? This is",Neutral,MELD
Alright. What's the message?,Neutral,MELD
Uh... I don't know.,Neutral,MELD
"Sir? Sir? Excuse me, sir? Uh... I have a message for you.",Neutral,MELD
What?,Neutral,MELD
"It's from Rachel. She said that she loved the present, and she will see you when you get back.",Neutral,MELD
": Toby... Oh, for God's sake, I don't know what she's talking about!",Surprise,MELD
There's no Rachel!,Anger,MELD
"Here's the thing, Janice.",Neutral,MELD
"You know, I mean, it's like we're different.",Neutral,MELD
"I'm like the bing, bing, bing.",Anger,MELD
"You're like the boom, boom, ... boom.",Neutral,MELD
Ow!,Surprise,MELD
"Oh, my god, I'm so sorry. Are you ok?",Anger,MELD
"Ow. Um, it's just my lens. It's just my lens. I'll be right back.",Sadness,MELD
I hit her in the eye! I hit her in the eye! This is the worst break-up in the history of the world.,Sadness,MELD
Oh my god.  How many of those have you had?,Surprise,MELD
"Oh, I don't know, a million?",Anger,MELD
"Chandler, easy, easy. Go to your happy place. La la la la la la la.",Neutral,MELD
I'm fine.,Neutral,MELD
All right.,Neutral,MELD
I'm not fine. Here she comes.,Fear,MELD
Wait here. Breathe.,Neutral,MELD
How do you do that?,Surprise,MELD
It's like a gift.,Neutral,MELD
We should always always break up together.,Neutral,MELD
"Oh, I'd like that.",Neutral,MELD
You win.,Anger,MELD
"Well, what did you have?",Neutral,MELD
It doesnt matter because nothing beats a three and a six.,Joy,MELD
That my friend is D-Cup.,Neutral,MELD
"Okay, now much have you won so far?",Neutral,MELD
"Uh,  wow, 700.",Surprise,MELD
Not 700 exactly?,Surprise,MELD
Yeah.,Neutral,MELD
Double it!,Joy,MELD
What?,Surprise,MELD
"Well you see in Cups, once you get $700, you have to double it.",Neutral,MELD
Really?,Surprise,MELD
"Hey, I didnt make up the rules.",Neutral,MELD
"Now, after you receive the doubling bonus, you get uh, one card.",Neutral,MELD
"Now that one card could be worth $100 bringing your total to 1,500.",Neutral,MELD
Dont get to excited because thats not gonna happen unless you getNo way!,Surprise,MELD
"Im, Im sorry you didnt get to go to Spacecamp, and Im hoping that maybe somehow, this may make up for it.",Sadness,MELD
Presenting Sarah Tuttles Private Very Special Spacecamp!,Joy,MELD
!,Neutral,MELD
"Really Mr. Geller, you dont have to do this.",Neutral,MELD
Oh come on! Here we go!  Stand by for mission countdown!,Joy,MELD
Im an alien. Im an alien.,Neutral,MELD
Oh no! An asteroid!,Surprise,MELD
Hey.,Neutral,MELD
Hey.,Neutral,MELD
Where you going?,Neutral,MELD
To the bank.,Neutral,MELD
Sperm or regular?,Neutral,MELD
Sperm.,Neutral,MELD
"So you're really doing this, huh?",Surprise,MELD
"Oh yeah, picked a guy, 37135.",Neutral,MELD
Sounds nice.,Neutral,MELD
"Fraid so. Brown hair, green eyes...",Neutral,MELD
"No kiddin', hmm.",Surprise,MELD
What?,Sadness,MELD
"What's wrong, sweetie?",Neutral,MELD
"Nothing, nothing.",Joy,MELD
"Aaaah, what's wrong, c'mon.",Joy,MELD
"It's, I mean, it's nothing, I'm fine.",Sadness,MELD
It's my friends.,Sadness,MELD
They-they have a liking problem with you.,Sadness,MELD
"In that, um, they don't.",Sadness,MELD
Oh. They don't.,Surprise,MELD
But they don't see all the wonderfulness that I see.,Joy,MELD
They don't see all the good stuff and all the sweet stuff.,Sadness,MELD
They just think you're a little...,Joy,MELD
What?,Neutral,MELD
Intense and creepy.,Neutral,MELD
You got me.,Neutral,MELD
Yeah. Right.,Neutral,MELD
"Good, and hey! My treat.  But that's only because you're not eating anything, right?",Joy,MELD
I cant believe were here.,Joy,MELD
Oh youve got to be kidding me.,Surprise,MELD
What?,Surprise,MELD
"As a wedding gift to you, the hotel would like to give you the honeymoon suite.",Neutral,MELD
No!! You have been screwing us all day!,Anger,MELD
Who are you?,Surprise,MELD
Were you just ten seconds later!,Neutral,MELD
You already got the first class tickets.. you got the lounge!,Anger,MELD
I mean we should get free stuff too!,Anger,MELD
I mean youre not the only ones on your honeymoon!,Anger,MELD
Well you can have the suite if you want.,Neutral,MELD
We dont care about where we stay.,Neutral,MELD
Were here to celebrate our love together.,Anger,MELD
We dont have to get free stuff.,Anger,MELD
We just want to be together.,Joy,MELD
We need the stuff.,Neutral,MELD
Yes!,Joy,MELD
"Okay, well then how about a handshake?",Neutral,MELD
Oh God I'm sorry!,Joy,MELD
"Oh God, I'm sorry!",Joy,MELD
I did not mean to touch thatI mean,Fear,MELD
Hey Pheebs!,Joy,MELD
Hey!,Joy,MELD
Check it out.  How much of a man am I?!,Joy,MELD
Wow! Nice! Manly and also kind of a slut.,Fear,MELD
"which brings us back, of course, to Greelys theory of dominance.",Neutral,MELD
"Okay, that-thats all for today.",Neutral,MELD
"Oh, uh does anyone know where the Freeman building is?",Neutral,MELD
"Yeah, its the new building on Avenue A.",Neutral,MELD
"What?! That-thats all the way cross town, Im supposed to teach a graduate seminar there in ten minutes.",Surprise,MELD
"Ooh, dude. Thats not gonna happen.",Neutral,MELD
Move it! Move it! Move it!! Hey!!! Im the teacher!!,Anger,MELD
Jason?,Neutral,MELD
"Yeah, come on in.",Neutral,MELD
"So Phoebe, you ah, sounded kinda serious on the phone, is ah, is anything wrong?",Neutral,MELD
No. And I dont think Im gonna want to.,Surprise,MELD
I cant do this.,Sadness,MELD
"Yep. Yep, thats what I didnt want to know.",Sadness,MELD
"Well, oh, Mark, Im doing this for the wrong reasons, y'know?",Sadness,MELD
Im just doing it to get back at Ross.,Sadness,MELD
"Im sorry, its not very fair to you.",Sadness,MELD
Ahh!,Surprise,MELD
"Fair, shmair",Sadness,MELD
Y'know?,Neutral,MELD
"Look, if you want to get back at Ross, I am here for you.",Neutral,MELD
Really?,Surprise,MELD
"No-no, I say-I say, I say we get back at him right on this couch.",Neutral,MELD
Right here!,Anger,MELD
Oh God. Im sorry about this.,Sadness,MELD
Thats okay.,Neutral,MELD
You sure?,Joy,MELD
Yeah. I can just go home and get back at him by myself.,Neutral,MELD
Here she is! Future fashion superstar!,Joy,MELD
"Oh Joey, Im hardly a",Neutral,MELD
My little sister Dina!,Joy,MELD
And here we go,Neutral,MELD
"I saw this movie once where there was a door and no one knew what was behind it, and when they finally got it open millions and millions and millions of bugs came pouring out and they feasted on human flesh.",Disgust,MELD
Yknow it wouldnt kill ya to respect your wifes privacy!,Joy,MELD
Stupid closet full of bugs!,Anger,MELD
"Joey. Joey, something feels weird and not good weird. I dontWhoa!!",Fear,MELD
"When my sisters were pregnant they got every weird feeling in the book, it was always nothing.",Neutral,MELD
Really?,Neutral,MELD
Absolutely.,Neutral,MELD
"Okay Rach-Rach-Rach look at me, look at me, everythings gonna be fine, trust me.",Neutral,MELD
Take my hand.,Neutral,MELD
Here we go.,Neutral,MELD
Oww crushing bones!,Surprise,MELD
Oh hello.,Neutral,MELD
"Oh, its you. I see you everywhere. Im Jim, Jim Nelson.",Surprise,MELD
"Oh Jim, Jim Nelson Im Phoebe, Phoebe Buffay. We certainly have been seeing a lot of each other lately.",Neutral,MELD
"We have. Maybe well be seeing each other at dinner tomorrow night, say around 8 oclock?",Neutral,MELD
"Well, maybe we will.  Oh!",Joy,MELD
"Well, thats not something a girl wants to hear.",Anger,MELD
"No, come on dont start.  Ouch!",Joy,MELD
What?,Sadness,MELD
Stupid balls are in the way.,Sadness,MELD
Oh well. It probably wouldve been the most constructive solution.,Neutral,MELD
You have chalk on your face.,Neutral,MELD
Huh?,Joy,MELD
"Oh, Ross youre right, I dont know why I always thought this was real grass.",Sadness,MELD
"Hey, are you okay?",Joy,MELD
My wifes a lesbian.,Sadness,MELD
Cool!!,Joy,MELD
"Ross, Joey. Joey, Ross.",Sadness,MELD
Hey! Where ya headin in those pants? 1982?,Joy,MELD
"Oh Monica, listen, I ah, I saw down at the hardware store, they got those designer tiles on sale.",Neutral,MELD
If you ever want to redo the bathroom floor.,Neutral,MELD
"Why, whats wrong with my bathroom floor?",Surprise,MELD
"Nothing. Its just old and dingy, thats all.",Disgust,MELD
I highly doubt that.,Anger,MELD
"Oh yeah. If you ah, move your hamper, you see what color the tile used to be.  Yeah.",Disgust,MELD
I cant live like this! What are we gonna do? What are we gonna do?,Fear,MELD
Relax. Here hold this . This old stuff just comes right off.,Neutral,MELD
Thats a little more than I wanted to see.,Disgust,MELD
Aw!,Surprise,MELD
"Look at that, every inch of this stuff is glued down.",Surprise,MELD
Itd take forever to pry this up.,Joy,MELD
"You should ah, you should just leave it.",Neutral,MELD
I cant leave it! You gouged a hole in my dingy floor.,Anger,MELD
Eh! There you go.,Neutral,MELD
"You know thats nice, y'know we could put it back there after the surgeons remove it from your colon!",Anger,MELD
Hi.,Neutral,MELD
Hi!,Anger,MELD
Hey!,Joy,MELD
"Uh, Pheebs, about your mom...",Neutral,MELD
Yeah?,Surprise,MELD
Hows that going?,Neutral,MELD
"So great. Oh, we took a nap today and my Mom fell asleep on my tummy and purred.",Joy,MELD
Thats so sweet.  Im gonna get some coffee.,Neutral,MELD
Huh? Whatd ya say Joe? Ill be right there.,Surprise,MELD
Pheebs...,Neutral,MELD
"I just feel so, uhh.....",Neutral,MELD
All right!!,Joy,MELD
Im coming already!!,Joy,MELD
Really?! You think that will work?,Surprise,MELD
"Absolutely! And if it doesnt, can I get the extra ticket?",Joy,MELD
What the heck is that?,Surprise,MELD
Hello.,Neutral,MELD
"Hey, Pheebs! Its Joey!",Joy,MELD
"Hey, Joey!",Joy,MELD
Hey!,Joy,MELD
Ooh!,Joy,MELD
Ooh!,Joy,MELD
I just say someone on thethat looks just like you on the subway.,Neutral,MELD
"And I was gonna go over and say hi! but then I figured, he doesnt care if he looks like you.",Joy,MELD
"That just cost me four bucks. But uh listen, I just called to see how the chick and the duck are doing?",Neutral,MELD
"Ohh, theyre having a",Joy,MELD
"Kinda, but Ive just been having way too much fun.",Joy,MELD
So youre not homesick yet?,Surprise,MELD
"No, I dont think so.",Neutral,MELD
"All right, the seven of us miss you.",Joy,MELD
No.,Neutral,MELD
Youll see.,Neutral,MELD
"Liam, do me a favour. Tell the lads to go easy on Ross, its his first time.",Neutral,MELD
You dont say!,Surprise,MELD
"Good luck, babe.",Joy,MELD
Ross! Ross! Come on! Get in here!  Ross! Come on!,Joy,MELD
"Ross, come on! Get in the bloody scrum! Ross, get in!",Anger,MELD
JOEY!!!!!!,Joy,MELD
I dont believe you spent my wedding fund on the beach house!,Anger,MELD
"Were sorry honey, but we just assumed if you got married after you turned 30 youd pay for it yourself.",Neutral,MELD
Come on! Admit it! That was the best nap you ever had!,Anger,MELD
Ive had better.,Neutral,MELD
Okay! When?!,Anger,MELD
All right! All right! It was the best nap ever!,Joy,MELD
Uh-huh!,Anger,MELD
Ive said it! Okay?! But its over Joey!,Anger,MELD
I want to do it again.,Anger,MELD
We,Neutral,MELD
Why not?,Neutral,MELD
Because its weird!,Disgust,MELD
Fine! Do you want something to drink?,Anger,MELD
"Sure, what do you got?",Neutral,MELD
Warm milk and,Neutral,MELD
Are you okay?,Neutral,MELD
I need some milk.,Neutral,MELD
"Ok, I've got milk  Here you go...  Oh! Better?",Anger,MELD
No...,Sadness,MELD
"I'm so embarrassed, I'm the one he hit on!",Surprise,MELD
"Pheebs, if I had never met him this never would have happened!",Neutral,MELD
I'm so sorry! No I'm sorry! No I'm sorry! No I'm sorry!,Sadness,MELD
"No, wait, oh, what are we sorry about?",Surprise,MELD
"I don't know...right, he's the pig!",Sadness,MELD
Such a pig!,Disgust,MELD
"Oh, God, he's such a pig,",Disgust,MELD
Oh he's like a...,Disgust,MELD
He's like a big disgusting...,Disgust,MELD
...like a...,Neutral,MELD
...pig...pig man!,Disgust,MELD
"Yes, good! Ok...",Anger,MELD
"Oh, but he was my pig man...how did I not see this?",Anger,MELD
"Oh! I know!  It's because... he's gorgeous, and he's charming, and when he looks at you...",Sadness,MELD
"Ok, Ok, Pheebs...",Neutral,MELD
The end.,Neutral,MELD
"Oh, God...",Joy,MELD
Should I not have told you?,Surprise,MELD
"No, no, trust, me, it's, it's, it's much better that I know.",Neutral,MELD
"Uh, I just liked it better before it was better...",Sadness,MELD
"Well, yes, its kindve an unusual house.",Neutral,MELD
"It has umm, three beautiful bedrooms and ah, no baths.",Neutral,MELD
"But y'know, the ocean is right there.",Neutral,MELD
"Knock, knock, knock.",Neutral,MELD
"Ah, oh, hang on a second.  Come in, come in.  All right, so think about it, and call me back.",Neutral,MELD
"Are you ah, Phoebe Abott?",Neutral,MELD
"Ahh, yes.",Neutral,MELD
"Hi Phoebe Abott, Im your best friends daughter!",Joy,MELD
Youre Erwins daughter?!,Surprise,MELD
"No, I-I mean your-your old best friend, here.  Lily, from high school. Remember?",Neutral,MELD
"Oh gosh, Lily, yes. Of course I remember Lily. I... Then you must be?",Surprise,MELD
"Phoebe.  Phoebe. Phoebe, yeah. She named me after you I guess.",Sadness,MELD
"Uh-huh. Wow! Well, look! Theres Frank.",Surprise,MELD
"Dude, you have got to turn on",Neutral,MELD
Lets go watch it at your place.,Neutral,MELD
"Nah, Monicas watching some cooking show. Come on, I dont want to miss when they were skinny.",Neutral,MELD
"Chandler, Chandler, yknow what we should do? You and I should go out and get some new sunglasses.",Joy,MELD
"What? No, I want to watch this. . Did your cable go out?",Joy,MELD
"No, thats",Neutral,MELD
"Joey, why is your cable out?",Sadness,MELD
"I uh, oh! Because, uh, I havent really paid the bill",Sadness,MELD
"If you need money, will you please-please just let me loan you some money?",Neutral,MELD
"No, Chandler.",Neutral,MELD
"Look, forget about it, okay?",Anger,MELD
"Look, I know things have been a little tight since Janine moved out.",Sadness,MELD
"Oh, was she hot.",Joy,MELD
Whoa ho.,Joy,MELD
I know!,Surprise,MELD
"Yeah, but, look I can handle it.",Neutral,MELD
All right?,Neutral,MELD
"Look, I can listen to the radio, huh?",Neutral,MELD
And Ross gave me this great book (holds up the,Neutral,MELD
Sure.,Neutral,MELD
Paid your phone bill?,Neutral,MELD
Not so much.,Neutral,MELD
"Oh good, okay, I can't take it anymore.",Neutral,MELD
I can't take it anymore.,Anger,MELD
"So you win, okay?",Anger,MELD
Here!,Anger,MELD
Pheebs?,Anger,MELD
Flying a jet?,Surprise,MELD
Better make it a spaceship so that you can get back to your,Neutral,MELD
"Hey everybody, Pheebs is here!",Joy,MELD
Phoebe!,Joy,MELD
"Hey, Pheebs!",Joy,MELD
"Phoebe, woo!",Joy,MELD
What?! What good is that gonna do anybody?,Anger,MELD
"Well, it helps the bee look tough in front of his bee friends. The bee is happy and I am definitely not.",Sadness,MELD
"Now, y'know the bee probably died after he stung ya.",Neutral,MELD
"Aw, dammit!",Surprise,MELD
Back on in 30 seconds people!,Neutral,MELD
"Hey, excuse me, would you mind switching with me?",Neutral,MELD
"Hey, no way, I'm in the shot man.",Anger,MELD
Come on man! You've been here all day!,Anger,MELD
"Yeah, I-I'm taking pledges here, eh?",Neutral,MELD
"We're on in 3, 2,",Neutral,MELD
Welcome back to our fall telethon. Now if you've been enjoying the performance of,Neutral,MELD
Ah.,Neutral,MELD
Yeah.,Neutral,MELD
"I go see my doctor tomorrow, Ill ask her about this.",Neutral,MELD
Maybe she can give me a pill or something.,Neutral,MELD
"Yeah. Yeah, thats what you need a goodpill.",Neutral,MELD
What are you writing?,Neutral,MELD
"Well, Joshuas coming in tomorrow and since I dont have the guts to ask him out, Im going to sell him a coat and put this note in the pocket.",Neutral,MELD
"Oh yeah?  Joshua, give me a call sometime, guys like you  never go out of stylewhat did you throw away?",Neutral,MELD
Hi guys!,Joy,MELD
Hey!,Neutral,MELD
"Hey, what have you guys been up too?",Neutral,MELD
"Oh, we went to see a collection of Victorian doorknobs and the Cupert-Hewitt museum.",Neutral,MELD
Without me?!,Surprise,MELD
"My uncle dragged us there. But, it actually it turned out to be really interesting.",Surprise,MELD
Yeah.,Neutral,MELD
"They were so ornate and beautiful, I mean look at that!",Surprise,MELD
"I'm just sayin', if I see one more picture of Ed Begley, Jr. in that",Disgust,MELD
I can't believe you'd rather go out with him than me.,Surprise,MELD
"Would you excuse me, please? I'm trying to have a date here.",Anger,MELD
"Fine, just stop thinking about me.",Joy,MELD
"Can't do it, can you?",Neutral,MELD
So I'm thinking about you. So what?,Neutral,MELD
"I don't get it. What do you see in this guy, anyway?",Surprise,MELD
Well... he happens to be a very nice... guy....,Neutral,MELD
"I mean, come on, buddy, get a",Neutral,MELD
"Rachel, come on. Give us a chance.",Neutral,MELD
"Ross, it's too hard.",Sadness,MELD
"No, no, no... why, because it might get weird for everyone else?",Neutral,MELD
Who cares about them.,Neutral,MELD
This is about us.,Neutral,MELD
"Look, I-I've been in love with you since, like, the ninth grade.",Neutral,MELD
"Ross, you're like my best friend.",Joy,MELD
I know.,Neutral,MELD
"If we broke up, and I lost you...",Fear,MELD
"Ohh, God.",Sadness,MELD
"Hello?  No she cant come to the phone right now.  Oh, right no problem. Okay, bye-bye.",Neutral,MELD
Was it my work? Were they mad? Was it Jack? Did he yell?!,Fear,MELD
"J-j-just relax, nobody yelled. Jack just was calling to make sure that",Neutral,MELD
Thank God.,Joy,MELD
"Yeah, shes fired.",Neutral,MELD
"...DUMB, DRUNKEN, BITCH!!!   Thank you, thanks.",Anger,MELD
"Hey, heres a question; where did you guys get the finest oak East of the Mississippi?",Neutral,MELD
"Uh-huh, first you tell us where you got the prettiest lace in all the land.",Neutral,MELD
Im reading your ad.,Neutral,MELD
"Looks good, uh?",Sadness,MELD
Yeah.,Neutral,MELD
"Stunning entertainment center. Fine,  fine Italian craftsmanship.",Neutral,MELD
"Oh my God, you guys are selling the entertainment center?",Surprise,MELD
Why? I love that thing.,Joy,MELD
You want it?,Neutral,MELD
Oh no.,Disgust,MELD
"Ahh, Gepeto, $5,000 dollars? Are you insane?",Surprise,MELD
"Hey, the ad alone cost 300 bucks!",Neutral,MELD
"All right look, Im changing it to 50 bucks, or your best offer.",Neutral,MELD
What kind of profit is that?! And you call yourself an accountant.,Anger,MELD
Nooo.,Neutral,MELD
Oh. What do you do?,Surprise,MELD
"That's right Ross, I can see you in your new apartment!",Neutral,MELD
And you can see me!,Neutral,MELD
"Same as yesterday,  same as the day before.",Neutral,MELD
Is he doing his shark attack bit yet?,Neutral,MELD
"Nope. Op, wait! There he goes.",Neutral,MELD
Hey!,Neutral,MELD
Hey!,Neutral,MELD
Hey!,Neutral,MELD
What are you guys doing up?,Surprise,MELD
"Oh, we wanted to finish the crossword before we went to bed. Hey, do you know a six-letter word for red?",Neutral,MELD
"Yeah, I think that's wrong, but there's a Connect the Dots in here for you later.  Hey, how about maroon?",Neutral,MELD
"Yes, you are so smart!",Joy,MELD
"Aww, you guys are so cute!",Joy,MELD
I know.,Neutral,MELD
"All right, I'll see you in the morning.",Neutral,MELD
Okay.,Neutral,MELD
What's with her?,Disgust,MELD
I don't know.,Neutral,MELD
"But hey, I know we can decide.",Neutral,MELD
"Okay, I'm gonna ask you questions and you answer real quick.",Neutral,MELD
Okay?,Neutral,MELD
Okay.,Neutral,MELD
What do you like better action or comedy?,Neutral,MELD
Action.,Neutral,MELD
Who would you rather sleep with Monica or Rachel?,Neutral,MELD
"Dude, you are sick.",Disgust,MELD
"Oh, I'm sorry. I forgot you had that whole Rachel thing.",Surprise,MELD
"I mean, this is unbelievable.",Surprise,MELD
"I know. This is really, really huge.",Surprise,MELD
No it's not. It's small. It's tiny. It's petite. It's wee.,Neutral,MELD
"OK, is there a mute button on this woman?",Disgust,MELD
More than jewelry.,Neutral,MELD
Hi! Im Dr. Drake Remoray and I have a few routine questions I need to ask you.,Neutral,MELD
Really? Ive been dealing with Dr. Wells.,Surprise,MELD
"I know, but Im a neurologist.",Neutral,MELD
"And just to be on the safe side, Dr. Wells wanted a more comprehensive overview of you status so he sent me.",Neutral,MELD
Dr. Wells is a woman.,Surprise,MELD
"That was a test. Good response. All right, full name.",Neutral,MELD
Clifford Burnett.,Neutral,MELD
Date of birth?,Neutral,MELD
November 16,Neutral,MELD
Age?,Neutral,MELD
Cant you figure that out based on my date of birth?,Anger,MELD
"Im a doctor Cliff, not a mathematician.",Neutral,MELD
Im 33.,Neutral,MELD
"Okay. And uh, are you married.",Neutral,MELD
No.,Neutral,MELD
"Oh really? So, 33 and still single, would you say you have commitment issues?",Surprise,MELD
Are all the questions this personal?,Surprise,MELD
Yes.,Neutral,MELD
Well uh if you must know Im a widower.,Sadness,MELD
Oh thats terrible. Im-Im really sorry.,Sadness,MELD
Yeah.,Neutral,MELD
Hmm. Do you sleep with women and never call them again?,Neutral,MELD
No.,Neutral,MELD
"Chandler Muriel Bing. Boy, your parents never gave you a chance did they?",Neutral,MELD
"Hey! You guys, Im writing a holiday song for everyone. Do you want to hear it?",Joy,MELD
"Pheebs, thats great!",Joy,MELD
"Oh, yay!",Joy,MELD
"But yknow umm, Rachel doesnt rhyme with draddle.",Neutral,MELD
I know but its so hard! Nothing rhymes with your stupid name!,Disgust,MELD
What are you talking about? Lots of things rhyme with Rachel. Bagel. Mail. Jail. Bail. Able. May-pole.,Neutral,MELD
"All good, thanks.  Do you maybe have a nickname have like a nickname thats easier to rhyme?",Neutral,MELD
Didnt your dad used to call you Pumpkin?,Neutral,MELD
Okay.,Neutral,MELD
"Okay, I can do this.",Neutral,MELD
I can tell her how I feel.,Neutral,MELD
"Just uh, just stand up straight.",Fear,MELD
Take a couple deep breaths.,Fear,MELD
Look confident.,Fear,MELD
Joey? Whats up?,Neutral,MELD
"I uh, I just came by because I-I want to talk to you about something.",Fear,MELD
Okay whats up?,Neutral,MELD
"What I do dois manage to uh, create an atmosphere of support for the people working with me.",Neutral,MELD
I see. Nice sidestep on the do do thing by the way.,Neutral,MELD
Hardest thing Ive ever done in my life.,Neutral,MELD
You gotta go!,Neutral,MELD
Oh!,Neutral,MELD
"Okay, dont worry. Youre ready.",Neutral,MELD
Really?,Surprise,MELD
Absolutely! Just fight all your natural instincts and youll be great.,Neutral,MELD
"Now, Mom, everything's going fine, really.",Neutral,MELD
"Yeah, Ross is great.",Neutral,MELD
"He's uh, he's in a whole other place.",Neutral,MELD
"No, he's gone.",Neutral,MELD
"No no, you don't have to fly back, really.",Neutral,MELD
What do you mean this might be your only chance?,Surprise,MELD
Would you stop?,Anger,MELD
"I'm only 26, I'm not even thinking about babies yet.",Anger,MELD
Where have you been?,Neutral,MELD
"Oh, just had a baby.",Joy,MELD
Mazel tov!,Joy,MELD
"Oh, wow! I should get going. I-I got a date tonight.",Joy,MELD
Oh yeah! With who?,Surprise,MELD
You know that girl I told you about who lives up in Poughkeepsie?,Neutral,MELD
Not her.,Neutral,MELD
"Yeah, this is someone else I meet, and I-I cant decide between the two of them.",Neutral,MELD
"Yknow the one from Poughkeepsie, even though shes a two hour train ride away, is really pretty, really smart, and-and a lot of fun.",Neutral,MELD
"But this other girl, well, she lives right uptown.",Neutral,MELD
"Yknow shes, well shes-shes just as pretty, I guess shes smart, shes",Neutral,MELD
"If shes no fun, why do you want to date her at all?",Neutral,MELD
"Well, I-I want to give her another chance, yknow?",Neutral,MELD
She lives so close.,Neutral,MELD
"And, at the end of the date, the other time, she-she said something that wasif she was kidding was very funny.",Neutral,MELD
"On the other hand, if she wasnt kidding, shes not fun, shes stupid, and kind of a racist.",Anger,MELD
Hey!,Joy,MELD
"Hey! Ooh, how was your first day working at the restaurant?",Joy,MELD
Damn!,Joy,MELD
Oh heres a whole bunch.,Neutral,MELD
"Oh, I mean shes gonna be at the wedding waiting for him and people will be whispering, ""Oh that poor girl.""",Neutral,MELD
Then shell have to come back here and live all alone.,Sadness,MELD
Oh my God!,Surprise,MELD
What?,Surprise,MELD
"There was a pregnancy test in the garbage, and its positive. Monicas pregnant.  So I guess she wont be totally alone.",Surprise,MELD
Hi.,Neutral,MELD
"Listen, Im sorry about that whole thing with Roger.",Sadness,MELD
"It really wasnt right, and I, and I want to make it up to you, so umm, I brought you something that I think youll really enjoy.",Anger,MELD
"Now, this is just a loan.",Neutral,MELD
Okay?,Neutral,MELD
"Im gonna, Im gonna want him back.",Neutral,MELD
So  Im gonna go now.,Neutral,MELD
"Im sorry, I thought I could do it and I cant!",Sadness,MELD
"All right, well why dont I go out with an ex-boyfriend and do Joey a favor?!",Sadness,MELD
"Hey, you wanna do Joey a favor, maybe you go out with Joey.",Neutral,MELD
"All right ladies, heres what were gonna do.",Neutral,MELD
"I-I wanna be with her,  I like her.",Anger,MELD
"Oh, thats fine! Go with your instincts, go with your instincts.",Joy,MELD
"Wait, now, what am I doing again?",Surprise,MELD
"Come on! Would you please pay attention, I could wake up at any moment!",Anger,MELD
"Hi, Im Joshua, Im here to pick up Rachel.",Neutral,MELD
"No-no-no, that not Joshua.",Anger,MELD
"What do you want from me, Ive never met the guy.",Surprise,MELD
"So anyway, Rachel, Im sorry you cant stay,  but the rest of us have a",Sadness,MELD
How do I look?,Neutral,MELD
"Oh, uh, I... don't... care.",Neutral,MELD
"Ok, now, remember, no trading.",Neutral,MELD
"You get the pretty one, I get the mess.",Neutral,MELD
"Hi, Joey. Well well, look what you brought. Very nice.",Joy,MELD
...And what did you bring?,Neutral,MELD
She's checking the coats.,Neutral,MELD
"Joey, I'm gonna go wash the cab smell off my hands.",Neutral,MELD
"Will you get me a white Zinfandel, and a glass of red for Janice.",Neutral,MELD
Janice?,Surprise,MELD
Oh.... my.... God.,Surprise,MELD
"Hey, it's Janice.",Neutral,MELD
"Well, okay so, I dont have it all worked out quite yet. Just dont say anything to Rachel, please?",Anger,MELD
"Rachel is one of my closest friends.  Although, being the only one who knows anything about this does makes me feel special. Okay!",Neutral,MELD
"Okay, stop-stop! Phoebe?!",Sadness,MELD
Hey Rach!,Anger,MELD
What was that?!,Surprise,MELD
"Sorry, mix up. Hey, how was the movie?",Neutral,MELD
I havent seen it yet!,Neutral,MELD
Well then youd better hurry! The Angelica! Go! Go!,Surprise,MELD
No,Anger,MELD
Pheebs! Hey Pheebs!,Joy,MELD
"Uh, okay, Pheebs?",Neutral,MELD
Yeah?,Neutral,MELD
"Umm, y'know how the other day you were talking about how you didn't get to go to London and how you were kinda feeling left out?",Neutral,MELD
Yeah?,Neutral,MELD
"All right, well, we felt really bad about that so we decided we should all take a little trip together!",Joy,MELD
"Ohh, that's so nice! How great! Well, where? Where's the trip?!",Anger,MELD
"Well, we thought we would all go to a picnic , in Central Park!",Joy,MELD
"Yeah, all of us! All day!",Joy,MELD
That sucks!,Disgust,MELD
That's not a trip!,Surprise,MELD
I just came from the park!,Anger,MELD
What are we gonna high five about at the stupid Central Park?,Anger,MELD
"""Well, it's right by my house, all right!""",Anger,MELD
"Well, I'm gonna go home and bask in the triumph of my Central Park idea.",Anger,MELD
"Ho-ho-hold on a sec there, Mr. Kissey!",Surprise,MELD
"Y'know, I've been meaning to talk to you about this whole, little, new European thing you got going on, and I just need to tell you that it makes me very uncomfortable and I justy'knowstop it!",Anger,MELD
I was just trying to bring a little culture to the group.,Sadness,MELD
"That's fine, just don't bring it in my mouth.",Disgust,MELD
Makes me wanna puke!,Disgust,MELD
Is she in there?,Neutral,MELD
"Yeah. Shes putting her down now, thats her.",Neutral,MELD
Oh its all right.,Neutral,MELD
Im guess Im just done with the whole dating thing.,Sadness,MELD
Its one more thing in my life thats suddenly completely different.,Sadness,MELD
This is hard.,Sadness,MELD
Yeah I know.,Neutral,MELD
"On the other hand in um, in about seven months youre gonna have something that youre gonna love more than any guy youve ever gone out with.",Neutral,MELD
Just wait.,Neutral,MELD
"Wait until uh, wait until the first time your baby grabs your finger.",Joy,MELD
You have no idea.,Joy,MELD
Thanks sweetie.,Neutral,MELD
"You wanna, you wanna grab some coffee?",Neutral,MELD
"Oh no, I think Im gonna go home and eat ten candy bars.",Sadness,MELD
"Hey, I thought I cheered you up.",Neutral,MELD
"Oh you did, there are twenty in here.",Neutral,MELD
Right. Good night.,Neutral,MELD
Good night.,Neutral,MELD
Hi,Neutral,MELD
Hi!  Hey mom.,Joy,MELD
"This is such a great party! 35 years. Very impressive, do you guys have any pearls of wisdom?",Joy,MELD
Jack?,Surprise,MELD
Why would you serve food on such a sharp stick?,Surprise,MELD
"Thats a good question, dad. Thats a good question",Neutral,MELD
Congratulations you two!,Joy,MELD
Thank youwere so excited,Joy,MELD
"And also, congratulations on your wedding.",Joy,MELD
WhaWhat?,Surprise,MELD
Look at this clown!,Joy,MELD
Just because hes got a bigger boat he thinks he can take up the whole river.,Disgust,MELD
Get out of the way jackass!,Anger,MELD
Who names their boat Coast Guard anyway?,Disgust,MELD
That,Neutral,MELD
What are they doing out here? The coasts all the way over there.,Surprise,MELD
Hey!,Anger,MELD
Hey! Check it out! This is unbelievable! Joey has been holding his breath for almost four minutes!,Surprise,MELD
Dude! What are yoyou trying to kill me?!,Neutral,MELD
Ow!,Anger,MELD
"Really?! Well, its just like everyone elses apartment. Its got rooms, walls, and ceilings.",Neutral,MELD
"Well, I just wanted to see where you lived. Now, give me the tour.",Neutral,MELD
Oh my God! Oh my God!,Surprise,MELD
"Ah well, this is the living room.",Neutral,MELD
All right. This is the kitchen.,Neutral,MELD
The bedroom. Well its pretty much your typical...  bedroom.,Neutral,MELD
Were still on this side of the door.,Neutral,MELD
Ha-ha,Joy,MELD
"Yeah, but I didnt get to see it.",Sadness,MELD
Oh shoot! Maybe next time.  Thanks for a lovely evening.,Neutral,MELD
"So um, who was she?",Joy,MELD
"Oh,  that was the blind date that I told you about, she called and switched it to today.",Neutral,MELD
"Did you like her? And Im just asking as a friend, because I am totally fine with this.",Neutral,MELD
"Well, you seem fine.",Neutral,MELD
"Well, I dont think this, y'know.",Neutral,MELD
"No, no, no, I wouldnt do you myself, I mean that would be weird.",Disgust,MELD
"Yeah, no, Ill get one of the other girls to do it.",Neutral,MELD
"Oh, this will be so much fun!",Joy,MELD
Hey!,Surprise,MELD
Are you excited?,Joy,MELD
"Yeah! Hey, do Monica and Rachel work there?",Neutral,MELD
"Ok, so now we need, um sage branches and the sacramental wine.",Neutral,MELD
"All I have is, is oregano and a",Neutral,MELD
"Um, that's ok!  Ok. All right. Now we need the semen of a righteous man.",Joy,MELD
"Ok, Pheebs, you know what, if we had that, we wouldn't be doing the ritual in the first place.",Neutral,MELD
Can we just start throwing things in?,Neutral,MELD
"Ok, yeah, ok.  Oh, OK.",Neutral,MELD
"Ok, Barry's letters. Adam Ritter's boxer shorts.",Neutral,MELD
"Ok, and I have the, uh receipt for my dinner with Nokululu Oon Ah Ah.",Neutral,MELD
"Look, here's a picture of Scotty Jared naked.",Neutral,MELD
Hey he's wearing a sweater.,Surprise,MELD
No.,Neutral,MELD
Eww!,Disgust,MELD
And here we have the last of Paulo's grappa.,Neutral,MELD
"Hey, Rachel, isn't that stuff almost pure...",Neutral,MELD
"Mona?  Okay, if I were a salmon shirt, where would I be?",Neutral,MELD
I am so sorry I spilled wine all over your shirt.,Sadness,MELD
"Oh, its okay.",Neutral,MELD
"No, its still wet.",Joy,MELD
Let me get it out before it sets.,Neutral,MELD
"Ooh, I have something you can wear.",Neutral,MELD
Here.,Neutral,MELD
"Oh umm, I-I dont know if I want to wear a womans shirt.",Sadness,MELD
No-no thats a mans shirt.,Neutral,MELD
Its awfully pink.,Neutral,MELD
"Oh, it's perfect!",Joy,MELD
How about you?,Neutral,MELD
It's a kitchen slash bathroom.,Neutral,MELD
"All right, I see what you guys are saying. I'll uh, I'll go downstairs and fill out an application.",Neutral,MELD
We are bad people.,Disgust,MELD
He knew we were trying to get rid of him. He knew!  You think we could get a bathtub in our kitchen?,Surprise,MELD
Lets get the show on it!,Joy,MELD
"Okay, let me just get a cup of coffee.",Neutral,MELD
"Oh Rachel, I know the best coffee house and its sooo close.",Neutral,MELD
Closer than here?,Neutral,MELD
"Oh, hey, look, I found coffee!  Okay, lets skedaddle.",Neutral,MELD
"Wait, Im not just gonna drink somebodys old coffee.",Neutral,MELD
"Okay, your highness.",Neutral,MELD
"Um, Rachel Im really sorry.  Thats okay, do you wanna get back together?  Yeah, okay.  Did anyone else hear that?!",Surprise,MELD
So how did you know I was even here?,Surprise,MELD
Your mom called me. So is this her?,Neutral,MELD
"No, this is a loaner.",Neutral,MELD
I'm sorry you had to do this by yourself.,Neutral,MELD
"I wasn't by myself. I had a doctor, a nurse, and a helper guy.  So, did you see who won the game?",Neutral,MELD
"Yeah, the Knicks by 10. They suck.",Neutral,MELD
"Yeah, they're not so bad.",Neutral,MELD
"Im sorry I wont be able to make it to your imaginary wedding, but Im",Neutral,MELD
"I know. I know. I panicked, I panicked. I didnt want him to start yelling at me like I was some 74 Latour.",Surprise,MELD
Its Lafite. The 74 Latour is actually drinking quite nicely.,Sadness,MELD
"All right here he comes. Im gonna do this, Im gonna tell him, Im gonna be strong.",Fear,MELD
I just called a friend of mine.,Neutral,MELD
Yeah?,Surprise,MELD
I think I may be able to book,Neutral,MELD
Really?!,Surprise,MELD
What is it sweetie?,Joy,MELD
Theres not gonna be a wedding. Ross and I are not getting married.,Sadness,MELD
Im sorry daddy.,Sadness,MELD
I dont believe this!!,Neutral,MELD
"Oh now daddy, stay calm. Please.",Fear,MELD
Stay calm?!!,Anger,MELD
How do you expect me to stay calm?!,Anger,MELD
This is unacceptable Rachel!,Anger,MELD
And I wanna know why?!!,Anger,MELD
Is it because that punk Ross wont marry you?!,Anger,MELD
Thats it!,Anger,MELD
Is that it?,Anger,MELD
"Yes. Yes, he says Im damaged goods.",Sadness,MELD
"So, youre like a zillionaire?",Surprise,MELD
And youre our age. Youre our age.,Surprise,MELD
"Y'know what, you should like, you should buy a state and then just name it after yourself.",Neutral,MELD
What like Pete Dakota?,Neutral,MELD
"Yeah, or, or, or, Mississ-Pete.",Neutral,MELD
"Oh, oh, I got it! Pete-Chicago.",Neutral,MELD
Thats not a state Joe.,Neutral,MELD
"Oh, and Mississ-Pete is?",Neutral,MELD
"I got to go, so ah, Ill see you guys later.",Neutral,MELD
Okay.,Neutral,MELD
Youre our age!,Surprise,MELD
"So ah, we on for tomorrow?",Neutral,MELD
Absolutely!,Joy,MELD
Now get out of here you!!,Joy,MELD
"Okay, Im running out of places I can touch him!",Anger,MELD
"Look, is there something wrong with me?",Sadness,MELD
I mean why am I only attracted to guys where theres no future?,Sadness,MELD
"Either theyre too old, or theyre too young, and then theres Pete whos-whos crazy about me, and whos absolutely perfect for me, and theres like zip going on!",Sadness,MELD
"I mean, seriously, does it sound like somethings wrong with me?",Sadness,MELD
No.,Neutral,MELD
"Okay, Im gonna go get Frank.",Neutral,MELD
"So, were walking down the street and I turn to you and I say, Hey, lets go hang out at Totally Nude Nudes, remember?",Neutral,MELD
"And then, and then, you turn to me and say, Nah, lets just hang out at your place. Well, that was a nice move dumb ass.",Joy,MELD
"Yeah, I think it was better when you guys were sad. Hey, uh, remember the roller blades?",Neutral,MELD
You know what else Im not gonna miss?,Anger,MELD
"""Im Monica.",Anger,MELD
I wash the toilet 17 times a day.,Anger,MELD
"Even if people are on it!""",Anger,MELD
"""Hi Im Rachel, is my sweater too tight? No? Oh, Id better wash it and shrink it!""",Anger,MELD
"""Im Monica, I dont get phone messages from interesting people. Ever!""",Anger,MELD
Hey! I call her!,Joy,MELD
"""Oh my God, I love Ross! I hate Ross! I love Ross! I hate Ross!""",Anger,MELD
"""Oh my God, I cant find a boyfriend!",Anger,MELD
"So I guess Ill just stumble across the hall and sleep with the first guy I find in there!""",Anger,MELD
"Yeah, we should get a move on if we wanna make those dinner reservations.",Neutral,MELD
"Item J437-A, color: winterberry.",Neutral,MELD
"Hi umm, listen come here, come in.",Neutral,MELD
Im so-so sorry about yesterday.,Sadness,MELD
I-Im really sorry.,Sadness,MELD
Its just that I,Joy,MELD
"Listen Ross, you dont have to apologize. I understand why you were there.",Neutral,MELD
You do?,Surprise,MELD
"Yeah, you still have feelings for me.",Sadness,MELD
"And-and to be honest, I-I still have feelings for you.",Joy,MELD
"And I wish that we can work it out Ross, but we cant.",Sadness,MELD
"Its too complicated with you and Rachel and the baby, I-I just It just wasnt meant to be.",Sadness,MELD
Oh God youre right.,Joy,MELD
"Ross, wewe have to be strong. Okay, I-Im gonna go.  Can I? To remember you?",Sadness,MELD
No.,Neutral,MELD
"Im telling you, if you want to take care of that thing, you should go to my herbal guy.",Neutral,MELD
"Thank you, but I want to remove it Pheebs. I dont want to make it savory.",Neutral,MELD
"Y'know when girls sleep with guys with weird things on their body, they tell their friends about it.",Neutral,MELD
Gimme this.,Neutral,MELD
"Hi! Okay, dont be mad at me, but I couldnt resist.",Neutral,MELD
Brides magazines?,Surprise,MELD
"Yes, and I know that youd say no if he asked you, but Im sorry; how great would you look walking down the aisle in this Donna Carin.",Neutral,MELD
"Oh, you so would! Oh, you should get that anyway.  Like for clubbing.",Sadness,MELD
"It is so weird, I know what I said, but uh, this morning, I was lying in bed I was, I was imagining what it would be like to say yes.",Surprise,MELD
"I know its a little sudden, and its a little rushed, and its totally not like me to do something like this, but that doesnt mean I cant.",Joy,MELD
Right?,Joy,MELD
"I mean Im-Im crazy about Pete, and I know that we want the same things, and when I thought about saying yes, it made me really happy.",Joy,MELD
Oh my God.,Surprise,MELD
I know.  I need more pie.,Neutral,MELD
"Hey Mon umm, if you do get married, can I bring two guests?",Neutral,MELD
You didnt break up with that fireman?,Surprise,MELD
"No, that was my way of telling you.",Neutral,MELD
"Well, it turns out hes incredibly sensitive, he keeps a journal and he paints.",Neutral,MELD
He even showed me charcoal drawings that he drew of me.,Neutral,MELD
Wow!,Surprise,MELD
"Yeah, well hed prefer water colors, but y'know, he has easy access to a lot of charcoal.",Neutral,MELD
"So then, are you going to dump Jason?",Neutral,MELD
"Well, yeah, because I have to break up with someone, and Okay so Jason is sensitive,  but now sos Vince  Plus, Vince has the body y'know?",Neutral,MELD
So Its really just about the math.,Neutral,MELD
"Ok, so it's a tie again, 41 to 41.",Neutral,MELD
"Ok, look! Enough is enough!",Anger,MELD
"No, I have just to have two more points to beat him!",Joy,MELD
"Monica, that was also true an",Neutral,MELD
I can't just walk away! I've put in four hours!,Anger,MELD
You knew this about me when you married me!,Neutral,MELD
You agreed to take me in sickness and in health.,Neutral,MELD
"Well, this is my sickness!",Anger,MELD
"Oh yeah-yeah, the lobster.",Neutral,MELD
"Yeah, I mean I was up sick all night.",Neutral,MELD
"Yeah me too, all night.",Neutral,MELD
Really?! How come we didnt cross paths?,Surprise,MELD
"Yeah well thats because uhI stayed in my room. Yeah, you dont want to look in my hamper.",Neutral,MELD
I cant believe there is a naked hooker in there!,Surprise,MELD
Wait! Wait! Maybe shes a hooker,Surprise,MELD
"Yeah, okay lets leave these two alone.",Neutral,MELD
"No! I do not care what my hormones are doing, I am not going to just do it with some random guy!",Disgust,MELD
Fine! Then you tell Roger because he was really looking forward to this!,Anger,MELD
So.,Neutral,MELD
So.,Neutral,MELD
I just thought the two of us should hang out for a bit.,Neutral,MELD
"I mean, you know, we've never really talked.",Neutral,MELD
"I guess you'd know that, being one of the two of us, though, right?",Neutral,MELD
"I know, I probably shouldn't even tell you this, but I'm pretty much totally intimidated by you.",Fear,MELD
Really? Me?,Surprise,MELD
"Oh my god, are you kidding?",Surprise,MELD
"Ross is so crazy about you, and I really wanted you to like me, and, it's probably me being totally paranoid, but I kinda got the feeling that maybe you don't.",Anger,MELD
"Well, you're not totally paranoid.",Neutral,MELD
Oy.,Joy,MELD
"Um, ok, uh, oh god, um, when you and uh Ross first started going out, it was really hard for me, um, for many reasons, which I'm not gonna bore you with now, but um, I just, I see how happy he is, you know, and how good you guys are together, and um, Monica's always saying how nice you are, and god I hate it when she's right.",Sadness,MELD
"Thanks. Hey, listen, would you like to go to a movie sometime or something?",Neutral,MELD
"Yeah, that'd be great. I'd love it.",Joy,MELD
"I'd love it too. Shoot, I gotta go. So, I'll talk to you later.",Neutral,MELD
"All right, Julie.",Neutral,MELD
Bye.,Neutral,MELD
Bye.  What a manipulative bitch.,Disgust,MELD
"Chandler, I found the perfect ring.",Joy,MELD
"Oh, thats uh, thats pretty nice but Im gonna go with the one I picked first.",Neutral,MELD
"Oh my God Chandler, the one you picked is gone. Its over!",Anger,MELD
What?,Surprise,MELD
Some guy bought it. Im sorry. I tired to stop it but they  put me in jail!,Sadness,MELD
They put you in jail?,Surprise,MELD
The little jail between the doors!,Anger,MELD
"Phoebe, I asked you to guard the ring!",Anger,MELD
"I know, Im sorry! But yknow, this ring is better! Monica never even saw the other ring.",Anger,MELD
Yeah but when he proposed to me with the ring I got goose bumps.,Sadness,MELD
Maybe it was the guy.,Neutral,MELD
It was the ring!,Anger,MELD
"No, not that, I mean, what about you and Mindy?",Neutral,MELD
"Well, if you want, I'll justI'll just break it off with her.",Neutral,MELD
"No. No-no-no-no, no. I mean, don't do that. Not, I mean not for me.",Anger,MELD
"Dr. Farber, Bobby Rush is here for his adjustment.",Neutral,MELD
"Thanks, Bernice.  Let's go away this weekend.",Neutral,MELD
"Oh, Barry..! Come on, this is all way too..",Surprise,MELD
"We can, we can go to Aruba!",Joy,MELD
"When I went there on what would have been our honeymoon, it was, uh... it was really nice.",Sadness,MELD
You would've liked it.,Sadness,MELD
I had a bra.,Neutral,MELD
"Hey, Dr. Farber.",Neutral,MELD
"All right Miss Green, everything looks fine... Yep, I think we're starting to see some real progress here.",Neutral,MELD
What?!,Surprise,MELD
"I'm twelve, I'm not stupid.",Fear,MELD
Oh my God! What does,Surprise,MELD
Oh that's an eye removal machine.,Neutral,MELD
"All right, I'm outta here!",Anger,MELD
I'm kidding! I'm kidding!,Joy,MELD
So were done then!,Anger,MELD
"Almost! But first, we gotta start.",Neutral,MELD
This is a glaucoma test.,Neutral,MELD
Uh-huh.,Neutral,MELD
Sit down.,Neutral,MELD
Okay.,Neutral,MELD
"But your chin here.  Now, you'll feel a small puff of air in each eye.",Neutral,MELD
What?!,Surprise,MELD
"A small puff of air, now come on!",Anger,MELD
"Sure, now Im scared.",Fear,MELD
"No, we can go together! Just dont wait too long though, okay? Cause Im outta here sometime before Friday.",Neutral,MELD
"Yeah, but I dont wanna die!",Fear,MELD
"No-no, itll be fun! We can come back and we can haunt these guys!",Joy,MELD
"Um, Chandler, Ross, this is Robert.",Neutral,MELD
"Oh, hey.",Neutral,MELD
Hi.,Neutral,MELD
"Youve have lipstick right here . Thats okay, its mine, we just kissed.",Neutral,MELD
Hey!,Surprise,MELD
Hey!,Surprise,MELD
No. Y'know how were always saying we need a place for the mail.,Neutral,MELD
"Well, I started building one. But then I decided to take it to the next step.",Neutral,MELD
Youre building a post office?,Surprise,MELD
"No, an entertainment unit, with a mail cubby built right in. Its a one day job, max.",Neutral,MELD
Okay.  My word! Those are snug.,Surprise,MELD
"Oh yeah. These are my old work pants, Sergio Valentes.",Neutral,MELD
Power saw kinda got away from me there.,Neutral,MELD
Hi!,Joy,MELD
Another cheesecake came! They delivered it to the wrong address again!,Anger,MELD
"So just bring it back downstairs, whats the problem?",Neutral,MELD
I cant seem to say goodbye.,Sadness,MELD
"Are you serious?! Chandler, we ate an entire cheesecake two days ago and you want more?",Surprise,MELD
Well Ive forgotten what it tastes like okay?!,Anger,MELD
It was cheesecake.,Neutral,MELD
It was fine.,Neutral,MELD
"It had a buttery, crumbly, graham cracker crust, with a very rich yet light, cream cheese filling  Wow!",Surprise,MELD
My whole mouth just filled with saliva!,Joy,MELD
Yknow what? Forget it!,Anger,MELD
Yeah and well drop it off downstairs so that were not tempted.,Neutral,MELD
Good idea. Where do you want to go to lunch?,Neutral,MELD
"Mommas Little Bakery, Chicago, Illinois.",Neutral,MELD
This ones from me.,Neutral,MELD
Ahh!,Surprise,MELD
"It wasnt on your list, but hopefully youll think its really fun.",Neutral,MELD
A scooter!,Surprise,MELD
Stick to the list. Always stick to the list.,Neutral,MELD
"No! No-no, I love it. Thank you.",Joy,MELD
"Okay, open ours next. Open ours next!",Joy,MELD
Okay.,Neutral,MELD
"Now that youre a couple, we dont get two presents from you guys?",Neutral,MELD
For my last birthday you gave me a,Neutral,MELD
Okay.,Neutral,MELD
Happy birthday Grandma!,Joy,MELD
Its better to be over the hill  then buried under it.,Neutral,MELD
All our love Monica and Chandler.,Neutral,MELD
"Thats funny, yeah!",Joy,MELD
No-no-no-no! That was the joke!,Surprise,MELD
"No, I know! I get it! Its funny!",Joy,MELD
"No, because youre not a grandmother!",Sadness,MELD
"No I know, because to be a grandmother you have to be married and have children and I dont have any of those things.",Sadness,MELD
Thats why its so funny.,Neutral,MELD
All you had to do was buy the card!,Anger,MELD
"Hey, Joey. What's going on?",Neutral,MELD
Clear the tracks for the boobie payback express. Next stop: Rachel Green.,Neutral,MELD
Joey!! What the hell were you doing?!,Disgust,MELD
Sorry. Wrong boobies.,Sadness,MELD
"Hello, Joey.",Neutral,MELD
"Oh! ...Hello, dear.",Surprise,MELD
Man. Can you believe he's only had sex with one woman?,Surprise,MELD
"I think it's great. Y'know, it's sweet, it's romantic...",Joy,MELD
Really?,Surprise,MELD
"No, you kidding? The guy's a freak..",Disgust,MELD
"Hey, buddy.",Neutral,MELD
"Oh, that's attractive.",Neutral,MELD
"Oh, I thought you were great in Silence of the Lambs. Oh come on, admit it! All things considered, you had fun tonight.",Joy,MELD
"Fun? Where was the fun? Tell me specifically, which part was the fun part? Where's my puck?",Disgust,MELD
"Oh, ah- the kid has it.",Neutral,MELD
"The kid...?  Excuse me, uh, that's, that's my puck.",Anger,MELD
"You gotta do it, man.",Neutral,MELD
"Oh yeah? Well, I'm rubber, you're glue, whatevercan't do it.  Listen, uh- gimme back my puck.",Anger,MELD
"Yes', how about. C'mere. Gimme!",Anger,MELD
Hey! Hey! No rough holding in my ER!,Anger,MELD
GIVE ME MY PUCK!!,Anger,MELD
...Now,Anger,MELD
"Oh, look, wish me luck!",Joy,MELD
What for?,Neutral,MELD
I'm gonna go get one of those  job things.,Neutral,MELD
"Oh, I told the stripper to be here at five. Thats good right?",Neutral,MELD
You ordered a stripper for the shower?! That is totally inappropriate!,Anger,MELD
What? Hes gonna be dressed as a baby!  Oh hi Mrs. Green!,Surprise,MELD
Hi!,Joy,MELD
Im so glad you could make it.,Joy,MELD
"Yes, thank you so much. And again, were so sorry. We could not feel worse about it.",Joy,MELD
Try. Theres my little girl.,Joy,MELD
Shes still mad.,Neutral,MELD
Yeah I know. Isnt it great? One less person we have to make small talk with.,Joy,MELD
"Phoebe, Sandras mad at you too. It-it doesnt bother you?",Surprise,MELD
"Oh, thats veryReally very-very okay.",Neutral,MELD
"Julies cervix is dilated a seven centimeters, thats about four fingers. The doctor let me feel it myself.",Joy,MELD
Have you felt Rachels cervix Ross?,Neutral,MELD
"No, I dont think well be doing that.",Disgust,MELD
Were not gonna do that.,Disgust,MELD
"Well, if you like you can feel Rachels and then feel mine to compare.",Neutral,MELD
Am I interrupting?,Neutral,MELD
Uh yes! Thank you.,Joy,MELD
Oh. Oh wait no.,Neutral,MELD
Later.,Neutral,MELD
"Oh uh, Im sorry.",Neutral,MELD
No Ross! Ross! Ross! My child has no father!,Fear,MELD
Try feeding her again.,Neutral,MELD
I already fed her.,Neutral,MELD
"I know, that’s why I said again!",Anger,MELD
"Alright you guys, we can’t turn on each other, Okay?   That’s just what she wants.",Fear,MELD
Hey.,Neutral,MELD
Phoebe! Rachel! Its Monica! I wonder what you could possibly need me for on such short notice!  Oh.,Joy,MELD
"Oh Monica, we are so sorry.",Sadness,MELD
For what?,Joy,MELD
"Well first, for forgetting to throw you a bridal shower.",Sadness,MELD
And then for forgetting to invite you to it.,Neutral,MELD
You al-you already had it?,Surprise,MELD
"Well, we called everyone in your phone book and a bunch of people came, but it took us so long to get you here that they-they had to leave.",Neutral,MELD
"Yeah, we wanted to throw you a big surprise and a great shower, and now you dont have either.",Sadness,MELD
We ruined everything.,Sadness,MELD
Ugh,Sadness,MELD
"Well no, wait a minute, thats not true!",Sadness,MELD
"No, what did, that was really sweet.",Joy,MELD
And it kinda works out for the best.,Joy,MELD
"What do you, what do you mean?",Surprise,MELD
"Well now, I get to spend my shower with the only people I really love!",Joy,MELD
"I mean, I get all those presents  without having to talk to people I dont even like!",Joy,MELD
Surprise,Sadness,MELD
Surprise,Joy,MELD
Monica.,Neutral,MELD
"I can't believe it's raining again! Oh, it's so unfair!!!",Anger,MELD
"Well, on the bright side, now you won't have to see all these paleontologists with their shirts off.",Neutral,MELD
Not you guys.,Neutral,MELD
You got it going on!,Joy,MELD
"So, what are we gonna do today?",Neutral,MELD
They have a game room downstairs! Ping pong and stuff.,Neutral,MELD
"Ping pong?  Honey, they have ping pong! Let's play!",Surprise,MELD
I don't think so!,Joy,MELD
Why not?,Neutral,MELD
"Because you know how competitive you get and well, I say it's cute, others disagree, and I'm lying!",Neutral,MELD
I'm not always that bad!,Neutral,MELD
"Oh,",Neutral,MELD
I punched you...?,Surprise,MELD
And...?,Surprise,MELD
... Phoebe...?,Surprise,MELD
... and...?,Neutral,MELD
I clunked your heads together!,Neutral,MELD
"Sorry I ah, I scared you in there.",Sadness,MELD
"Oh, thats okay. By the way, I was just checking the shower massager.",Neutral,MELD
Yeah.,Neutral,MELD
Hey!,Surprise,MELD
I tried to reach you at work. Theres....been a fire.,Sadness,MELD
What?! Oh my...  Oh my God!! What happened?!,Surprise,MELD
"Well, we believe it originated here.  In the Aroma Room.",Neutral,MELD
All right. Did everyone get out okay?,Fear,MELD
"Well, the giraffes okay. And so is the pirate.",Neutral,MELD
Ohh. What is this?,Surprise,MELD
"No Phoebe, dont look! You dont want to see whats under there!!",Fear,MELD
"Ohh, the-the Foster puppets!",Sadness,MELD
Hey! How long until Petes fight?,Neutral,MELD
"Oh, about five minutes. Right now theyre interviewing his opponent. Apparently he trains by going to Iran and pulling the arms off thieves.",Neutral,MELD
Hot dog?,Neutral,MELD
"Four, please.  Im really nervous.  Thank you.",Fear,MELD
"So Ross, how umm, how did it go with Bonnie?",Neutral,MELD
"I gotta tell you, I-I wasnt expecting to like her at all, I mean I actually wasnt expecting to like anyone right now, but shes really terrific.",Joy,MELD
"Ohh, thats too bad!",Sadness,MELD
"No, I-Im saying I liked her.",Joy,MELD
"Yeah, y'know what, there are other fish in the sea.",Neutral,MELD
"Pheebs, I think shes great. Okay? Were going out again.",Joy,MELD
"Okay, I hear you! Are you capable of talking about any thing else?",Disgust,MELD
Hey! Which ones my turkey burger?,Neutral,MELD
"Ahh, the one next to my foot. Sorry.",Neutral,MELD
"Hey, the fights starting!",Joy,MELD
"Okay, well be right in.  So ah, did your boss try to slap you again today?",Neutral,MELD
Nine times!,Anger,MELD
"Okay, I had to put on lotion!",Neutral,MELD
"But, its gonna be okay, because as of tomorrow Im conducting an experiment, and if all goes as planned, my butt will be smack free.",Neutral,MELD
Fights over!,Neutral,MELD
"Okay, okay, here she comes!  How do I look? Do I look like a guy who doesnt want to get married?",Neutral,MELD
"Yeah! And also, a little like a French guy.  I never noticed that before.",Surprise,MELD
Hi guys!,Joy,MELD
Hey!,Neutral,MELD
What are you up too?,Neutral,MELD
"Oh, just hanging out, talkin about uh, websites.",Neutral,MELD
"Yeah, we saw this really interesting website about marriage and how totally unnecessary it is and how its just a way for the government to keep tabs on you.",Neutral,MELD
"Yeah, Big Brother.",Neutral,MELD
Well thats a little crazy. Although I am yknow glad to hear that youre branching out on what you look at on the Internet.,Neutral,MELD
"Yeah, well Yknow, it just got me thinking though, why would anybody ever want to get married huh?",Neutral,MELD
Why?! To celebrate your relationship! To solidify your commitment! To declare your love for one another to the world!,Anger,MELD
Eh,Neutral,MELD
Okay well thats good to know.,Sadness,MELD
The Mr. Bowmonts here!!!,Joy,MELD
"Oh thats great, my friend Joeys in the movie business.",Joy,MELD
Yknow who I ran into from school? Howie.,Neutral,MELD
My friends name is Joey.,Neutral,MELD
Apparently Howies editing now.,Neutral,MELD
"Yeah, he-he-he calls me up and asks me if he can edit my new movie.",Anger,MELD
Can you believe that?!,Surprise,MELD
Yknow I-I-I havent spoken to him in like ten years and he asks me for a favor!,Surprise,MELD
"Yeah, Ive always hated that Howie.",Disgust,MELD
"No, no ""How you doing?"" Man, I mean not even a cup of coffee first!",Disgust,MELD
The nerve huh?,Disgust,MELD
Yeah!,Disgust,MELD
Refill?,Neutral,MELD
Hey! How you doing?,Joy,MELD
"Good! Good, long time no see.",Joy,MELD
Like your sweater.,Neutral,MELD
"Oh hey, right back at ya.",Neutral,MELD
"Oh, its crazy about Rachel huh?",Surprise,MELD
"Yeah. SheWell, shes one crazy lady?",Surprise,MELD
So whose is it?,Neutral,MELD
"Umm, I dont some Italian guy. Come on, read your own label. See you later.",Neutral,MELD
Okay.,Neutral,MELD
He is so weird.,Anger,MELD
You wanna fool around with Joey?,Surprise,MELD
Yeah!,Joy,MELD
"You know, ever since I had that dream about him, and can't    get it out of my head!",Joy,MELD
"And what's the big deal, people do it all the time!",Surprise,MELD
Who? Who do you know that are friends that just fool around?,Surprise,MELD
"Ok, off the top of my head... Don and Janet.",Neutral,MELD
"Who, who are they?",Neutral,MELD
I know them from work.,Neutral,MELD
Both of them?,Surprise,MELD
"No, one of them...",Neutral,MELD
Which one?,Neutral,MELD
"I don't know, what were the names I just said?",Neutral,MELD
"Rachel, things can get incredibly complicated.",Anger,MELD
"All right, all right, you're right",Sadness,MELD
What the hell are you cooking!,Surprise,MELD
Oh my God! How did you get back here?!,Surprise,MELD
"Fire alarm?  Oh! Hi, officerfireman, can-can I help you?",Surprise,MELD
We found your fire alarm in the trash chute.,Anger,MELD
Thats not mine.,Neutral,MELD
Yes it is.,Neutral,MELD
How do you know?,Fear,MELD
"The next time you want to dump a fire alarm in a trash chute, dont wrap it in a blanket that says, ""Property of Phoebe Buffay not Monica.""",Disgust,MELD
"Okay do youOkay, do you have a search warrant? Because the last time I checked this was still America!",Anger,MELD
"Please reattach this, its against the law to disconnect them.",Neutral,MELD
Fine!  But please God.. tell me how to stop them from going off!,Anger,MELD
Theres a reset button under the plastic cover.,Neutral,MELD
Theres a reset button?!,Surprise,MELD
My God!,Surprise,MELD
Why didnt I see that!,Surprise,MELD
"Reset button, reset button, where is there a reset button?",Neutral,MELD
Oh here it is!,Joy,MELD
Oh!,Surprise,MELD
"Ohh, God!",Joy,MELD
"Four letters: ""Circle or hoop"".",Neutral,MELD
"Ring dammit, ring!",Anger,MELD
Thanks.,Neutral,MELD
"Hey, you know our phone's not working?",Surprise,MELD
What?!,Surprise,MELD
"I tried to call you from the coffee shop, and there was no answer.",Neutral,MELD
"I turned it off. Mother of God, I turned it off!",Anger,MELD
Just like you told her you did!  ... Just pointing out the irony.,Neutral,MELD
"Hey, so listen, I went across the street and talked to the doorman- I got the peeper's name! Can I use the phone?",Anger,MELD
Nngghhh!!!!!!!,Anger,MELD
"Can I use your phone?  Yeah, the number for a Sidney Marks, please.",Neutral,MELD
"""Heating device.""",Neutral,MELD
Radiator.,Neutral,MELD
Five letters.,Neutral,MELD
Rdtor.,Neutral,MELD
"Yeah, is Sidney there?  Oh, this is?  Sidney's a woman.",Surprise,MELD
"Well, you'll have to wait your turn.",Neutral,MELD
"Well, how long do you think it'll be?",Neutral,MELD
Any minute now.,Neutral,MELD
"Hey, this-  Heyy...",Joy,MELD
Hey.,Neutral,MELD
Hey! Any good mail?,Neutral,MELD
"Yes, you got something from the Screen Actors Guild.",Neutral,MELD
"Ooh, its probably a residual check, hey can you open it for me, Im kinda.",Neutral,MELD
"""Benefits lapsed.""",Neutral,MELD
Hmm thats weird. I dont remember being in a move called benefits lapsed.,Neutral,MELD
"Okay, its not a check. Theyre saying your health insurance expired because, you didnt work enough last year.",Neutral,MELD
Let me see that!,Surprise,MELD
All right.,Neutral,MELD
"Oh, I cant believe this!",Surprise,MELD
This sucks!,Anger,MELD
"When I had insurance I could get hit by a bus or catch on fire, yknow?",Fear,MELD
And it wouldnt matter.,Anger,MELD
Now I gotta be careful?,Anger,MELD
"Im sorry man, theres never a good time to  stop catching on fire.",Sadness,MELD
"All right well, I guess I gotta go get a job. Im gonna go see my agent.",Sadness,MELD
"Okay, make sure you look both ways before you cross the street.",Neutral,MELD
look both ways before you cross the street.,Joy,MELD
I can't believe Phoebe's gonna have her babies!,Surprise,MELD
"I know, it's beautiful. Amazing.",Joy,MELD
"I had to kiss Phoebe and Rachel every time I left a room, I mean it's too bad they didn't see us having sex.",Neutral,MELD
Do you know anything about women?,Neutral,MELD
No.,Neutral,MELD
That's all right.,Neutral,MELD
Okay.,Neutral,MELD
Remember when we went to Central Park and rented boats?.. That was fun.,Joy,MELD
Yeah. He could row like a viking.,Joy,MELD
Hi.,Neutral,MELD
Mmm.,Neutral,MELD
So how'd it go?,Neutral,MELD
"Oh, y'know..",Neutral,MELD
Did he mention us?,Neutral,MELD
He said he's really gonna miss you guys.,Sadness,MELD
"You had a rough day, huh.. c'mere.",Sadness,MELD
...love you.,Joy,MELD
Are you're hands still wet?,Neutral,MELD
"Uh, moist, yeah.",Neutral,MELD
Let's dry 'em again.,Neutral,MELD
Oh my God! Oh my God!!,Sadness,MELD
Still crying?,Surprise,MELD
Like a,Neutral,MELD
"Yknow, I only know of two surefire ways to shut a man up. And one of them is sex.",Neutral,MELD
Whats the other one?,Neutral,MELD
"I dont know, Ive never had to use the other one.",Neutral,MELD
"Im just saying yknow, if were having sex, hes not gonna be talking.",Neutral,MELD
Oh thats right.,Joy,MELD
Youre the talker.,Neutral,MELD
"Anyway uh, great idea!",Joy,MELD
"Umm, I gotta go to the store; I told him that I would buy him some more tissues.",Neutral,MELD
"Oh, we have some",Neutral,MELD
No you dont!,Anger,MELD
"Okay, yeah.  Triple A can pick us up.",Neutral,MELD
"Yeah, what town are we near?",Neutral,MELD
"Freemont. West-Westmont, ah Westburg?",Neutral,MELD
Then why are you answering? Do you at least know what route were on?,Anger,MELD
"Yeah, we are definitely on Route 27.",Neutral,MELD
"Okay.  We are at a rest stop on Route 27. Okay.  There is no Route 27.   Okay, either 93 or 76?",Neutral,MELD
"I dont know, Im sorry, I always slept in the back when we drove up here.",Sadness,MELD
"Hey, can you send somebody up and down 76 and check every rest stop, and, and also 93?",Neutral,MELD
Okay!,Neutral,MELD
"Yeah, no they dont do that.",Neutral,MELD
"Ugh, okay, well somebody will come and save us.",Neutral,MELD
Who?,Anger,MELD
I mean have you seen a car come by here in the last hour and a half?,Fear,MELD
"I think we should call Ross, maybe he can get a car and come pick us up.",Neutral,MELD
"No! No, I am not getting in a car with Ross, we will just have to live here!",Anger,MELD
But if...,Fear,MELD
"No you guys, I am not getting in a car with him, youll have to think of something else.",Anger,MELD
"Oh good, oh Joey and Chandler are back.",Joy,MELD
So the going for help went well?,Neutral,MELD
"Im telling you man, I saw it.",Neutral,MELD
"Yeah, well, youre wrong! Okay, youre wrong.",Anger,MELD
"Im not wrong! I wish I was. Im sorry. Bet that barium enema doesnt sound so bad now, huh?",Sadness,MELD
I know.,Neutral,MELD
Lets try a lookof far offwonderment.,Neutral,MELD
"Okay, well-well gaze into our future and well think about our marriage and the days to come.",Joy,MELD
Chandler!,Surprise,MELD
What is the matter with your face?!,Surprise,MELD
"I mean this picture is supposed to say ""Geller and Bing to be married,"" not ""Local woman saves drowning moron!""",Anger,MELD
Hey!,Anger,MELD
Dont laugh at him!,Anger,MELD
Hes,Neutral,MELD
Were gonna find love!,Joy,MELD
Definitely!,Joy,MELD
"Yeah, Im pretty confident about that.",Neutral,MELD
Thats what makes it so easy for me to be 80% happy for Monica and Chandler!,Joy,MELD
It would be nice to have a little guarantee though.,Neutral,MELD
What do you mean?,Neutral,MELD
"Well yknow, some people make deals with a friend, like if neither of them are married by the time theyre 40, they marry each other.",Neutral,MELD
You mean a backup?,Neutral,MELD
Exactly!,Joy,MELD
"Yeah, yeah I got that.",Neutral,MELD
You do?,Neutral,MELD
Hm-mmm,Neutral,MELD
Who?,Neutral,MELD
Yeah!,Joy,MELD
Are you serious?!,Surprise,MELD
"Yeah, I locked him years ago!",Joy,MELD
"Wh So If neither of you are married by the time youre 40, youre gonna marry Joey.",Surprise,MELD
"Yep, we shook on it. Yeah but believe me that is not how he wanted to seal the deal.",Neutral,MELD
"Oh, seriously?",Surprise,MELD
"Yeah uh, what am I gonna do?",Neutral,MELD
"Yeah, Im sorry man.  You wanna go watch?",Neutral,MELD
Yeah!,Joy,MELD
Good morning.,Neutral,MELD
"Hi Tag! Hey, so did you have fun with uh, with Joey last night?",Joy,MELD
Oh yeah! We went to the Knicks game.,Joy,MELD
Ohh thats nice.,Joy,MELD
Then we went to this bar and he hooked us up with all these women!,Joy,MELD
Wo-women? You mean like old women?,Disgust,MELD
"Well kinda old, like 30.",Neutral,MELD
Oh.,Neutral,MELD
"And I never used to be able to just talk to girls in bars, but I got like 20 phone numbers last night.",Surprise,MELD
"Thats great! Wow man, so Joey mustve really taught you some stuff huh?",Surprise,MELD
A little.,Neutral,MELD
Yeah?,Surprise,MELD
How you doin?,Neutral,MELD
"Phoebe, we are so proud of you! You're amazing!",Joy,MELD
I know.,Neutral,MELD
So does it really hurt as bad as they say?,Joy,MELD
What did you just say?,Surprise,MELD
You roll another hard eight and we get married here tonight.,Joy,MELD
Are you serious?!,Surprise,MELD
Yes! I love you! I've never loved anybody as much as I love you.,Joy,MELD
I've never loved anybody as much as I love you.,Joy,MELD
"Okay, so if an eight comes up, we take it as a sign and we do it!",Joy,MELD
What do you say?,Neutral,MELD
Okay!,Joy,MELD
Okay! Come on! Let's go! All right!,Joy,MELD
Okay! That's a four! And where-where's the other one?,Anger,MELD
It went under the table.,Neutral,MELD
"Nobody move!  Okay, you look that way; I'll look this way!",Anger,MELD
Here it is! Here it is!,Joy,MELD
That could be a four or a five. It's your call.,Neutral,MELD
It's a four.,Neutral,MELD
I think so too.,Neutral,MELD
Well thats it. Im done. Whew!  There come the meat sweats.,Joy,MELD
"Well Joey, were allwere all very proud of you.",Joy,MELD
"Yes, I believe we can expect a call from the President any moment now.",Neutral,MELD
Is there anything we can do for you?,Neutral,MELD
"No just, nobody press on my stomach.",Neutral,MELD
You can keep those pants by the way.,Neutral,MELD
Whoaheywh-wh-what do you got there? What is that? Pie?,Surprise,MELD
"Yeah, you want some?",Neutral,MELD
"Ah, just cut me a little sliver.",Joy,MELD
A little bigger.,Neutral,MELD
Little bigger.,Neutral,MELD
What?!,Surprise,MELD
Are you afraid youre gonna run out?!,Anger,MELD
Cut me a real piece!,Anger,MELD
"Phoebe, oh my God! Wh-wh-what are you doing here?",Surprise,MELD
"I need to talk to you, its pretty urgent. Its about Monica and Chandler.",Neutral,MELD
Oh my God!,Surprise,MELD
"Of course, of course.",Neutral,MELD
"Umm, would you please excuse me for a moment?",Neutral,MELD
"Umm, do you know each others hometowns?",Neutral,MELD
Why dont you   Wh-whats going on?,Fear,MELD
"Well, umm, not much.",Neutral,MELD
"But, I was just thinking that since those guys just got engaged that maybe it would be nice if they had some privacy, yknow?",Neutral,MELD
"So, could I just move in with you for a couple days?",Neutral,MELD
"Umm, okay, yeah, sure. But wh-whats wrong with Monica and Chandler?",Neutral,MELD
Nothing..Why?,Neutral,MELD
"Phoebe, you said it was urgent!",Anger,MELD
Oh yeah it is! Im going to the movies and it starts in like five minutes.,Neutral,MELD
Do you realize I have a classroom full of students?,Anger,MELD
"Oh, Im sorry. Im so rude. Does anyone want to come to the movies?",Neutral,MELD
"Look, look, theres got to be a way we can work past this.",Sadness,MELD
"Okay,  I cant imagine, I cant imagine my life without you.",Fear,MELD
"Without, without these arms, and your face, and this heart.",Sadness,MELD
"Your good heart Rach,  and, and....",Sadness,MELD
No.,Neutral,MELD
"I cant, youre a totally different person to me now.",Sadness,MELD
"I used to think of you as somebody that would never, ever hurt me, ever.",Sadness,MELD
"God, and now I just cant stop picturing with her, I cant,  it doesnt matter what you say, or what you do, Ross.",Sadness,MELD
"Its just changed, everything.",Sadness,MELD
Forever.,Sadness,MELD
"Yeah, but this cant be it, I mean.",Sadness,MELD
Then how come it is?,Sadness,MELD
"Windows are clean, candels are lit.",Neutral,MELD
"Uh, belt's to tight, gotta change the belt.",Joy,MELD
Did I turn the fish?,Neutral,MELD
"No, cause I made lasagne.",Neutral,MELD
Am I out of control?,Anger,MELD
Just a touch.,Neutral,MELD
"Mon, I don't understand.",Neutral,MELD
"I mean, you've been dating this guy since like, what... his midterms?",Surprise,MELD
"I mean, why all the sudden are you so... Oh.",Surprise,MELD
What?,Neutral,MELD
Could tonight be the Night?,Joy,MELD
I don't know.,Neutral,MELD
Look he's a great guy and I love being with him but... you know.,Joy,MELD
"Things happen, and they happen.",Joy,MELD
You don't plan these things.,Neutral,MELD
"So, did you shave your legs?",Neutral,MELD
Yeah.,Neutral,MELD
Ross!,Anger,MELD
"Okay, Raymond, Joey you're up.",Neutral,MELD
Hi!,Joy,MELD
"Okay, uh well, let's try one. Whenever you guys are ready.",Neutral,MELD
Uh-oh.,Fear,MELD
Is there a problem?,Neutral,MELD
"Well this is noodle soup and uh, I've been working with tomato.",Neutral,MELD
"But that's okay, no problem.",Neutral,MELD
No problem.,Neutral,MELD
"Hmm, noodle soup.",Neutral,MELD
"Y'know, that's-that's fine, but the line is, ""Hmm, soup.""",Neutral,MELD
"Oh, what did I say?",Surprise,MELD
"Hmm, noodle soup.",Neutral,MELD
How's that different?  Oh! Yeah!,Surprise,MELD
"All right, let's try one.",Neutral,MELD
"Hmm, noodle soup.",Neutral,MELD
Okay. Let's do it again.,Neutral,MELD
Okay.,Neutral,MELD
"Hmm, soup.  I mean, noodle soup. I mean soup!",Anger,MELD
COME ON!!!!,Anger,MELD
Y'know what? We need to move on.,Anger,MELD
"No! No! I-I can do it one more time! See? Look!  Hmm, noodle soup. Damnit!",Anger,MELD
Okay. Just give us a second. Ross!,Neutral,MELD
Yeah?,Neutral,MELD
Give her some money.,Neutral,MELD
I really think theyre out of rooms.,Neutral,MELD
"Theyre not!! Ross, theyre just saving them for the important people!! Okay?! What-what if I was the president?!",Anger,MELD
"Well then wed be in a lot of trouble, you dont know where any countries are.",Neutral,MELD
Okay.,Neutral,MELD
"Uh, say would you umm Would you mind checking again to see if any umm, private rooms may have  opened up?",Neutral,MELD
This is a hospital.,Neutral,MELD
Yknow what?,Neutral,MELD
Id have to say I really dont care for your tone.,Anger,MELD
And this is not the only hospital in this city and we have no problem toWhoa!,Anger,MELD
Oh gosh!,Surprise,MELD
What-what?,Surprise,MELD
Ow! Ow! Contraction.  Ow-ow! Ow-ow!,Surprise,MELD
Would you like to see a semi-private room?,Neutral,MELD
"Yeah, it couldnt hurt to look.",Neutral,MELD
"I'm just sayin' if dogs do experience jet lag, then, because of the whole um, seven dog years to one human year thing, then, when a dog flies from New York to Los Angeles, he doesn't just lose three hours, he loses like a week and a half.",Neutral,MELD
That's funny. Who are they?,Joy,MELD
"The blond woman is my ex-wife, and the woman touching her is her... close, personal friend.",Neutral,MELD
You mean they're lovers.,Surprise,MELD
If you wanna put a label on it.,Neutral,MELD
"Wow, uh, anything else I should know?",Surprise,MELD
"Oh God, Ross, I cannot do this.",Sadness,MELD
"Okay, quick and painful.",Neutral,MELD
"Oh God... Okay. Alright. Alright. Okay. Ross, please don't hate me.",Fear,MELD
"Oh, what? What-what?",Surprise,MELD
Y'know Marcel?,Neutral,MELD
...Yeah?,Neutral,MELD
"Well, I kind of... I kind of lost him.",Sadness,MELD
Hi Pheebs!,Joy,MELD
Hi!,Joy,MELD
How are ya?,Neutral,MELD
Good.,Neutral,MELD
"Umm Pheebs, remember when we were in the coffee house we decided that I was going to keep the uh, the cute guys cell phone?",Neutral,MELD
Yeah.,Neutral,MELD
And remember how I said I was going to keep it in my purse so that if it rang I could just pick it up?,Neutral,MELD
Yeah!,Joy,MELD
And do you remember going into my purse and stealing the phone?!,Anger,MELD
"Ooh, now you lost me.",Fear,MELD
You stole the phone!,Anger,MELD
No I didnt!,Anger,MELD
"No? So youre saying that if I called it, it wouldnt ring?",Anger,MELD
"No. Umm, okay. But while you dial, let me show you the features of my new ringing handbag.  Oh, it does work!",Fear,MELD
Phoebe!,Anger,MELD
Its not here.,Neutral,MELD
"Puzzler. A bit of a puzzle. Why dont you um, check the copy room, maybe you left the contracts in there?",Neutral,MELD
How could I have left them in the copy room?,Neutral,MELD
I dont know Tag! How can your genitals make phone calls? Okay? Its not a perfect world! Just go please.,Anger,MELD
Fine.,Anger,MELD
How ya doin'? Welcome. Good to see ya!,Joy,MELD
This will be your phone.,Neutral,MELD
"That's great. But uh, I'm not really expecting a lot of calls.",Neutral,MELD
No you answer it and take pledges.,Neutral,MELD
But I'm the host!,Surprise,MELD
"No, Gary Collins is the host. You'll be answering the phones.",Neutral,MELD
"You don't seem to understand. See, I was Dr. Drake Remoray.",Neutral,MELD
"Well, here's your phone doctor.",Neutral,MELD
Hey guys.,Neutral,MELD
Hey Gunther. Hi.  I mean youre going out on a date with the noisy guy upstairs?,Surprise,MELD
"Well, hes very charming.",Neutral,MELD
"I know, hes too charming, but if you two start going out, then its just gonna make it so much harder for me to hate him.",Disgust,MELD
"Well, youre just gonna have to try.",Neutral,MELD
"Joey, where are the",Neutral,MELD
"I dont know, Chandler is supposed to be passin em around...",Neutral,MELD
"Okay, ten blocks down. Five to go.",Anger,MELD
Oh wait! Stop! Stop! Stop!,Joy,MELD
Oh Im sorry! Do you need a break?,Surprise,MELD
My boots in tan! Hey! Can you get a little closer so I can see the price?,Joy,MELD
I can see it from right here. Itll cost you one husband.,Joy,MELD
"Okay, Im sorry. I think I can walk the rest of the way now. Just-just give me my boots.",Sadness,MELD
Come on more!,Anger,MELD
Oh God!,Joy,MELD
"Yeah, you like that dont you?",Neutral,MELD
Oh yeah right there!,Joy,MELD
You want it there? You take it there baby!,Joy,MELD
Uh Phoebe?,Sadness,MELD
"Yeah, say my name. Say it!  And now Im going to cover you back up, and umm were never doing this again.",Joy,MELD
Happy?! Is that what Im supposed to be Vic? Happy?,Anger,MELD
"Well, why dont you tell me what youre supposed to be!",Anger,MELD
Huh?,Neutral,MELD
Because I sure as hell cant figure it out!,Anger,MELD
I talk to you and its nothin.,Neutral,MELD
"You look at me, and nothin.",Neutral,MELD
Nothing.,Neutral,MELD
"You guys make me fly! High! Okay, were gonna pick it up here, tomorrow.",Joy,MELD
"Well, that was ah...",Neutral,MELD
What?! What are you doing?!,Surprise,MELD
Do you know what just happened?,Anger,MELD
Yeah. We-we had sex and then we fell asleep.,Neutral,MELD
No. We were in the middle of sexand,Neutral,MELD
"Nooo! No, thats not true. No, best time ever! Yeah, you rocked my world!",Joy,MELD
"Don't worry, Chandler, it's not a globe of the United States.",Neutral,MELD
Hey you guys I'm gonna go out and take a walk.,Neutral,MELD
"Phoebe, why is your bag moving?",Surprise,MELD
"Oh, it's not!",Neutral,MELD
"Seriously, it's moving!",Surprise,MELD
What the hell is in there?,Surprise,MELD
It's just my knitting that's all!  Yes! I knit this. I'm very good.,Neutral,MELD
There will come a time in each of your careers when youll have a chance to screw over another soap opera actor.,Neutral,MELD
"I had such an opportunity in the recent, present.",Neutral,MELD
"And Im ashamed to say that I took it, I advised a fellow actor to play a role, homosexually.",Sadness,MELD
"Yeah, we both auditioned for the part, and uh, as it turned out, they ah, they liked the stupid gay thing and cast him.",Anger,MELD
"And now, hes got a two year contract opposite Susan Luchhi, the first lady of daytime television, and me, me Im stuck here teaching a bunch of people, most of whom are too ugly to even be on TV.",Sadness,MELD
"Im sorry, Im sorry, Im sorry.",Sadness,MELD
Thank you.,Neutral,MELD
Rach?,Surprise,MELD
Ill be out in a second.,Neutral,MELD
Oh.  Its just so unexpected! II uhBoy Ill tell you its just such an honor to be nominated for a,Joy,MELD
"Honey, we have to go. Our reservations are at 8:00.",Neutral,MELD
in Reservations at 8:00 by Neil Simon.  Thank-thank you Neil. Thank you for the words.,Neutral,MELD
"Okay honey, you can finish this later were gonna be late. We gotta go.",Neutral,MELD
"Please, dont play the music. Just uh one more.",Joy,MELD
I can't believe you don't want to know.,Surprise,MELD
"I mean, I couldn't not know, I mean, if, if the doctor knows, and Carol knows, and Susan knows....",Joy,MELD
And Monica knows...,Neutral,MELD
"Wha, heh, how could you know, I don't even know!",Surprise,MELD
"Carol called me to thank me for the lasagna, I asked, she told me.",Neutral,MELD
So what's it gonna be?,Joy,MELD
"Waitohheyhuh, oh great now he knows, and I don't know!",Anger,MELD
"I'm sorry, I'm just excited about being an aunt!",Joy,MELD
Or an uncle...,Neutral,MELD
Hey Phoebe!,Joy,MELD
Hi Pheebs!,Joy,MELD
Pheebs!,Joy,MELD
Fine!,Anger,MELD
"Phoebe, what's the matter?",Neutral,MELD
"Nothing, I'm sorry, I'm just, I'm out of sorts.",Sadness,MELD
"Oh, right, that's me!",Surprise,MELD
"Hey, Chandler, that table place closes at 7, come on.",Neutral,MELD
Fine.,Neutral,MELD
"Phoebe, what is it?",Neutral,MELD
"All right, you know Paolo?",Neutral,MELD
"I'm familiar with his work, yes...",Neutral,MELD
"Well, he made a move on me.",Anger,MELD
"Whoa, store will be open tomorrow!",Surprise,MELD
"More coffee over here, please!",Joy,MELD
Hey.,Neutral,MELD
"Hey. What, what are you doing here?",Surprise,MELD
"Well, I-I thought a lot about what you said, and um, I realilized duh, all right maybe I was a little judgmental.",Sadness,MELD
"Yeah,  oh, but oh...",Neutral,MELD
"Look now, Phoebe remember, hey, their just fulfilling their Christmas....",Neutral,MELD
Destiny.,Neutral,MELD
Sure.,Neutral,MELD
Yes.,Neutral,MELD
All right.,Neutral,MELD
Okay.  Yikes! That one doesnt look very fulfilled.,Surprise,MELD
"Oh, thats, thats ah, one of the old ones, hes just taking it to the back.",Neutral,MELD
"You keep the old ones in the back, that is so ageist.",Anger,MELD
Well we have to make room for the fresh ones.,Neutral,MELD
"So, what happens to the old guys?",Sadness,MELD
"Well, they go into the chipper.",Neutral,MELD
"Why, do I have a feeling thats not as happy as it sounds?  No! Nooooo!!!",Fear,MELD
Hey! Hey!!,Surprise,MELD
Light still out?,Neutral,MELD
Yeah.,Neutral,MELD
Oh. Maybe they're- napping.,Neutral,MELD
"Oh please, they're having sex.",Sadness,MELD
Shut up!,Anger,MELD
"So, whaddya think George is like?",Neutral,MELD
I think he's shy.,Neutral,MELD
Yeah?,Surprise,MELD
Yeah. I think you have to draw him out. And then- when you do- he's a preppy animal.,Neutral,MELD
"Hi! Hi, Im Ross, you dont know me, but Im a big, big fan of yours. I mean,",Joy,MELD
Arent you with that girl over there?,Neutral,MELD
"Well, yeah, kinda.",Neutral,MELD
"Um, but thats okay, see we have an understanding, um, see we each have this list of five famous people,  so Im allowed to sleep with you.",Neutral,MELD
"No, no, no, its flattery.",Joy,MELD
"Oh no, no, no, wait, wait, Isabella.",Joy,MELD
"Dont, dont just dismiss this so fast.",Fear,MELD
I mean this is a once in a lifetime opportunity...,Neutral,MELD
"Yeah, for you. Is that the list?",Neutral,MELD
"Um, yeah.",Neutral,MELD
May I see it?,Neutral,MELD
"Um, no.",Fear,MELD
Come on!,Joy,MELD
"But, okay.",Neutral,MELD
Im not on the list!,Surprise,MELD
"Um, see, but thats not the final draft.",Neutral,MELD
Its laminated!,Anger,MELD
"Yeah, um, okay see, you were, you were on the list but my friend, Chandler  brought up the very good point that you are international, so I bumped you for Wynona Rider, local.",Neutral,MELD
Y'know its ironic...,Neutral,MELD
...because I have a list of five goofy coffee house guys and yesterday I bumped you for that guy over there.,Neutral,MELD
Were just gonna be friends.,Neutral,MELD
Get out of here you lurker!  Go on! Get!,Anger,MELD
Hey Pheebs!,Joy,MELD
Ohh! You made up!,Surprise,MELD
"Yeah, I couldn't be mad at him for too long.",Neutral,MELD
"Yeah, she couldn't live without the Chan Love.",Joy,MELD
"Ohh, get a room.",Disgust,MELD
We have one.,Neutral,MELD
I know. Use it.,Disgust,MELD
"Oh Mon, listen I have to ask!",Surprise,MELD
"Okay, Joey Tribbiani invited me back to his apartment, now does he do this with a lot of girls?",Neutral,MELD
"Yeah, a lot. A lot, a lot!",Neutral,MELD
"Ohh! And Im one of them!! Wow! Oh, I just cannot believe this! I mean, Joey Tribbiani!",Surprise,MELD
"Well, yknow its none of my business, but arent you married?",Neutral,MELD
Yeah. Oh I just wish we could not be married for a little bit! Yknow I just wish we could be like on a break!,Anger,MELD
Ross! I think she is trying to make something happen with you to get back at me!,Anger,MELD
So thats the only reason she could be here huh?,Neutral,MELD
It couldnt have anything to do with the fact that-that maybe Im a good listener and I uh I put on a,Neutral,MELD
"Ross, I am telling you that she is using you to get back at me!",Anger,MELD
"I think I can take care of myself, Ill talk to you later.",Neutral,MELD
Good-bye.,Neutral,MELD
Whoa!,Surprise,MELD
"Uh, that was your sister actually.",Neutral,MELD
She-she thinks that youre just using me.,Neutral,MELD
So?,Neutral,MELD
Im sorry.,Sadness,MELD
What are you doing here?!,Surprise,MELD
"I-I, came to fill your ice cube trays.",Neutral,MELD
What?!,Surprise,MELD
"Umm, okay, okay, look.",Neutral,MELD
I took this picture from your fridge.,Anger,MELD
"Okay, because I know that this is my Father.",Anger,MELD
"Yeah, this is Frank Buffay and you are standing right there next to him.",Anger,MELD
"Now, look I deserve to know where I came from.",Anger,MELD
All right?,Anger,MELD
So if you can help me find my Father then you should!,Anger,MELD
"Otherwise, youre just mean!",Anger,MELD
"So, just tell me the truth!",Anger,MELD
"All right, the man in the picture is Chuck Magioni.",Neutral,MELD
My Father is Chuck Magioni?,Surprise,MELD
"No, no, thats just Chuck Magioni, I-I sold him a house last year!",Neutral,MELD
"And Im very sorry, but I dont know where your Father is, and thats the truth.",Sadness,MELD
Oh.,Sadness,MELD
"But umm, youre right.",Neutral,MELD
I think that a person should know where they come from.,Neutral,MELD
"Wh-which is why I ah,  ahh,  okay.",Neutral,MELD
Im your mother.,Neutral,MELD
Heh?,Surprise,MELD
"Y'know I wanted to tell you yesterday, but I just, I kinda felt all floopy, and...",Sadness,MELD
Whats happening to your accent?,Surprise,MELD
Come again?,Surprise,MELD
Whats-whats this nonsense?,Fear,MELD
"All right, Im-Im not English.",Sadness,MELD
Im from Long Island.,Neutral,MELD
"I was really nervous and the accent just uh, just came out.",Sadness,MELD
Im sorry.,Sadness,MELD
"So, if we could just get back to the lecture.",Neutral,MELD
"Umm, were there any questions?",Neutral,MELD
About paleontology.,Neutral,MELD
"All right, look I was just trying to make a good first impression.",Anger,MELD
"Obviously, I screwed up.",Sadness,MELD
But what you guys think of me is really important because Im-Im hoping to get a permanent job here.,Neutral,MELD
So if you just give me another chance to make a good impression,Neutral,MELD
Ross!! Are you crazy?! I am,Anger,MELD
"Well, hello Rachel!",Surprise,MELD
"Where you going, Joe?",Neutral,MELD
For a walk.,Neutral,MELD
Oh. You mind if I join you?,Neutral,MELD
"Actually, that will be long. You know, I really need to organize    my thoughts.",Neutral,MELD
Your thoughts? Plural?,Surprise,MELD
"Allright, fine, I only have one thought! It's about the hot nanny,    I gotta see her!",Joy,MELD
"I'm afraid I can't let you do that, Joe.",Neutral,MELD
Now YOU'RE telling me I can't see her??,Anger,MELD
You guys are killing me!,Sadness,MELD
She's forbidden fruit!,Sadness,MELD
"It's like ... like she's the princess and I'm the stable    boy ... Why are you doing this, huh?",Sadness,MELD
Did Ross tell you not to let me go over    there?,Neutral,MELD
"Yes, as a matter of fact he did, so I can't let you go.",Neutral,MELD
Huh. Interesting. Now there are obstacles. Hot nanny and me against    the world. This is the kind of stuff great novels are made of.,Anger,MELD
Great novels?,Surprise,MELD
Fine ... mediocre porn,Neutral,MELD
"Okay, I think we can get the evaluation back before they see it, but were gonna have to get into Mr. Zelners office.",Neutral,MELD
"Now, he doesnt get in until 10, so hes no problem, but his assistant, Betty, she comes in early to eat her breakfast at her desk.",Neutral,MELD
Thats kinda sad.,Sadness,MELD
"Yeah, well Betty is kinda sad. Which is why I believe I can lure her away with these chocolates.  Now, while I distract her,",Neutral,MELD
Got it!,Joy,MELD
Lets roll!,Joy,MELD
"Hello Rachel, you uh, got a minute?",Neutral,MELD
"Yeah, sure Mr. Zelner, for you anythingminute. Okay. Fine.  Abort the plan, abort the plan.",Neutral,MELD
"Uh actually, Id like to speak with both of you.",Neutral,MELD
"Okay. Uh, well can we, can we get you anything Mr. Zelner? Maybe some chocolates?",Neutral,MELD
"Cassie, are you finding everything okay in there?",Neutral,MELD
Yeah! Thank you so much for letting me stay here.,Neutral,MELD
Oh! No problem! I,Joy,MELD
What?,Surprise,MELD
You are iron.,Neutral,MELD
You are steel!,Joy,MELD
"Let me ask you something, how come when I call your computer support line, I have to wait an hour and a half?",Anger,MELD
"I told you, were adding new operators all the time. Could we concentrate on my training?",Neutral,MELD
"I mean why, of all people would you want to go out with Chip?!",Surprise,MELD
"Look, you and I went to different high schools...",Neutral,MELD
"Okay, that doesnt help me, because we went to the same high school.",Neutral,MELD
"You went to one where you were popular, and you got to ride off Chips motorcycle, and wear his letterman jacket.",Neutral,MELD
I went to one where I wore a band uniform they had to have specially made.,Sadness,MELD
They had to have that specially made?!,Surprise,MELD
It was a project for one of the Home Ec classes.,Neutral,MELD
"Oh my God, they told us that was for the mascot!",Surprise,MELD
"Back then, I thought that I would never, ever get the chance to go out with a Chip Matthews, and now hes-hes called me up and asked me out.",Surprise,MELD
And the fat girl inside of me really wants to go.,Joy,MELD
I-I owe her this.,Neutral,MELD
I never let her eat.,Neutral,MELD
"Oh, you go out with him.",Neutral,MELD
"Oh, really?!",Surprise,MELD
"Yeah. Just, if its possible, could you leave him somewhere and go have sex with another guy?",Neutral,MELD
Ill try.,Neutral,MELD
"Hey! Tall guy! Hey, listen, I wanted to talk to you about that girl that youre dancing with.",Neutral,MELD
"Yeah, yeah, okay.",Neutral,MELD
"Uh, look buddy, I came with that girl, and I had this plan to kiss her at the new years countdown  Im trying to win her over, so I was wondering if..",Joy,MELD
"Oh come on man, you can dance with my partner, shes real, uh, mellow!",Anger,MELD
"Well, I was hoping after tonight that maybe I could you know",Neutral,MELD
"Ross, get over it! Its not like she hates you.",Anger,MELD
Yeah but,Sadness,MELD
"Ross, shes not weird, she just wants her stuff to be one of a kind.",Neutral,MELD
Huh. Yknow whats not one of a kind? A twin!,Anger,MELD
"Ooh, Phoebes here! Okay, lets turn out all the lights and well just watch the movie!",Joy,MELD
"Okay. HeyOoh, cool sheets!",Joy,MELD
"Oh, you like it? You wanna know where I got it?",Joy,MELD
Sure!,Joy,MELD
He got it a flea market!,Joy,MELD
"You bought your sheets at a flea market? Ross come on, you gotta loosen the purse strings a little.",Disgust,MELD
And Joey?,Neutral,MELD
How do you think she's doing?,Neutral,MELD
Am I the only one who doesn't think that she's hot? Ross?,Surprise,MELD
"Eh, I mean, I mena she's not unattractive but hot? I ....",Surprise,MELD
Thank you!,Joy,MELD
Now that Rachel's gone?,Neutral,MELD
So hot I cried myself to sleep last night.,Sadness,MELD
"Oh, god help us.",Sadness,MELD
What?,Surprise,MELD
Ugly Naked Guy's laying kitchen tile. Eww!,Disgust,MELD
"Eww! Look, I'm asking a favor here. If I do this for her brother, maybe Angela will come back to me.",Disgust,MELD
"I know, but, I made a huge mistake. I never should have broken up with her. Will you help me? Please?",Sadness,MELD
"So honey, this morning was fun, huh? Me hopping in on you in the shower there.",Joy,MELD
Yeah! And maybe someday we could get a place with two bathrooms.,Joy,MELD
"Look Carol umm, I was, I was thinking maybe uh, maybe we can spice things up a little.",Neutral,MELD
What do you mean?,Surprise,MELD
Carol our sex life isits just not working,Sadness,MELD
Hey there little fella!,Joy,MELD
"Hey, uh-hey, why dont we get some shoes on ya, huh?",Neutral,MELD
"Hey, why dont you show dad how you can put your shoes on, in your room!",Joy,MELD
Yay!,Joy,MELD
Yay!,Joy,MELD
Yay!,Joy,MELD
"Seriously, our sex life I was thinking, maybe I dont know, we could try some-some new things.",Neutral,MELD
For fun?,Neutral,MELD
Like what?,Surprise,MELD
"Well I dont know umm,  what if we were too tie each other up?",Joy,MELD
"Umm, some people eat stuff off one another.",Neutral,MELD
Nah!,Disgust,MELD
"Umm, yknow we-we could try dirty talk?",Neutral,MELD
"Umm, we could, we could have a threesome.",Neutral,MELD
I love that idea!,Joy,MELD
So whos idea was it to put everybody in the diner on skates?,Neutral,MELD
"Oh, some idiot customer put a suggestion in the suggestion box.",Anger,MELD
"Oh my God, they took my idea!",Surprise,MELD
That was you?!,Surprise,MELD
"Yeah! Okay, here you go.",Joy,MELD
"Rachel, I made you a cocoa.",Neutral,MELD
"Oh my God, are you guys okay?",Surprise,MELD
Are you all right?,Surprise,MELD
Oh my.,Surprise,MELD
Sit!,Anger,MELD
Hi.,Neutral,MELD
"Oh my gosh, Joshua!",Surprise,MELD
All those things I said about not being ready,Neutral,MELD
Theyre not true?,Fear,MELD
"No, theyre-theyre all true.",Neutral,MELD
Oh.,Joy,MELD
But,Neutral,MELD
"Oh! Oh, I love that but.",Surprise,MELD
You wanna go inside and have some coffee?,Neutral,MELD
Yeah.,Neutral,MELD
Okay.  Every time.,Neutral,MELD
"What, Phoebe, did you whip the potatoes? Ross needs lumps!",Anger,MELD
"Oh, I'm sorry, oh, I just, I thought we could have them whipped and then add some peas and onions.",Sadness,MELD
Why would we do that?,Surprise,MELD
"Well, 'cause then they'd be like my mom used to make them, you know, before she died.",Sadness,MELD
"Ok, three kinds of potatoes coming up.",Neutral,MELD
"Ok, good-bye you guys. Thanks for everything.  Oh, sorry! Oh, sorry!",Joy,MELD
The most unbelievable thing has happened. Underdog has just gotten away.,Surprise,MELD
The balloon?,Neutral,MELD
"No, no, the actual cartoon character. Of course the balloon. It's all over the news. Right before he reached",Neutral,MELD
"I can't, I gotta go.",Neutral,MELD
Come on. An 80-foot inflatable dog let loose over the city. How often does that happen?,Surprise,MELD
Almost never.,Anger,MELD
Got the keys?,Neutral,MELD
Ok.,Neutral,MELD
What d'you think?,Neutral,MELD
Lot of things.,Neutral,MELD
Which one do you think she is?,Neutral,MELD
May I help you?,Neutral,MELD
"Oh, no thanks, we're just here to observe.",Neutral,MELD
You don't observe a dance class. You,Neutral,MELD
What does she mean?,Neutral,MELD
I think she means  'You,Neutral,MELD
"Okay, d'y'see anybody you think could be me?",Anger,MELD
People! Last time there were some empty yoghurt containers lying around after class. Let's not have that happen again!,Anger,MELD
She could be you.,Neutral,MELD
"Let's get started. Five, six, a-five six seven eight...",Neutral,MELD
"Okay, I'm not getting this!",Anger,MELD
I'm totally getting it!,Joy,MELD
Did you ever feel like sometimes you are just so unbelievably uncoordinated?,Sadness,MELD
What? You just click when they click.,Surprise,MELD
"Alright people, now everyone grab a partner.",Neutral,MELD
"Okay. And, my, dead, mother, says, you, are, it. I'm with Rachel.",Neutral,MELD
Great. It's gym class all over again.,Disgust,MELD
"I'm not crazy, right? I mean, it was never like that.",Surprise,MELD
"Nooo, it wasn't.",Neutral,MELD
"Ooh, and it's so nice having this little sink here...",Joy,MELD
"Oh, ain't this nice? It's so quiet, I could just lie here all day.",Joy,MELD
I know,Neutral,MELD
Open your drapes! Open your drapes!,Joy,MELD
I'm so glad we've got adjoining rooms!,Joy,MELD
The sun is out!,Joy,MELD
Hey! Remember when I had corneas?,Anger,MELD
"Ok listen, you go down to the pool and reserve the chairs, and I'll get the magazines and the lotion.",Neutral,MELD
Ladies? Ross's speech is in 45 minutes.,Neutral,MELD
"Walls are pretty thin, guys!",Anger,MELD
"Hi uh, Im Joey Tribbiani and with all do respect Id like to donate some fluids.",Joy,MELD
"Were actually at the end of one of our research cycles, so were not looking for applicants right now.",Neutral,MELD
"Oh thats too bad. Ive kinda been saving up.  Uh, are you sure theres no studies I can participate in?",Sadness,MELD
"Well, heres a schedule of whats coming up.",Neutral,MELD
Thanks.  Well but this one starts now.,Neutral,MELD
"Oh that one is available now, but only identical twins are eligible. Its a twins study.",Neutral,MELD
"But its $2,000.",Surprise,MELD
Sorry.,Sadness,MELD
Well how about this one? Testing the effects of Joey Tribbiani on attractive nurse receptionists.,Neutral,MELD
"We already got the results back on that on, and theyre not good.",Joy,MELD
Hey! Hows it goin?,Neutral,MELD
"Well, not much has changed in the last five minutes.",Neutral,MELD
Yes it has! I made cookies!,Joy,MELD
Oh thats all right. Im still full from your homemade potato chips.,Neutral,MELD
But you should eat them now because theyre hot from the oven.,Joy,MELD
Okay.,Neutral,MELD
"Oh-ho! But not in here! Cant eat em in bed, remember? No crumbies!",Joy,MELD
"Okay, Ill be out in a second.",Neutral,MELD
Okay!,Neutral,MELD
What are you doing?,Neutral,MELD
That doesnt lock does it?,Neutral,MELD
"You know, it still smells like monkey in there.",Disgust,MELD
That saves us a conversation.,Neutral,MELD
"Well, listen, this has been great but I'm officially wiped.",Neutral,MELD
"Me too, we should get goin'.",Neutral,MELD
No.,Neutral,MELD
"Okay, here comes another camera.",Neutral,MELD
Right. No biggie. Stay loose.,Neutral,MELD
Why do they keep doing that?,Neutral,MELD
"If we wanna get on camera, I think we have to get up on one of those platforms.",Neutral,MELD
Theyve been taping those people up there all day.,Neutral,MELD
Right.,Neutral,MELD
"Hey, whatd you guys do to get up on there?",Joy,MELD
Oh yeah? Well when you learned how to dance did you forget how to put on underpants?,Joy,MELD
Yeah!,Joy,MELD
Hey! Youre a good dancer!,Surprise,MELD
Really?,Surprise,MELD
"Yeah, well youd be better if you just loosened your hips a little.",Neutral,MELD
What do you mean?,Neutral,MELD
Like this.,Neutral,MELD
"Thats it, feel the rhythm. Thats better.",Neutral,MELD
Uh-huh.,Neutral,MELD
"Okay, youre dancing with that girl over there.",Neutral,MELD
No-no-no-no-no we came together!,Joy,MELD
"I dont see it.  You are dancing with the tall guy over there. Tall guy, raise your hand!",Neutral,MELD
"No-no hey buddy, please let me dance with that girl, I really like her and I think I have a shot.",Sadness,MELD
"Really, ythink so? I dont..",Anger,MELD
Why arent you home yet?!,Anger,MELD
Is someone there?,Anger,MELD
"Oh yes, its me! Sorry!",Neutral,MELD
What are you doing here?,Neutral,MELD
"Uh, Im just, Im just looking out your window. At-at the view. What are you guys doing?",Neutral,MELD
We got some,Neutral,MELD
"Oh, he brought her back to his apartment.",Neutral,MELD
Who?  Is that your sister?,Surprise,MELD
"Ugh, she",Neutral,MELD
"God, Ross is on a date with your sister! How weird is that?!",Disgust,MELD
"Oh my God, look-look hes taking off her clothes!",Sadness,MELD
Hes taking off her coat!,Disgust,MELD
"Oh, this is just terrible.",Disgust,MELD
Ross! Wait!,Sadness,MELD
"Elizabeth, thank God! I was just thinking about",Joy,MELD
You suck!!,Anger,MELD
What?!,Anger,MELD
"Okay, break-ups still on!",Anger,MELD
Hey.,Neutral,MELD
Hey.,Neutral,MELD
"Look, I understand if you came by to hit me, I deserve it.",Sadness,MELD
"No, I dont want to hit you.",Neutral,MELD
Oh what then? Kick me?,Anger,MELD
No.,Neutral,MELD
"My son? Pretty serious.  Oh hey Katie!  What uh, what are you doing here?",Surprise,MELD
"Well, the delivery went out to you and I realized they forgot this.",Neutral,MELD
"Ah, mustve been fairly obvious since it was the only thing left in your store.",Neutral,MELD
"Listen, to be honest, home deliveries are really a part of my job description.",Neutral,MELD
Oh.,Neutral,MELD
Oh uhI actually came here to ask you out.,Fear,MELD
"Oh! Wow! Uh, yeah! That sounds great. Im just gonna put this  back in my pocket, pretend",Joy,MELD
Sure!,Joy,MELD
Horny bitch.  No! Youre a horny bitch! Noooo! Youre the horny bitch! No! Youre a horny bitch!,Anger,MELD
Chandler!! You have the best taste in men!,Joy,MELD
"Well, like father, like son.",Neutral,MELD
Patrick and I had such a great time last night! I mean I think this could maybe turn into something serious.,Joy,MELD
Really?! I-I thought you werent looking for something serious? I thought you were looking for some kind of a fling.,Surprise,MELD
"Well, y'know, possibly.  You didnt tell him that, though? Right?",Fear,MELD
"Ummmmmmmm, no.",Neutral,MELD
You told this guy that I was looking for a fling?! You dont tell the guy that!,Anger,MELD
"Oh, between you telling him that I wanted to have a fling and me putting out on the first dateoh, hes so gonna get the wrong idea.",Sadness,MELD
"Alright, so I'm back in high school, I'm standing in the middle of the cafeteria, and I realize I am totally naked.",Neutral,MELD
"Oh, yeah. Had that dream.",Neutral,MELD
"Then I look down, and I realize there's a phone... there.",Surprise,MELD
Instead of...?,Surprise,MELD
That's right.,Neutral,MELD
Never had that dream.,Neutral,MELD
No.,Neutral,MELD
"All of a sudden, the phone starts to ring.",Neutral,MELD
Honey! Dinners ready!,Joy,MELD
Whats my little chef got for me tonight?,Joy,MELD
Your favorite!,Joy,MELD
"Ho-ho-ho,  fried stuff with cheese!",Joy,MELD
Yep! And lots of it!,Joy,MELD
Thanks sweetheart. Give me a little sugar here.  Okay.,Joy,MELD
"Okay, in we go.",Joy,MELD
Here we go! Here we go! Here we go!  How you doin?,Joy,MELD
"Something went wrong with Underdog, and they couldn't get his head to inflate.",Neutral,MELD
"So anyway, um, his head is like flopping down Broadway, right, and I'm just thinking... how inappropriate this is.",Joy,MELD
"Um, I've got something in my eye, uh, Joey, could we check it in the light, please?",Neutral,MELD
Oh my god.,Surprise,MELD
What?,Surprise,MELD
Hello! Were we at the same table? It's like... cocktails in Appalachia.,Anger,MELD
"Come on, they're close.",Neutral,MELD
Close? She's got her tongue in his ear.,Disgust,MELD
"Oh, like you've never gotten a little rambunctious with Ross.",Neutral,MELD
"Joey, this is sick, it's disgusting, it's, it'snot really true, is it?",Disgust,MELD
"Well, who's to say what's true? I mean...",Neutral,MELD
"Oh my god, what were you thinking?",Disgust,MELD
"All right, look, I'm not proud of this, ok? Well, maybe I am a little.",Neutral,MELD
Oh!,Surprise,MELD
Ow!,Surprise,MELD
I'm outta here.,Disgust,MELD
"Wait, wait, wait. You want him, I want her. He likes you.",Neutral,MELD
Really?,Surprise,MELD
"Yeah. I'm thinking, if we put our heads together, between the two of us, we can break them up.",Neutral,MELD
Hello! One marriage please!,Joy,MELD
"Yep, we wanna get married!",Joy,MELD
All right.,Neutral,MELD
Dum! Dum-dum-dum! Dum! Dum! Dum! Dum-dum-dum!,Joy,MELD
What are you doing?,Neutral,MELD
"Oh, that's",Neutral,MELD
"No, only because that's the graduation song.",Neutral,MELD
Okay!  This is it!  We're gonna get married!,Joy,MELD
Are you sure you wanna do this?,Neutral,MELD
"Well, hello, Mrs. Ross!",Joy,MELD
"Well, hello, Mr. Rachel!",Joy,MELD
Wait!  Okay!,Neutral,MELD
Would you ever be a surrogate for anyone?,Neutral,MELD
It depends on who asked.,Neutral,MELD
What if I asked?,Neutral,MELD
"Oh, Mon, sure.",Neutral,MELD
Really?,Surprise,MELD
Yes.  Youre not asking are you?,Surprise,MELD
No.,Neutral,MELD
Yes! Totally!,Joy,MELD
Oh! Thank you! Thank you! Thank you! Yes! Thank you!,Joy,MELD
"Youarenot going to believe it! Joshua came into work today, and guess what happened?",Joy,MELD
He asked you out?!,Surprise,MELD
No. But I was showing him some cufflinks and I felt his pulse.,Joy,MELD
Saucy!,Joy,MELD
What are these?,Neutral,MELD
Electrical plans for the building.,Neutral,MELD
"Okay, okay, okay should I be scared?",Fear,MELD
"I know that switch does something, okay?",Neutral,MELD
So-so I went down to city hall and got these.,Neutral,MELD
All I had to do was pay $25 and wait in line for three hours.,Sadness,MELD
Wow! If only more people knew.,Surprise,MELD
Uh-oh-okay. Uh-oh-okay. I know what you all are thinking. But Chandler is in,Neutral,MELD
Yeah! No that's what I was thinking.,Neutral,MELD
"So I'm asking you please, take a moment before you judge me.",Neutral,MELD
"Oh, nobody's judging you.",Neutral,MELD
"Oh! Okay!  You, Mister Right Place at the Right Time, call me!",Joy,MELD
Oh man!,Surprise,MELD
I want that place so much!!,Joy,MELD
I was so sure that was gonna work!,Sadness,MELD
There's twelve bucks I'll never see again!,Disgust,MELD
"All right honey, we'd better go if we wanna catch that movie.",Neutral,MELD
Bye!,Neutral,MELD
Bye!,Neutral,MELD
Bye Chandler!   I miss you already.,Sadness,MELD
"Okay, did you see that?! With the inappropriate and the pinching!!",Disgust,MELD
"Actually, I did!",Surprise,MELD
"Okay, so now do you believe that she's attracted to me?",Neutral,MELD
"Ohhh, oh my God! Oh my God! She knows about us!",Surprise,MELD
Are you serious?,Surprise,MELD
Phoebe knows and she's just trying to freak us out! That's the only explanation for it!,Anger,MELD
Okay but what about y'know my pinchable butt and my bulging bicepsShe knows!,Anger,MELD
"Ross, umm, you've been in there for a long time. I'm starting to get kinda freaked out.",Fear,MELD
"All right, I'm coming out. Hey, can you turn the lights off.",Neutral,MELD
"No, let's just leave the lights on.",Neutral,MELD
Oh my God!,Surprise,MELD
"You wanna go right now? 'Cause I'll take you right now, buddy! You wanna go?",Anger,MELD
Oh fine.,Neutral,MELD
Ready?  Wrestle!,Joy,MELD
"Okay, y'know what uh, actually, that's great. That helps a lot. Thanks.",Neutral,MELD
"All right now remember, something this big and long is going to be difficult to manuver, fortunately I have a lot of experience in that area.",Neutral,MELD
"Can we please focus here, a naked mans life hangs in the balance!",Fear,MELD
Im telling you hes dead. What we are about to have here is a dead fat guy on a stick.,Anger,MELD
"All right, ladies and gentlemen, lets poke.",Neutral,MELD
Steady.,Neutral,MELD
Steady.,Neutral,MELD
"Okay, a little higher.",Neutral,MELD
Careful of the angle.,Neutral,MELD
"Okay, okay, were approaching the window  Thread the needle.",Neutral,MELD
Thread the needle.,Neutral,MELD
Hes alive! Hes a-live!!!,Joy,MELD
"And yet, were still poking him.",Disgust,MELD
"Okay, retract the device, retract the device.",Neutral,MELD
He does not look happy.,Anger,MELD
"Hey-hey, now hes showing us his poking device.",Surprise,MELD
"Hey, thats never gonna make it all the way over here, buddy!",Anger,MELD
"Well they have uh, some unusual pet names for each other.",Sadness,MELD
"Including umm, evil bitch and uh, sick bastard.",Disgust,MELD
Oh God oh!,Surprise,MELD
Contraction!,Surprise,MELD
Are you looking at her?!,Anger,MELD
No!,Anger,MELD
Dont you look at her you sick bastard!,Anger,MELD
Honey I swear! I wasnt looking at her!,Fear,MELD
Shes in labor! You like that you sick son of a bitch!,Anger,MELD
"Umm. Umm, Im-Im just gonna",Neutral,MELD
See? See? It was because you were looking fat pervert!,Anger,MELD
"No-no, ImIm sure no one was looking. Just want some privacy.",Neutral,MELD
You miss your girlfriend?,Neutral,MELD
Just ignore them.,Neutral,MELD
Ross.,Neutral,MELD
What? What?,Fear,MELD
Hes looking at me.,Neutral,MELD
Hey! You wanna live to see your baby?!,Anger,MELD
Dont you talk to my husband like that you stupid bastard!,Anger,MELD
Pat Sajak?,Neutral,MELD
Yep!,Joy,MELD
Alex Trebek?,Neutral,MELD
"Oh, of course!",Joy,MELD
Chuck Woolery?,Neutral,MELD
"Definitely! Phoebe, you will not find a single game show host, whos ass I cannot kick.",Joy,MELD
Say it!,Joy,MELD
Say we are unagi!,Joy,MELD
Its not something you are! Its something you have!,Anger,MELD
Say it!,Joy,MELD
"Yknow what? I can easily get out of this, but there is a chance you can get very, very hurt!",Anger,MELD
"Hey, Rach, can I borrow your eyelash curler, I think I lost mine.",Neutral,MELD
"Yeah, it's in there.",Neutral,MELD
Oh! Ohh! Oh!!,Surprise,MELD
"Joey, can I talk to you for a second?",Neutral,MELD
Oohh!! Ohh! Oh-oh-oh! Oh-oh!!,Surprise,MELD
oooooooooooooohhhhhhhhhhh,Surprise,MELD
Yes. Yes.,Neutral,MELD
You?!  And-and you?!,Surprise,MELD
"Yes, but you cannot tell anyone! No one knows!",Joy,MELD
How?! When?!,Surprise,MELD
It happened in London.,Neutral,MELD
IN LONDON!!!,Surprise,MELD
The reason we didn't tell anyone was because we didn't want to make a big deal out of it.,Neutral,MELD
But it is a big deal!! I have to tell someone!,Surprise,MELD
No-no-no-no-no! You can't!,Fear,MELD
"Please? Please?! We just don't want to deal with telling everyone, okay? Just promise you won't tell.",Fear,MELD
"All right! Man, this is unbelievable! I mean, it's",Surprise,MELD
"I know, it's great!",Joy,MELD
"Aww, I don't want to see that!",Disgust,MELD
We're so stupid! Do you know what's going on in there? They're trying to take Joey!,Sadness,MELD
"And my second grade teacher was Ms. Thomas, and my first grade teacher was Mrs. Cobb.",Neutral,MELD
"Mrs., Mrs. Gobb?",Neutral,MELD
"No Cobb, as in cobb salad.",Neutral,MELD
"Now, what exactly is in a cobb salad?",Neutral,MELD
What're we gonna do? What're we gonna do?,Fear,MELD
"Uh, uh, we'll flip for it. Ducks or clowns.",Neutral,MELD
"Oh, we're gonna flip for the baby?",Surprise,MELD
You got a better idea?,Neutral,MELD
"All right, call it in the air.",Neutral,MELD
Heads.,Neutral,MELD
Heads it is.,Neutral,MELD
Yes! Whew!,Joy,MELD
We have to assign heads to something.,Neutral,MELD
"Right. Ok, ok, uh, ducks is heads, because ducks have heads.",Neutral,MELD
What kind of scary-ass clowns came to your birthday?,Anger,MELD
"Okay, some tricks of the trade.",Neutral,MELD
"Now, Ive never been able to cry as an actor, so if Im in a scene where I have to cry, I cut a hole in my pocket, take a pair of tweezers, and just start pulling.",Neutral,MELD
"Or ah, or, lets say I wanna convey that Ive just done something evil.",Neutral,MELD
"That would be the basic I have a fishhook in my eyebrow and I like it  Okay, lets say Ive just gotten bad news, well all I do there is try and divide 232 by 13.",Neutral,MELD
And thats how its done.,Neutral,MELD
"Great soap opera acting tonight everybody, class dismissed.",Joy,MELD
"Hey, Mr. Trib.",Neutral,MELD
Hey-hey.,Joy,MELD
Then Im gonna have to ask you to keep it down.,Neutral,MELD
Who are you?,Surprise,MELD
"Hi, Im Eric, Im gonna be Chandlers new roommate.",Neutral,MELD
Im Chandlers new roommate.,Surprise,MELD
I-I-I dont think so.,Surprise,MELD
I could be Chandlers new roommate.,Surprise,MELD
"But, he told me over the phone.",Surprise,MELD
He told me in person.,Neutral,MELD
Thats weird.,Surprise,MELD
"Well, Im going to go into my new apartment now.  Ehh!",Joy,MELD
Hey! Look who I found!,Surprise,MELD
"Oh, hey guys!",Joy,MELD
"Yknow, birds have a very good sense of direction, and I thought maybe they could help us find where the presents are hidden.",Neutral,MELD
"Yes, if the presents are hidden south for the winter.",Neutral,MELD
Or we could just follow your clever jokes  any ideas?,Neutral,MELD
Didnt think so!,Neutral,MELD
"Okay, cmon guys, show us where the presents are!",Neutral,MELD
"Oh, the duck seems to think that Monica got me garbage! Hmm, I wonder what I could get Monica thats as good as garbage?",Anger,MELD
"Hmm, how about my azzz?",Neutral,MELD
"Hey, this is hollow.",Neutral,MELD
What?,Surprise,MELD
"This bench, its hollow! I cant believe I never knew that!  Oh, the presents!!!",Surprise,MELD
"No, dont look directly at them!",Fear,MELD
What?,Surprise,MELD
"Alright, no, we could look at them!",Neutral,MELD
I,Neutral,MELD
"Hi! Im so glad youre here, but its gonna be a while. I-I wished youd called first.",Joy,MELD
"Oh thats all right, Im coming back later with your father.",Neutral,MELD
Oh good.,Joy,MELD
I actually needed to talk to you before the birth.,Neutral,MELD
"Okay, whats up?",Neutral,MELD
"I brought something that I want to give you, assuming of course that you want it.",Neutral,MELD
"Ma, youre asking me to marry you?",Surprise,MELD
"This is your grandmothers engagement ring, I want you to give it to Rachel.",Joy,MELD
"Mom no, come on! Thank you.",Surprise,MELD
Just hear me out!,Fear,MELD
"Maybe this wouldve happened if Id been more nurturing, or Id paid more attention, or I... had a uterus.",Sadness,MELD
I cant believe this!,Sadness,MELD
"I know no, no, y'know you dont deserve this, you dont Ross.",Sadness,MELD
"Youre, youre really, youre so good.",Sadness,MELD
Thanks.,Sadness,MELD
And youre so sweet.  And youre kind,Neutral,MELD
Thanks.,Sadness,MELD
"Wait, wait, wait, wait, wait.",Surprise,MELD
"Okay, its okay.",Neutral,MELD
"Wait, wait, wait.",Joy,MELD
My foot is stuck in the pocket.,Sadness,MELD
What?,Surprise,MELD
"No, I cant get it out.",Sadness,MELD
Rachel?,Neutral,MELD
Yeah.  Hi Mark!,Surprise,MELD
"Hi. I just talked to Joanna, and she loves you. You got it, you got the job.",Joy,MELD
"Oh, I did!",Surprise,MELD
Yes.,Joy,MELD
Oh my God!!,Surprise,MELD
Congratulations...oh..wow,Joy,MELD
I cant believe I did this! What an idiot!,Anger,MELD
"Oh, stop beating yourself up!",Sadness,MELD
People make mistakes!,Neutral,MELD
These things happen!,Neutral,MELD
There arent any message youve forgotten to give me are there?,Neutral,MELD
Apparently youre not very good at it!,Anger,MELD
I,Neutral,MELD
Philadelphia.,Neutral,MELD
"Oh my God! So was she! Oh, Ive got-Ive got goose bumps.",Surprise,MELD
Really?,Surprise,MELD
"Well, yknow Im wearing layers and its warm.",Neutral,MELD
Yeah.,Joy,MELD
"But ifno look, okay. These jerks might not care about you, but the universe does! And that says a lot!",Sadness,MELD
Did you hear that?!,Neutral,MELD
I dont need you guys to care about me!,Anger,MELD
Because the universe cares!,Joy,MELD
The whole universe!,Joy,MELD
I really wished theyd care just a little bit though.,Sadness,MELD
"I like this one.  It seems to say, ""I love you and thats why I have to kill you.""",Joy,MELD
"They cant all be bad.  Find the one where you make your bedroom eyes. Ohh, there it is.",Joy,MELD
Oh my God! Those are my bedroom eyes?! Why did you ever sleep with me?,Surprise,MELD
Do you really want to pull at that thread?,Surprise,MELD
Im having a really good time!,Joy,MELD
Me too! Im sorry that guy in the subway licked your neck.,Sadness,MELD
"Ohh. No thats okay, hes a friend.",Neutral,MELD
"Hey uh, I dont mean to be presumptuous but I have these two tickets to the ballroom dancing finals tomorrow night if you want to go?",Fear,MELD
"Yeah, I Well yknow I-I mean I missed the-the semi-finals, so Id just be lost.",Sadness,MELD
"I know its really lame, but I got these tickets from my boss andOh no! No! No! My God!",Surprise,MELD
"Okay, dont freak out. Ill go.",Neutral,MELD
"No its Uh, my ex-wife Whitney is out there. I cannot deal with her right now. That woman is crazy!",Anger,MELD
"Okay, I know. Hold on.  Hey Ross?",Neutral,MELD
Yeah?,Neutral,MELD
"Yeah, umm thats Whitney , Kyles ex-wife out there, now do you think that you can yknow divert her so that we can slip out?",Neutral,MELD
What?! No!,Surprise,MELD
Well okay but I have two tickets to the ballroom dance finals.,Neutral,MELD
"Look, I dont think so Pheebs.  All right, Ill do it. But just because youre a friend.",Neutral,MELD
"Well, I-I-I'm done with this. You want anything Ross? Sports? International? Apartment listings?",Neutral,MELD
I'll take sports.,Neutral,MELD
Mine!,Neutral,MELD
"All right. Uhh, international.",Neutral,MELD
"Okay, look, I-I know what you guys are going to say",Neutral,MELD
You two will have very hairy children.,Disgust,MELD
"Okay, I didn't know you would say that.",Surprise,MELD
Ross! Janice?!,Anger,MELD
"All right, hold on!",Neutral,MELD
Hold on.,Neutral,MELD
Hold on.,Neutral,MELD
"This is Ross, okay?",Neutral,MELD
He's our friend.,Neutral,MELD
He obviously went crazy.,Anger,MELD
He obviously lost his mind.,Anger,MELD
So are you actually gonna see her again?,Neutral,MELD
Phoebe! Don't put ideas in his head!,Anger,MELD
Damnit Phoebe!!,Anger,MELD
"Hey, dont we have to...",Neutral,MELD
"Yeah, we got, um-hmm.",Neutral,MELD
"Umm, I think youre really, really great...",Joy,MELD
Oh God!,Sadness,MELD
Here we go again.,Sadness,MELD
Why does this keep happening to me?,Anger,MELD
Is it something Im putting out there?,Sadness,MELD
Is this my fault?,Sadness,MELD
Or am I just nuts?,Sadness,MELD
"I-I-I-I-I dont know, I dont know what to say.",Surprise,MELD
"Hey buddy, this is a family place, put the mouse back in the house.",Disgust,MELD
Wait!,Sadness,MELD
Terry!,Sadness,MELD
Please!,Sadness,MELD
"Look, I just lost my other job.",Sadness,MELD
Okay?,Neutral,MELD
You have no idea how much I need this.,Sadness,MELD
"Please, help me out, for old times sake.",Sadness,MELD
This poor guys been in a coma for five years. Its hopeless.,Sadness,MELD
"Its not hopeless! Dr. Stryker Ramorays a miracle worker. Look, here he comes.",Joy,MELD
"Good morning.  Drake, its your brother Stryker. Can you hear me?",Neutral,MELD
Im back baby! Ha-ha-ha!,Joy,MELD
That kid really kicked me hard on the plane.,Anger,MELD
Well you did pull his hair.,Neutral,MELD
He took my snack!,Anger,MELD
Im not getting into this again!,Anger,MELD
"Okay! Oh God, yknow what? Its really bad.",Sadness,MELD
"Well, I told you not to walk. Here.  There. Okay.",Anger,MELD
"This doesnt mean anything, does it?",Fear,MELD
Of course! Only an idiot would wear this stuff if you didnt have the car! Right?,Anger,MELD
That is true.,Neutral,MELD
"Yeah, but only a genius would swallow a sonic blaster gun.",Neutral,MELD
"Oh, Ive been there. Yeah, I am gonna go drive my Porsche.",Neutral,MELD
"Joey, you know you dont actually have one.",Neutral,MELD
Come on! What are you doing?! Im in character! Would you talk to her!,Sadness,MELD
"Ahh, I think it just moved. Its really poking me.",Anger,MELD
"All right, thats it, were going to the emergency room.",Neutral,MELD
"What?! No, you cant, you cant leave me here with them! Were baby-sitting!",Anger,MELD
"The babies are asleep, Im sure youll be okay on your own for a while!",Neutral,MELD
But you-you cant leave me with them! We-were a team! Were playing a zone! Theyre gonna triple team me!,Anger,MELD
"Hes got something plastic lodged in his throat, weve got to go to the hospital.",Fear,MELD
"But no, because a doctor wont be able to help him, its just gonna yknow naturally pass through his system in like seven years.",Neutral,MELD
I think thats gum.,Neutral,MELD
Im pretty sure its gun.,Neutral,MELD
"Okay, listen this really hurts. Lets go.",Anger,MELD
"A real man wouldnt just run to the hospital!  No! What would, what would Krog do?",Anger,MELD
That was the only way I could get him to,Neutral,MELD
Hi! How are the Gellers?,Neutral,MELD
Dont call us that!,Anger,MELD
The judge wouldnt let us get an annulment! Now we gotta get a divorce!! Did a Porsch throw up on you?,Anger,MELD
Hey! Its Porsche!!,Anger,MELD
Hey sweetie!,Joy,MELD
Hey!,Joy,MELD
Theres no back to this couch!,Surprise,MELD
Why are you reading this? You hate this kind of stuff.,Surprise,MELD
"Yeah I know, but I figured a shot yknow?",Neutral,MELD
"Maybe one of those stories would make me cry and then you wouldnt think I was yknow, all dead inside.",Neutral,MELD
"Oh thats so sweet! Look Chandler I dont care if you cant cry, I love you.",Joy,MELD
Oh that makes me feel so warm in my hollow tin chest.,Neutral,MELD
Stop it!,Joy,MELD
"No, I mean, come on, seriously think about it, we get married, were up at the altar and Im like this.",Neutral,MELD
"I wont care, because I know you will be feeling it all in here.",Neutral,MELD
Yeah?,Neutral,MELD
Of course he is!,Joy,MELD
"What, do you think Id just use my son as-as an excuse?",Joy,MELD
What kind of father do you think I am?,Anger,MELD
"All right, sorry.",Neutral,MELD
I gotta go make a fake Ben.,Neutral,MELD
"The basket is totally empty! My God, the neighbors ate all the candy!",Surprise,MELD
"Well, either that or uh",Neutral,MELD
Joey!!,Anger,MELD
Yeah?,Neutral,MELD
Did you eat all the neighbor candy?!,Anger,MELD
"Uh well yeah, that was the plan, but by the time I got to it there was only a couple of pieces left!",Anger,MELD
"Yeah, and theyve been coming by all day. They love it!",Joy,MELD
They love my candy? Oh man!!! Ive gotta go make more!!,Joy,MELD
"Hey Mon, you might wanna make some more lasagna too, because something mightve happened to a huge chunk of it.",Neutral,MELD
Ross! The neighbors ate all my candy!!,Joy,MELD
Mine stole my newspaper! Its like a,Anger,MELD
Sure!,Neutral,MELD
"Yeah, ever since you uh, told me that story about that bike I-I couldnt stop thinking about it.",Neutral,MELD
"I mean, everyone should have a-a",Neutral,MELD
Oh my God Ross!!,Surprise,MELD
You like it?,Joy,MELD
I,Neutral,MELD
Yeah?,Neutral,MELD
Hello darlings.,Neutral,MELD
And theres daddy!,Joy,MELD
There he is! There he is!,Surprise,MELD
Where?,Neutral,MELD
Right- where we've been looking all night!,Joy,MELD
He is so cute!,Joy,MELD
"Oh, George, baby, drop the towel!",Joy,MELD
"Yeah, drop it! Drop the towel! Please drop thewowww.",Joy,MELD
"I've gotta tell you, Bob is terrific.",Joy,MELD
"Yeah, isn't he?",Joy,MELD
"It is so great to meet a guy who is smart and funny, and has an emotional age beyond, like eight.",Joy,MELD
You know what else? He's unbelievable in bed.,Joy,MELD
Wow. My brother never even told me when he lost his virginity.,Surprise,MELD
Huh. That's nice.,Neutral,MELD
"and the miracle was that that little bit of oil that shouldve just lasted just one day, burned for",Neutral,MELD
Eight whole days.,Neutral,MELD
"Thats right, and thats why we celebrate Hanukkah today. The end.",Joy,MELD
Awesome!,Joy,MELD
Yeah?,Surprise,MELD
My favorite part was when,Neutral,MELD
The Armadillo was actually not so,Neutral,MELD
Hey!,Joy,MELD
Oh.,Neutral,MELD
Wow! It looks like the Easter Bunnys funeral in here.,Surprise,MELD
"Come on, come on, were-were-were lighting the candles!",Joy,MELD
Oh.,Neutral,MELD
Oh.,Neutral,MELD
"Okay, I understand why",Neutral,MELD
"Yeah, sure. Good luck!",Joy,MELD
Im quitting!! Woo-hoo!  Im okay!! Im all right!!,Joy,MELD
"Wow! Thats exciting, you went to Japan, made up a woman.",Surprise,MELD
What?,Neutral,MELD
"Im just saying, this woman, I mean shes fictitious. No?",Surprise,MELD
Why would you say that?,Neutral,MELD
Cause youre still into Monica.,Neutral,MELD
"So you told her there was somebody else so she would agree to work with you, so cause you figure oh if you spent a lot of time together, maybe something might happen, and...",Neutral,MELD
Youre good. Youre good!,Joy,MELD
"Yeah, no, Im fairly intuitive and psychic. Its a substantial gift.",Neutral,MELD
"Listen, can you promise me that you wont tell her though?",Fear,MELD
"Absolutely, oh I promise. Tell her what?",Neutral,MELD
Thanks a lot.,Neutral,MELD
"No Im serious. I mean Im intuitive, but my memory sucks.",Neutral,MELD
"Excuse me, pardon me, excuse me, excuse me, sorry. Hi.",Neutral,MELD
"For God's sake, will you let it go? There's no Rachel!",Anger,MELD
"Oh, hey, hey, I got that.",Neutral,MELD
"Oh, thanks, sweetie.",Joy,MELD
No problem. I cannot wait for you to meet my friends.,Joy,MELD
Really?,Surprise,MELD
You don't think they'll judge and ridicule me?,Fear,MELD
"No, no, they will. I just... uh...",Neutral,MELD
Can't wait.,Neutral,MELD
Do I know you?,Surprise,MELD
"Oh my god, little Stevie Fisher? How've you been?",Surprise,MELD
"Good, good, I'm a lawyer now.",Neutral,MELD
You can't be a lawyer. You're eight.,Surprise,MELD
"Listen, it was nice to see you. I gotta run backstage.",Joy,MELD
"Uh, wait, backstage?",Surprise,MELD
"Oh, yeah, my firm represents the band.",Neutral,MELD
Ross.,Neutral,MELD
Chandler.,Neutral,MELD
"Look, you guys wanna meet the group?",Neutral,MELD
Come on.,Neutral,MELD
"So, are you one of the ones who fooled around with my dad?",Surprise,MELD
Do you have any respect for your body?,Disgust,MELD
Don't you realise what you're-you're doing to yourself?,Disgust,MELD
"Hey, y'know, I have had it with you guys and your cancer and your emphysema and your heart disease.",Anger,MELD
"The bottom line is, smoking is cool, and you know it.",Neutral,MELD
"Chandler? It's Alan, he wants to speak to you.",Neutral,MELD
Really?,Surprise,MELD
He does?,Surprise,MELD
"Hey, buddy, what's up!",Joy,MELD
"Oh, she told you about that, huh.",Surprise,MELD
"Well, yeah, I have one now and then.",Neutral,MELD
"Well, yeah, now.",Neutral,MELD
"Well, it's not that big- ..well, that's true,.. Gee, y'know, no-one- no-one's ever put it like that before.",Neutral,MELD
"Well, okay, thanks!",Joy,MELD
"God, he's good.",Joy,MELD
If only he were a woman.,Neutral,MELD
Yeah.,Neutral,MELD
"Oh, look look look.",Surprise,MELD
The last candle's about to burn out.,Neutral,MELD
"10, 9, 8, 7... ... negative 46, negative 47, negative 48....",Neutral,MELD
Thank you.,Neutral,MELD
Thanks.,Neutral,MELD
Kinda... spooky without any lights.,Fear,MELD
Bwah-hah-hah!,Joy,MELD
"OK, guys, guys? I have the definitive one. Mwwwooooo-hah-hah...",Joy,MELD
Oh.. oh... oh.,Neutral,MELD
"Hey Ross. This probably isn't the best time to bring it up, but you have to throw a party for Monica.",Neutral,MELD
"All this stuff takes up a lot of room. Hey how uh, how serious are you about keeping Ben in your life?",Neutral,MELD
You blew them away!,Joy,MELD
"Oh, I can't tell you how great it was to look at the crowd and see your face!",Joy,MELD
"I mean... uh, did you know you were  mouthing the words along with me?",Neutral,MELD
I was,Surprise,MELD
"No, it's ok! Made me feel like a rock star!",Joy,MELD
Oh my God!  I'm your,Surprise,MELD
I'd better not found you naked in my hotel room!,Joy,MELD
"Look, I took it too far!",Joy,MELD
"Okay, Monica: Right foot red.",Neutral,MELD
Could've played,Neutral,MELD
Thanks.,Neutral,MELD
"Okay, Pheebs: Right hand blue. Good.",Neutral,MELD
"Hello? Oh, uh, Rachel, it's the",Neutral,MELD
"Oh, okay. Will you take my place?",Neutral,MELD
"Alright.  Yes, this is Rachel.",Neutral,MELD
Nooo!,Surprise,MELD
Hello?,Neutral,MELD
"Oh, yeah, no, I know, I-I haven't been using it much.",Neutral,MELD
"Oh, well, thanks, but, I'm okay, really.",Joy,MELD
Green. To the green.,Neutral,MELD
I've got magic beans.  Never-never mind.,Neutral,MELD
"To the left, to the left- aww!",Neutral,MELD
Ohhh... I'm fine.,Neutral,MELD
Hey!,Joy,MELD
Please tell me you got the message!,Fear,MELD
What message?,Neutral,MELD
"The actor playing Mac couldnt do it, they needed to see you at 2 oclock.",Neutral,MELD
What?! Its 6 oclock!,Surprise,MELD
"Du-du-I wrote it, I wrote it on the board!",Fear,MELD
"I wrote it on the board, then I went all over New York City looking for ya!",Anger,MELD
I went to Rosss!,Neutral,MELD
I went to the coffeehouse!,Neutral,MELD
I went to any place that they made sandwiches!,Neutral,MELD
"Thats the day youre gonna die? Seedarnit, Ive got shuffleboard that day.",Neutral,MELD
Thats what you think.,Neutral,MELD
"Well, I mean what about friends of your grandmothers? Wouldnt they have the recipe?",Neutral,MELD
"Well, yknow I may have relatives in France who would know. My grandmother said she got the recipe from her grandmother, Nesele Tolouse.",Neutral,MELD
What was her name?,Neutral,MELD
Nestley Toulouse.,Neutral,MELD
Nestlé Toll House?,Neutral,MELD
"Oh, you Americans always butcher the French language.",Neutral,MELD
Yes!!  Oh.,Surprise,MELD
I cannot believe that I just spent the last two days trying to figure out the recipe and it was in my cupboard the whole time!,Anger,MELD
I know! You see it is stuff like this which is why  youre burning in hell!!,Anger,MELD
"So, we're decided, no on plaid, yes on pink?",Neutral,MELD
Absolutely!,Joy,MELD
I am so on board!,Joy,MELD
Rachel didn't you just light that?,Neutral,MELD
"Yeah, I did, but y'know what? I am really, really trying to cut back, y'know?  Good luck, Rach.",Neutral,MELD
I've actually been thinking about quitting lately.,Neutral,MELD
"Oh sure, every Sunday night I'm telling myself I'm quitting but every Monday morning it's like",Disgust,MELD
Tell me about it!,Neutral,MELD
Well then let's just quit! We'll just quit! Let's all quit!,Joy,MELD
It does sound appealing.,Neutral,MELD
"Oh, I never could do it.",Joy,MELD
Oh but you could.,Neutral,MELD
You can.,Neutral,MELD
Absolutely!,Joy,MELD
We can help each other out!,Joy,MELD
We can get--what are those--those patches!,Neutral,MELD
We could be like the Patch Sisters!,Joy,MELD
"Oh y'know, we really should quit. Okay, let's quit!",Joy,MELD
Yes! Great! Give me those cigs! Give it! Give it!,Joy,MELD
My late husband gave me that lighter.  I'm not kidding.,Sadness,MELD
Okay then!,Joy,MELD
"Well, maybe it's a contest, y'know? Like, collect all five?",Neutral,MELD
"Does, um, anyone wanna see?",Neutral,MELD
Nooo..,Disgust,MELD
"Oh, hey, don't do that! Cut it out!",Anger,MELD
It's worse than the thumb!,Disgust,MELD
"Hey, this is so unfair!",Anger,MELD
"Oh, why is it unfair?",Surprise,MELD
So I have a flaw!,Anger,MELD
Big deal!,Anger,MELD
Like Joey's constant knuckle-cracking isn't annoying?,Anger,MELD
"And Ross, with his over-pronouncing every single word?",Anger,MELD
"And Monica, with that snort when she laughs?",Anger,MELD
"I mean, what the hell is that thing?",Disgust,MELD
"...I accept all those flaws, why can't you accept me for this?",Anger,MELD
...Does the knuckle-cracking bother everybody?,Anger,MELD
"Well, I-I could live without it.",Neutral,MELD
"Well, is it, like, a little annoying, or is it like when Phoebe chews her hair?",Neutral,MELD
"Oh, now, don't listen to him, Pheebs, I think it's endearing.",Neutral,MELD
"Oh,  ""you do, do you""?",Anger,MELD
"You know, there's nothing wrong with speaking correctly.",Neutral,MELD
"""Indeed there isn't""... I should really get back to work.",Joy,MELD
"Yeah, 'cause otherwise someone might get what they actually ordered.",Neutral,MELD
"Ohh-ho-hooohhh. The hair comes out, and the gloves come on.",Anger,MELD
Awww! Mel Torme died.,Sadness,MELD
"Joey, that papers like a year old!",Neutral,MELD
Aw! Does that mean the,Sadness,MELD
Hey.,Neutral,MELD
Hey.,Neutral,MELD
You're sure? You're absolutely sure?,Neutral,MELD
"Well, no. But, um, I bet she probably does.",Neutral,MELD
Probably?,Neutral,MELD
"Yeah, I don't like that word.",Disgust,MELD
Kind of what probably really means.,Neutral,MELD
"Yeah, uh-huh.",Neutral,MELD
"Yeah, oh, ""Your mom probably won't kill herself,"" yknow?",Anger,MELD
"I'm sorry, but I'm not hanging all my hopes of Rachel and I living together on-on ""Probably!""",Anger,MELD
You gotta take care of yourselves!,Neutral,MELD
In,Neutral,MELD
"Bing doesn't seem so weird now, does it?",Neutral,MELD
Yoo-hoo! Aaron Litman-Neurolic would like to say hello to his future bride.,Joy,MELD
Ohhh!  Wow! He kinda takes your breath away doesnt he?,Joy,MELD
Hes a keeper. How are you feeling?,Neutral,MELD
"Oh, Im fine.",Neutral,MELD
"Can I just say, I really admire what youre doing. Just raising her all alone.",Neutral,MELD
"Oh, Im not doing it alone. I have Ross.",Neutral,MELD
"Oh, sure. Now. But what happens when he meets somebody else and gets married?",Neutral,MELD
"Well then he gets a divorce, its Ross!",Neutral,MELD
"Im telling you Rachel, listen to Janice. They all say theyre gonna be there until they start their real family.",Neutral,MELD
Well IThats never gonna happen with Ross.,Sadness,MELD
"Oh well thats what I thought about my first husband, now Im lucky if my kid gets to spend the weekend with her father and the twins and little Ms. New Boobs.",Disgust,MELD
"And Tim I just wanna say, good luck here.",Neutral,MELD
Hey. Whos that?,Neutral,MELD
New people.,Neutral,MELD
What happened to the Disgustingtons?,Neutral,MELD
Theyre having their baby!,Anger,MELD
Its not fair Ross we got here first!,Anger,MELD
Right after you left they wheeled her off into delivery.,Neutral,MELD
Oh but not before she gave me a juicy shot of little Jamie just crowning away.,Neutral,MELD
"Wow! Sorry. So uh, how are the new people?",Surprise,MELD
Phoebe?,Neutral,MELD
Yeah?,Neutral,MELD
"Look at that guy by the window, wow!",Surprise,MELD
"Hes awfully short and I think hes talking to himself. And to be completely honest, hes not that good in bed.",Neutral,MELD
"Oh, what is wrong with me lately?",Sadness,MELD
I mean its like every guy I seeI mean look here.,Neutral,MELD
"Look at that guy for example, I mean normally thats not someone I would-would be attracted to, but right now, with the way Im feeling, all I want to do is rip off his sweatpants and fanny pack.",Neutral,MELD
"Wait a second! This is about the fourth month of your pregnancy, right?",Neutral,MELD
Yeah.,Neutral,MELD
"This is completely normal, around the fourth month your hormones start going crazy.",Neutral,MELD
Really?! So this has happened to you?,Surprise,MELD
Oh absolutely yeah!,Neutral,MELD
"Oh and keep in mind, now, I was carrying triplets so in, yknow, medical terms I was-I was thrice as randy.",Neutral,MELD
"Wow! This explains so much! Last weekend, I went from store to store sitting on Santas lap.",Joy,MELD
"Yeah. Yeah, I remember trying to steal a cardboard cutout of Evander Holyfield from a",Neutral,MELD
Ugh!,Disgust,MELD
I dont know what Im going to do!,Fear,MELD
I called the company that sent and th-they dont care!,Anger,MELD
"Then I called 9-1-1 and they laughed at me, if this isnt an emergency, then what is?",Anger,MELD
Hey guys!,Joy,MELD
Hey!,Joy,MELD
Hey,Neutral,MELD
"I just wanted to thank you again for last night, what a great party!",Joy,MELD
And the guys from work had a blast.,Joy,MELD
"Yknow, one of them had never been to a bachelor party before.",Joy,MELD
Yeah!,Joy,MELD
"And-and another one had never been to a party before, so",Surprise,MELD
"So uh, hey, that uh, that wedding ring, huh? Man, thats nice!",Joy,MELD
"Yeah, right!",Joy,MELD
"I was uh, I was thinking I might want to pick one of those babies up for myself, I might want to get one of those",Neutral,MELD
"That ring? When my grandmother first came to this country, that ring and the clothes on her back were all she had with her.",Surprise,MELD
"So you might say, the ring is irreplaceable?",Surprise,MELD
"Oh absolutely! It has been in my family for generations, and every bride who has worn it has had a long and happy life.",Joy,MELD
"So you might say, its a magic ring.",Joy,MELD
OH MY GOD!! I didnt really believe it until you just said it!!,Surprise,MELD
Well obviously only one of us can keep dating her.,Neutral,MELD
"Obviously! So, how do we decide?",Neutral,MELD
"Well now lets-lets look at this objectively, I think I should date her",Neutral,MELD
Uh-huh. Uh-huh.,Neutral,MELD
"Thats interesting, but check this out. I date her",Joy,MELD
Yeah-yeah I like that but just to go in another direction,Neutral,MELD
"Okay, okay. This can go on for a while.",Neutral,MELD
Yeah well we should order some food then.,Neutral,MELD
"No Joey! Look why dont, why dont we just let her decide? Okay? Hey-hey, well",Neutral,MELD
That sounds fair.,Neutral,MELD
Maybe Ill take her to that new French restaurant down the street,Neutral,MELD
Ah yeahwait a second now!,Anger,MELD
Look were gonna have to set a spending limit on the date.,Neutral,MELD
I dont have the money to take her to a fancy place like that.,Anger,MELD
"Well sorry, thats what I do on dates.",Neutral,MELD
"All right, well I guess Ill just have to do what I do on dates.",Neutral,MELD
So lets decide on the spending limit,Neutral,MELD
"Yeah. Uh, a slicesix dollars?",Neutral,MELD
I was thinking more like a hundred.,Neutral,MELD
Okay. Can I borrow 94 dollars?,Neutral,MELD
"Hi, again.",Neutral,MELD
Hey!,Neutral,MELD
Hey!,Neutral,MELD
"Thank you soo, much.",Joy,MELD
"Oh, dont thank me, thank the jerk that never showed up. Okay, I gotta get to get to work.",Anger,MELD
You want some help with that?,Neutral,MELD
"Oh, no thanks, I got it.  No I dont!",Neutral,MELD
Whoa! Are you okay?,Surprise,MELD
"Whew! Stood up to fast, got a little head rush.",Surprise,MELD
Its the heat.  And-and the humidity.,Neutral,MELD
"Thats a uh, thats a tough combination.",Neutral,MELD
Do you wanna come in for some lemonade?,Neutral,MELD
Like you wouldnt believe.  Wow! This is a great place.,Surprise,MELD
What do you mean?,Neutral,MELD
Remember how you said you were really dense about poetry? Oh.,Neutral,MELD
Oh!,Surprise,MELD
"Hey, somebody left their keys.",Neutral,MELD
"Ooohh, to a Porsche!",Surprise,MELD
"Hey Gunther, these yours?",Neutral,MELD
"Yeah, thats what I drive. I make four bucks an hour, I saved up for 350 years!",Disgust,MELD
Na-uh!  Hey did anybody lose their keys?,Neutral,MELD
"Joey, why dont you put them in the lost and found?",Neutral,MELD
Theres a lost and found?  My shoe!,Surprise,MELD
You left a shoe here?!,Surprise,MELD
"Well, I didnt realize until I got home.",Neutral,MELD
I wasnt gonna walk all the way back down here with one shoe!,Neutral,MELD
Im gonna go find that guys car and leave a note on the windshield.,Neutral,MELD
"Oh good, when he comes back for his keys, Ill be sure to give him your shoe.",Neutral,MELD
Great! Thanks.,Joy,MELD
"Ok, and this is Funny Clown. Funny Clown is only for after his naps, not before his naps or he won't sleep.",Neutral,MELD
"Carol, we've been through this before, ok?",Joy,MELD
We have a good time.,Joy,MELD
"We laugh, we play.",Joy,MELD
It's like we're father and son.,Joy,MELD
"Honey, relax. Ross is great with him.  Don't look so surprised. I'm a lovely person.",Joy,MELD
"Oh, this is so cute.",Joy,MELD
"Oh, I got that for him.",Neutral,MELD
My mommies love me. That's clever.,Joy,MELD
Hello?,Neutral,MELD
"Oh, Hi, JuHi, Jew!",Neutral,MELD
Uh huh?,Neutral,MELD
Uh huh?,Neutral,MELD
"Ok.  Um, sure, that'd be great.",Neutral,MELD
See ya then.,Neutral,MELD
Bye.,Neutral,MELD
"Did you just say Hi, Jew?",Surprise,MELD
"Yes. Uh, yes, I did. That was my friend, Eddie Moskowitz. Yeah, he likes it. Reaffirms his faith.",Neutral,MELD
Now there you go! I wouldnt want my best guest to strain her eyes!,Joy,MELD
Thanks Monica!,Joy,MELD
Does that smell bother you?,Disgust,MELD
"What the smell from Joeys? No, I can hardly smell it over here.",Surprise,MELD
"Well you let me know if you can, because yknow I can bake a pie to cover it.",Neutral,MELD
"I can smell it a little, bake the pie.",Joy,MELD
Okay!,Joy,MELD
Okay.,Neutral,MELD
"Hello?  Oh yes, one minute please.  Its for you. Its the fire inspector.",Neutral,MELD
Oh!  Hello?  Yeah this is Phoebe.  Really?!,Surprise,MELD
"Yeah, so it turns out that it wasnt the hair straightener that started the fire.",Neutral,MELD
"No-no, it was the candles.",Neutral,MELD
Its very not good leaving candles unattended.,Neutral,MELD
"In fact, one of the first things they teach you in fire school is  Uhh Uhh Okay.",Neutral,MELD
"Well, I have to go now.",Neutral,MELD
Joey proposed to me.,Surprise,MELD
Is he crazy?! You just had Ross’s baby!,Surprise,MELD
"Well, I-I said yes.",Fear,MELD
What?!,Surprise,MELD
Are you crazy?,Anger,MELD
You just had Ross’s baby!,Anger,MELD
It’s-it’s so  inappropriate.,Anger,MELD
"No, it’s worse than that.",Disgust,MELD
It’s wrong.,Disgust,MELD
It’s… It is bigger than  mine!,Surprise,MELD
I know.,Neutral,MELD
You can’t marry him!,Sadness,MELD
Why not? I don’t want to do this alone! And he’s such a sweet  guy and he loves me so much.,Sadness,MELD
Well do you love him?,Neutral,MELD
Sure.,Neutral,MELD
Sure?,Neutral,MELD
"Yeah, I mean whatever.",Neutral,MELD
"Honey, the question is…do you really want to marry Joey?",Sadness,MELD
"No. No, I don’t. Could you be a dear and go tell him?",Sadness,MELD
So-so you two were married huh? What happened? You just drift apart?,Neutral,MELD
Here comes the bride.,Joy,MELD
Oh my God Monica!,Surprise,MELD
I wanna wear this everyday.,Joy,MELD
You look so beautiful.,Joy,MELD
Im so happy for me.,Joy,MELD
Hello?,Neutral,MELD
Hey! Did Chandler show up yet?,Fear,MELD
"Yeah, we got him back. Everythings fine.",Neutral,MELD
Damnit!,Anger,MELD
"I will be! Listen, I dont want you teaching my son that stuff anymore. Okay?",Anger,MELD
Fine.,Neutral,MELD
"Fine, but Ill have you know that once I taught him that stuff he called me Fun Aunt Rachel.",Anger,MELD
And I loved being Fun Aunt Rachel but Ill go back to being Boring and Uncomfortable Aunt Rachel if thats what you want!,Anger,MELD
"No thats not what I want. Uh, Im glad you guys were bonding but I",Neutral,MELD
"Look he doesnt have any brothers or sisters, somebodys gonna have to teach him this stuff!",Sadness,MELD
And I havent taught him anything that a normal 6-year-old doesnt know anyway!,Neutral,MELD
Crap!!,Anger,MELD
I gotta go!,Neutral,MELD
Look at that! Look at that! Theyre going into the first class lounge! Do you know what they have in there?,Surprise,MELD
No.,Neutral,MELD
Me neither! We have to get in!,Surprise,MELD
Just act like you belong.,Neutral,MELD
Oh my God! Oranges!,Surprise,MELD
Shh!  Nice to see you again.,Neutral,MELD
"Uh sir, may I see your tickets please?",Neutral,MELD
"Yes, of course.",Neutral,MELD
"Im sorry, would you move your thumb? I cant see the seat number.",Neutral,MELD
"Oh thats all right, I have it memorized. Its 1A.",Neutral,MELD
Okay!,Joy,MELD
Yknow what?,Neutral,MELD
I realized it was stupid to get upset about not having a husband and kids.,Joy,MELD
All I really needed was a plan.,Neutral,MELD
See I wanna have three kids,Neutral,MELD
"Oh let me guess, and you wanna have them all at the same time and you wanna have them for your brother.",Joy,MELD
As I was saying I should probably have the first of the three kids by the time Im 35 which gives me five years.,Neutral,MELD
You spent a hundred dollars. Thats the limit. Youre screwed!,Joy,MELD
"Uh actually, I sent the flowers before the actual date. So technically,",Anger,MELD
Oh-oh! So thats the way its gonna be huh? Yeah I can break the rules too yknow!,Anger,MELD
Oh yeah? What are you gonna do?,Anger,MELD
I dont know.,Neutral,MELD
Why am I not surprised?,Disgust,MELD
Yknow what Ross? Im not gonna let you get away with this!,Anger,MELD
I dont think you have much choice.,Neutral,MELD
Well well see!,Anger,MELD
Bye-bye!,Neutral,MELD
Yeah bye-bye!  Hey! So just a light layer?,Neutral,MELD
Yes. Yes. Just here  and there .,Neutral,MELD
Dad?,Neutral,MELD
Im here!,Neutral,MELD
Hey!,Surprise,MELD
"Hi. God, it seems like just yesterday you guys used to come out to watch me work.",Joy,MELD
"Dad, we-we cant believe youre selling the house.",Sadness,MELD
"Well, its time for a new family to start their memories here and hopefully their check will clear before they find the crack in the foundation and the asbestos in the ceiling.",Neutral,MELD
Lets grab our stuff and get the hell out of here.,Neutral,MELD
Im sorry we cant store your childhood things anymore.,Sadness,MELD
"Oh, thats okay, I cant wait to see everything again! All of the memories",Joy,MELD
"Well, I dont know whats in the boxes down here, but I do know there are six or seven",Neutral,MELD
I used to,Neutral,MELD
"Yeah, not as much as you used to love to play uncooked batter eater.",Neutral,MELD
"Hey, it is unreasonable to expect a child to wait for a",Neutral,MELD
"Ok, got the vent open.",Neutral,MELD
"Hi, I'm Ben. I'm hospital worker Ben. It's Ben... to the rescue!",Joy,MELD
"Ben, you ready?",Neutral,MELD
"All right, gimme your foot.",Neutral,MELD
"Ok, on three, Ben.",Neutral,MELD
"One, two, three.",Neutral,MELD
"Ok, That's it, Ben.",Neutral,MELD
What do you see?,Neutral,MELD
"Well, Susan, I see what appears to be a dark vent. Wait. Yes, it is in fact a dark vent.",Neutral,MELD
"Phoebs, It's open! It's open!",Surprise,MELD
Wait! You forgot your legs!,Surprise,MELD
"You have a very impressive resume, Ms. Green. I especially like what I see here about implementing a new filing system.",Joy,MELD
Thank you.,Joy,MELD
Filing system?,Neutral,MELD
Oh-oh!,Surprise,MELD
You mean those-those little colored labels you put on all the folders?,Neutral,MELD
It certainly did brighten up the inside of the filing cabinets.,Joy,MELD
"Well, they uh, they-they do more than that.",Neutral,MELD
I notice that youve been trusted with a lot of rather important responsibilities.,Neutral,MELD
"Yes, Joanna really has been an incredible mentor to me.",Joy,MELD
Oh. And Rachel has been really incredible in getting my morning bagel for me. Its amazing how she gets it right almost,Joy,MELD
"I-I-I of course, I have more responsibilities than that.",Neutral,MELD
"Oh yes, well theres the coffee too.  Rachel can carry two things at once!",Joy,MELD
"Yes, thats very good. Now a uh, big part of this job is cultivating personal relationships, especially with designers.",Neutral,MELD
"Yes, I realize that",Neutral,MELD
"And Rachel shouldnt have any problem with that. The only problem might be getting a little too friendly, if you know what I mean.",Neutral,MELD
I love working with designers!,Joy,MELD
"With them, under them, whats the difference? Eh, Rach?",Neutral,MELD
"Chandler, you have an assistant right?",Neutral,MELD
Did she call? You-you told her I was sick right? Always tell her I am sick!,Fear,MELD
"Chandler, listen to me sweetie, I know you can do this. Okay? You have a beautiful smile.",Neutral,MELD
I do?,Surprise,MELD
"Yeah!  All right, maybe you dont have to smile. Lets try something else. Lets try umm, try looking sexy.",Neutral,MELD
Okay.,Neutral,MELD
Or not.,Neutral,MELD
Where's Chandler?,Neutral,MELD
Here I am.,Neutral,MELD
Wash your hands!!!,Disgust,MELD
How did youknow?,Surprise,MELD
Hey! What's she doing back here?,Surprise,MELD
"Relax, Ross. She's not made of ice cream!",Neutral,MELD
"Hey look, Phoebe. I, uh, I laid out the states geographically...",Neutral,MELD
What happened in Atlantic City?!,Surprise,MELD
"Well, Chandler and I are in a bar",Neutral,MELD
"Did you not hear me say, ""Du-ude?!""",Anger,MELD
"And this girl is making eyes at Chandler, okay?",Neutral,MELD
"So after awhile he-he goes over to her and uh, after a minute or two, I see them kissing.",Neutral,MELD
"Now, I know what youre thinking, Chandlers not the type of guy who just goes to bars and makes out with girls, and youre right, Chandlers not the type of guy who just goes to bars and makes out withgirls.",Joy,MELD
You kissed a guy?!! Oh my God.,Surprise,MELD
"In my defense, it was dark and he was a very pretty guy.",Anger,MELD
"Oh Mon, I laughed so hard",Joy,MELD
"Ho-ho, so hard we had to throw out your underwear again?",Anger,MELD
"Whatever dude, you kissed a guy.",Neutral,MELD
"So umm, youre gonna stay with me as long as I need you?",Neutral,MELD
Of course I am!,Joy,MELD
"Oh mom, I swear Im not an idiot.",Neutral,MELD
"Ive read all kinds of books on pregnancy and giving birth, but I-I just didnt think to read the part about what to do when the baby comes.",Neutral,MELD
And-and then guess what?,Neutral,MELD
The babys coming and I dont know what to do.,Sadness,MELD
"Oh, can I throw up in my diaper genie?",Sadness,MELD
"No. Sweetie, youre gonna be fine.",Neutral,MELD
Wait-wait where are you going? Where are you going?,Fear,MELD
Im going to the bathroom.,Neutral,MELD
Okay.,Neutral,MELD
Now dont worry! Everythings gonna be okay.,Neutral,MELD
It,Neutral,MELD
Hey!,Joy,MELD
Hey! Why are you all red and sweaty?,Surprise,MELD
I just Bamboozled Chandler!  Which is not uh sexual thing. That was a quick shower.,Neutral,MELD
Not if you were here.,Neutral,MELD
"Okay, the reason why I asked you guys out to brunch today is because I have been doing some thinking about who should be my maid of honor.",Neutral,MELD
Oh my God! This is it!   I really hope its you!,Joy,MELD
I hope its you.,Neutral,MELD
Me too!,Joy,MELD
"First of all um, I love you both so much and youre both so important to me",Joy,MELD
"Okay, bla-bla-bla-bla!! Who is it?!",Joy,MELD
"Well umm, I was thinking that maybe we could come up with a system where we trade off being maid of honor for each other.",Neutral,MELD
"Like hypothetically, if Phoebe were mine",Neutral,MELD
Yes!!! Oh!!,Joy,MELD
Hypothetically!,Anger,MELD
Still.,Neutral,MELD
If Phoebe were my maid of honor,Neutral,MELD
"Rachel would be Phoebes, I would be Rachels, that way we all get to do it once and no one would get upset.",Neutral,MELD
Yeah thats actually a pretty good idea.,Neutral,MELD
"Yeah, Ill do that. So who gets to be yours?",Neutral,MELD
"Well thats the best part. Umm,",Neutral,MELD
Wh-why is that the best part?,Surprise,MELD
Because then I dont have to!,Joy,MELD
Well of,Neutral,MELD
Im really not deciding!,Joy,MELD
Fine!,Anger,MELD
"Aww, and good luck to you too!  What a nice lady!",Joy,MELD
"If you wanna give Joey a Christmas present that disrupts the entire building, why not get him something a little bit more subtle, like a wrecking ball, or a phial of small pox to release in the hallway?",Neutral,MELD
It's not just the drum noise.,Neutral,MELD
"Every five minutes, Joey throws his sticks in the air, and I have to hear, ""Oh my eye!",Anger,MELD
"Oh god, my eye!""",Anger,MELD
"I mean, it is so annoying.",Anger,MELD
"Yes, thank you. You see, this is how normal people are supposed to react to drums.",Neutral,MELD
"Phoebe, you got Joey drums to annoy Rachel, so she wouldn't wanna live there anymore?",Surprise,MELD
Maybe on some level.,Neutral,MELD
Joey? Could you get that?  What are you doing here? I thought you were in your room?,Surprise,MELD
"No, Im picking you up for our date. These are for you.",Neutral,MELD
"Ohh, Lilies. Joey, theyre my favorite. Thank you.",Joy,MELD
"And, a brownie!",Joy,MELD
"Well, half a brownie.",Neutral,MELD
"Actually, its just bag.",Neutral,MELD
Its been a long walk from the flower shop and I was startin to feel faint so,Neutral,MELD
Oh man!,Joy,MELD
This is so great!,Joy,MELD
I actually feel like Im going on a real date!,Joy,MELD
"Although, I have a hint of morning sickness, and Im wearing underwear that goes up to aboutthere.",Neutral,MELD
"Hey come on now, this is a real date.",Neutral,MELD
"Uh, sonice place you got here.",Neutral,MELD
"Foosball, huh?",Surprise,MELD
Pizza box.,Neutral,MELD
"Oh, a subscription to",Surprise,MELD
"Yeah, actually thats my roommates.",Neutral,MELD
I would like to meet him. He sounds like a stand up guy.,Neutral,MELD
"Ah yes, but hes very protective of me so youd better watch yourself.",Neutral,MELD
"Ah Hey, so this roommate of yoursis he good looking?",Joy,MELD
Hm-mmm,Neutral,MELD
"Oh yeah, it must be tough to keep your hands of him, huh?",Neutral,MELD
"Yeah, but Im pretty sure hes gay.",Neutral,MELD
"No-no-no-no, hes not! No! Why are you trying to ruin the game? Come on!",Anger,MELD
Can you believe what a jerk Ross was being?,Anger,MELD
"Yeah, I know. He can get really competitive.",Neutral,MELD
"Ha. Ha, ha.",Joy,MELD
What?,Neutral,MELD
"Oh, hello, kettle? This is Monica. You're black.",Neutral,MELD
Please! I am not as bad as Ross.,Disgust,MELD
"Oh, I beg to differ. The",Neutral,MELD
That was,Neutral,MELD
Oooooh.  : Oh! I got an interview! I got an interview!,Joy,MELD
"Well, not playing raquetball!",Surprise,MELD
He forgot to leave his grip size!,Surprise,MELD
He didn't get the goggles!,Surprise,MELD
"Well,sounds like you two have issues.",Neutral,MELD
"Goodbye, baby.",Neutral,MELD
"Ciao, bela.",Neutral,MELD
Do they wait for me to do this?,Neutral,MELD
So are you gonna tell him?,Neutral,MELD
Why would I tell him?,Neutral,MELD
"How about 'cause if you don't, his mother might.",Neutral,MELD
What are you guys doing here?,Anger,MELD
Uhhhh.... he's not even wearing a jockstrap!,Surprise,MELD
...What did I ask?,Neutral,MELD
God. I feel violated.,Disgust,MELD
"Did anybody else feel they just wanted to peel the skin off their body, to have something else to do?",Disgust,MELD
"Ross, ten o'clock.",Neutral,MELD
Is it? Feels like two.,Sadness,MELD
"No,",Neutral,MELD
"There's a beautiful woman at eight, nine, ten o'clock!",Joy,MELD
Oh. Hel-lo!,Joy,MELD
"She's amazing! She makes the women that I dream about look like short, fat, bald men!",Joy,MELD
"Well, go over to her! She's not with anyone.",Joy,MELD
"Oh yeah, and what would my opening line be? 'Excuse me. Blarrglarrghh.'",Fear,MELD
"Oh, c'mon. She's a person, you can do it!",Joy,MELD
"Oh please, could she",Neutral,MELD
He could never get a woman like that in a million years.,Neutral,MELD
"Oh, oh, but y'know, you always see these really beautiful women with these really nothing guys, you could be one of those guys.",Neutral,MELD
You could do that!,Joy,MELD
You think?,Surprise,MELD
"OK, that's enough of the view. Check this out, look at this. Sit down, sit down.",Neutral,MELD
OK.,Neutral,MELD
"This is great!  Helen, could you come in here for a moment?",Joy,MELD
"Thank you Helen, that'll be all.",Neutral,MELD
"Last time I do that, I promise.",Neutral,MELD
"I am so, so, so, so sorry!",Sadness,MELD
Uh-huh.,Disgust,MELD
"And I will cook anything you want in here , and do anything in there!",Fear,MELD
"Yeah you will!  And, are you kiddin me?!",Anger,MELD
"Come on Monica, its our Valentines Day. Please? Please-please, please?",Sadness,MELD
Okay.,Neutral,MELD
Okay.,Neutral,MELD
"So, are we going in there?",Neutral,MELD
I am!!,Joy,MELD
Wow!,Surprise,MELD
It actually is in the handbook.,Neutral,MELD
I cant date you or have a hot plate in my office.,Neutral,MELD
I cant believe we have to stop seeing each other.,Sadness,MELD
For what its worth I did appreciate you standing up for me. It felt really nice. It kinda made me like you even more.,Joy,MELD
"I know, I know I really like you too. But we-we cant date. Its against the rules. Its forbidden.",Neutral,MELD
Wow!,Surprise,MELD
What?,Surprise,MELD
"Just hearing you describe it as forbidden, its really hot.",Joy,MELD
Really?,Surprise,MELD
Yeah.,Neutral,MELD
"Well I-I-I dont care how hot it is its-its uh, its wrong.",Joy,MELD
Stop it!,Joy,MELD
No! No! Its wrong! Its-its-its naughty. Its taboo.,Joy,MELD
Shut the book!,Joy,MELD
Lets also get a hot plate!,Joy,MELD
"Rach, youre in a great place in your life. Come on, youve got a great job! Good friends",Joy,MELD
Yeah! So-so when are you getting married?,Joy,MELD
"Oh Im not, I just like to try these on.",Neutral,MELD
I do the same thing.,Neutral,MELD
Im just kidding. Im getting married July 25,Joy,MELD
Im just kidding too.  Im getting married in December.,Joy,MELD
So when are you getting married?,Neutral,MELD
Oh May 15,Neutral,MELD
Oooh its getting close!,Joy,MELD
"So uh, whos your photographer?",Neutral,MELD
Jeffrey,Neutral,MELD
We met with him. Did he show you the photos of the nude wedding he did?,Neutral,MELD
The best man? Wow!,Surprise,MELD
"I know! I almost called off my wedding. Oh, whos your band?!",Joy,MELD
"Oh, my fiancee wants the Swing Kings.",Neutral,MELD
"Oh, youre so lucky. My fiancee wants the heavy metal band Carcass.",Sadness,MELD
"Ooh, is that spelled with a C or a K? Oh my God! It doesnt matter; theyre both great!",Joy,MELD
Oh yknow what?,Neutral,MELD
Now that you know what you want you should go to Kleinmans and get it half off.,Neutral,MELD
This place is so overpriced.,Disgust,MELD
"So, does this  come in another color or",Neutral,MELD
"I am telling you, years from now, schoolchildren will study it as one of the greatest first dates of all time.",Neutral,MELD
It was unbelievable!,Surprise,MELD
"We could totally be ourselves, we didn't have to play any games...",Joy,MELD
So have you called her yet?,Neutral,MELD
Let her know I like her?,Fear,MELD
"What are you, insane?",Anger,MELD
It's the next day!,Joy,MELD
How needy do I want to seem?,Neutral,MELD
"I'm right, right?",Neutral,MELD
"Oh, yeah. Yeah. Let her dangle.",Neutral,MELD
I can't believe my parents are actually pressuring me to find one of you people.,Surprise,MELD
"Oh, God, just do it!  Call her! Stop being so testosteroney!",Anger,MELD
"Which, by the way, is the real San Francisco treat.  I got her machine.",Neutral,MELD
Her answer machine?,Neutral,MELD
"No, interestingly enough her leaf blower picked up.",Neutral,MELD
"So, uh, why didn't you say anything?",Neutral,MELD
"Oh, no-no-no-no. Last time I left a spontaneous message I ended up using the phrase ""Yes indeedy-o.""",Disgust,MELD
"Look look! It's Rachel and Barry. No, don't everybody look at once!",Surprise,MELD
"Okay, okay, what's going on?",Neutral,MELD
"Okay, they're just talking...",Neutral,MELD
"Yeah, well, does he look upset? Does he look like he was just told to shove anything?",Neutral,MELD
"So, um, what do you do for a living?",Neutral,MELD
"Well, um, for the past few years I've been working.....which is funny because, that wasn't even my major.",Neutral,MELD
Oh no. I thought you said they could shoot the spot without you.,Neutral,MELD
I thought they could...I'll try to get back as soon as I can. I'm sorry.,Sadness,MELD
Now that is funny.,Neutral,MELD
"Hey, do you think...would it be too weird if I invited Carol over to join us?",Neutral,MELD
"Cause she's, she's alone now, and pregnant, and, and sad.",Sadness,MELD
I guess.,Neutral,MELD
Are you sure? Great. Carol? Wanna come over and join us?,Neutral,MELD
"Oh, no no no. I'm fine. I'm fine.",Neutral,MELD
Come on.,Neutral,MELD
These people'll scooch down.,Neutral,MELD
"You guys'll scooch, won't you?",Neutral,MELD
Let's try scooching!,Joy,MELD
Come on.,Neutral,MELD
Come on.,Neutral,MELD
"Uh, Kristen Riggs, this is Carol Willick.",Neutral,MELD
"Carol, Kristin.",Neutral,MELD
"Uh, Carol teaches sixth grade.",Neutral,MELD
"And, Kristin, Kristin......does something that, funnily enough, wasn't even her major!",Joy,MELD
Okay.,Neutral,MELD
When I was six years old.,Neutral,MELD
Hm-mm,Neutral,MELD
I wanted a big wheel.,Neutral,MELD
And instead my parents got me this little plastic chicken that you hop around on.,Anger,MELD
"It was embarrassing, kids made fun of me.",Sadness,MELD
That was a pretty tough year.,Sadness,MELD
Thats-thats great!,Joy,MELD
See?,Neutral,MELD
I already feel like I know you a little better!,Joy,MELD
Thank you.,Joy,MELD
"Okay, come on.",Neutral,MELD
Now we can go eat.,Neutral,MELD
Lets go.,Neutral,MELD
It was horrible. They called me chicken boy.,Sadness,MELD
Oh!,Surprise,MELD
"Will you pick one, just pick one! Here, how about that one?",Anger,MELD
That's patio furniture!,Surprise,MELD
"So what, like people are gonna come in and think, ""Uh-oh, I'm outside again?"" Of course!",Neutral,MELD
What about the birds?,Neutral,MELD
"I don't know, birds just don't say, ""Hello, sit here, eat something.""",Neutral,MELD
You pick one.,Neutral,MELD
"All right, how about the ladybugs?",Neutral,MELD
"Oh, so, forget about the birds, but big red insects suggest fine dining!",Anger,MELD
"Fine, you want to get the birds, get the birds!",Anger,MELD
"Not like that, I won't!  Kip would have liked the birds!",Sadness,MELD
Bijan for men?,Neutral,MELD
Bijan for men?,Neutral,MELD
"Bijan for...   Hey, Annabelle, Uh, listen, I was wondering if maybe after work you and I could go maybe grab a cup of coffee.",Neutral,MELD
"Oh, actually I sorta have plans.",Neutral,MELD
"Ready, Annabelle?",Neutral,MELD
You bet.  Maybe some other time?,Neutral,MELD
"Hey, it's not the first time I lost a girl to a cowboy spraying cologne.  Bijan for men?  Bijan for men?!",Sadness,MELD
That was amazing!,Joy,MELD
Phoebe and Gary are,Neutral,MELD
That was amazing.,Joy,MELD
We are the hottest! Huh?,Joy,MELD
"No, you're the best.",Neutral,MELD
"No, you're the best.",Neutral,MELD
"No, you're the best.",Neutral,MELD
I,Neutral,MELD
Hey guys!  What 'cha been doin'?,Neutral,MELD
Hey Joey! Isn't that the girl that waved at you the other day?,Neutral,MELD
So what are you gonna do?,Neutral,MELD
"What can I do? One person wants to break-up, you break-up.",Sadness,MELD
"Hey, no way! Come on, this is you guys, call her and work it out.",Sadness,MELD
"Oh come on, we just had this huge fight, all right, dont I have to wait a while?",Sadness,MELD
"Hey, this isnt like swimming after you eat, pick up the phone!!",Anger,MELD
Y'know that whole swimming thing is a myth.,Neutral,MELD
"Yeah, tell that to my Uncle Lenny.",Neutral,MELD
Why? What happened to him?,Neutral,MELD
"Nothing, hes just really believes in that.",Neutral,MELD
It looks like your uterus is ready for implantation.,Neutral,MELD
Oh! I knew it! I knew it! I felt really thick this morning.,Joy,MELD
"Well, okay, so whats nowgo get, go get the eggs, put em in there.",Neutral,MELD
"Okay, itll take just a little while to prepare the embryos.",Neutral,MELD
"Embryossss? As in, ""More than one?""",Surprise,MELD
"Um-hmm, five actually.",Neutral,MELD
"Five? Okay, where am I giving birth, a hospital or a big box under the stairs?",Neutral,MELD
We do five because that gives you a 25% chance that at least one will attach.,Neutral,MELD
Thats it! 25 percent? That means thats its like 75 percent chance of no baby at all!,Surprise,MELD
"Hey, yknow I was thinking, what are the odds like if-if, if you stuff like 200 of them in there?",Neutral,MELD
"Sweety, now, shes a woman, not a gumball machine.",Neutral,MELD
"Okay, well yknow what, dont worry you guys, cause Im-Im gonna do this as many times as it takes to get it right.",Neutral,MELD
"Well, you see, the-the thing is, we-we only got, we kinda have one shot to make it right.",Neutral,MELD
"Umm, it costs $16,000 each time you do this.",Neutral,MELD
"So, umm, were kinda using all the money we have to do it just this one time.",Neutral,MELD
"Whoa!! Thatokay, thats a",Disgust,MELD
"No, Im sorry.",Neutral,MELD
Wow! You guys really dont know anything!,Surprise,MELD
I know! Why dont you get drunk! That worked for a lot of girls in my high school.,Anger,MELD
Hey!,Neutral,MELD
Hey!,Neutral,MELD
You guys got anything to eat? I just went down to Johnos for some chicken and it was closed!,Surprise,MELD
"Oh, I took Larry there to eat but it was all violated. So we shut it down!",Disgust,MELD
"Pheebs, if this guy keeps closing down all of our favorite places, where are we gonna eat?!",Anger,MELD
"I don't know, clean places?",Neutral,MELD
"Mm, yum!",Neutral,MELD
It's Danny.,Neutral,MELD
Don't let him in! I'm supposed to be at a regatta gala.,Fear,MELD
We'll be right there!  Can't you just say it starts later?,Anger,MELD
What? What kind of a regatta gala starts at night?!,Surprise,MELD
The fake kind!,Anger,MELD
"Hey, hi, I need a ladle. You got a ladle?",Neutral,MELD
We have a ladle.,Neutral,MELD
"Thanks, see you at the party.",Neutral,MELD
"Okay, great!",Joy,MELD
"Hey, guys, you know what Larry would say? He would say, ""See you ladle.""",Neutral,MELD
You're so efficient. I love you!,Joy,MELD
Let's go!,Joy,MELD
No-no-no! We need something old!,Sadness,MELD
"Ohh, great, I have condom in my wallet I've had since I was twelve.",Neutral,MELD
That'll work!,Joy,MELD
I don't think so.,Neutral,MELD
"Okay, now we just need something borrowed!",Joy,MELD
Here justtake this.,Neutral,MELD
That's stealing!,Sadness,MELD
"No, we'll-we'll bring it back! Just put it under your dress.",Neutral,MELD
Ohh.,Joy,MELD
"Okay, one thing at a time.",Neutral,MELD
Sorry about that. So. What have you been up to?,Neutral,MELD
"Oh, not much. I-I got a job.",Joy,MELD
"Oh, that's great.",Joy,MELD
Why are- why are you so tanned?,Surprise,MELD
"Oh, I, uh- I went to Aruba.",Neutral,MELD
Noooo!  I'm lying. I am so drunk.,Joy,MELD
"Oh God, oh.",Anger,MELD
"Great, Monica, y'know what, you could've called, I have been up here, I've been worried...",Sadness,MELD
Monica? Monica!,Anger,MELD
Water rules!,Joy,MELD
"Yes, yes, it does. Okay, look, the restaurant called, they wanna know if you're gonna be showing up for work?",Neutral,MELD
Nope. Going to the,Neutral,MELD
"Okay Monica, what are you doing? You're gonna lose your job! This is not you!",Anger,MELD
"No, it is me!",Joy,MELD
"Y'know, I'm not just the person who needs to fluff the pillows and pay the bills as soon as they come in!",Anger,MELD
"Y'know, when I'm with her, I am so much more than that.",Joy,MELD
I'm- I'm Monana!,Joy,MELD
"Hello? Yes, she is, hold on a second, please. Monana, it's for you, the credit card people.",Neutral,MELD
Helloooo? Yeah. Oh my God. Thanks.,Joy,MELD
What?,Neutral,MELD
They've arrested Monica.,Sadness,MELD
Note the painterly lines    and subtle impasto on this canvas. Monet painted quickly and usually outdoors    as his elusive subject was light itself.,Neutral,MELD
"Now, do you have any idea what you just said?",Neutral,MELD
"No, no, my mouth    says the words, my brain is thinking monster trucks!",Neutral,MELD
"Ok now, remember, when you get to the museum, Monet is not spelt    M-O-N-A-Y.",Neutral,MELD
I just...,Neutral,MELD
I wrote that out phonetically for you.,Neutral,MELD
Phonetically?,Neutral,MELD
"Yeah, yeah that means... you know? We just... we don't have time    for this.",Neutral,MELD
"Ok, but you know what? I gotta say, I'm really impressed that    you were able to memorize all this so quickly!",Surprise,MELD
"Ah! I'm an actor! I can memorize anything! Last week on ""Days""    I had to say ""Frontal temporal zygomatic craniotomy"".",Joy,MELD
Wow. What does,Surprise,MELD
No idea!,Surprise,MELD
"But the guy I said it to dies in the next scene so I    guess it means ""you're gonna get eaten by a bear"".",Neutral,MELD
Ok! So let's move on to the Renaissance?,Neutral,MELD
"Ok, Caravaggio uses chiaroscuro here to highlight the anguish    of the central figure. Touch it, it's really bumpy! .",Neutral,MELD
"Nah ah! Nah ah!  No no no! No ad-libbing    and dude, you can't",Anger,MELD
Come on! you...,Neutral,MELD
No!,Anger,MELD
Oh.  Oh-oh.,Neutral,MELD
Hey!  What happened to you? Why didnt you come up?,Surprise,MELD
Done!,Joy,MELD
You just finished?,Surprise,MELD
"Well, I wanted to be thorough.",Neutral,MELD
"I mean this-this is clearly very, very important to you, to us!",Joy,MELD
"And so I wanted to read every word carefully, twice!",Joy,MELD
"So umm, does it?",Neutral,MELD
Im sorry.,Sadness,MELD
Does it?,Fear,MELD
"Does it? Does it? Yeah, I wanted to give that whole Does it? part just another glance.",Neutral,MELD
"What are you talking about, Ross, you just said that you read it twice!",Anger,MELD
"Look, y'know what, either it does or it doesnt, and if you have to even",Anger,MELD
"No, Rach, no. I dont, I dont, I dont",Neutral,MELD
Are you sure?,Joy,MELD
"Oh, sure! Im sure.",Joy,MELD
You got married again.,Neutral,MELD
Yes.,Neutral,MELD
So thats your second marriage in two years.,Neutral,MELD
"Yes, second in two years. Third overall.",Neutral,MELD
"Ross, I have been a divorce attorney for 23 years and never had I so much business from one client.",Neutral,MELD
Why dont you tell me what happened.,Neutral,MELD
"Basically, Rachel and I were in Vegas and we got drunk",Neutral,MELD
"Im sorry, is this the same Rachel whos name you said at the altar in the second marriage?",Surprise,MELD
"Yes-yes-yes! But, I-I do",Neutral,MELD
"Oh, thats better then.",Neutral,MELD
This was just a drunken mistake and I need to get it annulled.,Neutral,MELD
I see. Have you considered therapy?,Neutral,MELD
I think just the,Neutral,MELD
There are a couple of forms to fill out.,Neutral,MELD
Easy.,Neutral,MELD
"And well need to have witnesses who can testify that you were not of uh, sound mind.",Neutral,MELD
No problem.,Neutral,MELD
And well need you and Rachel to testify before a judge.,Neutral,MELD
Ooh!,Surprise,MELD
Theres no way to do this without her?,Surprise,MELD
"Cause I kinda all ready told her uh, it was, it was already taken care of.",Fear,MELD
"So, Phoebs owes $7.50, Monica, you owe $10, and Rachel, you owe fifteen big ones.",Neutral,MELD
"But hey, thanks for teachin' us Cross-Eyed Mary. You guys, we gotta play that at our regular game.",Neutral,MELD
"Alright, here's my $7.50.  But I think you should know that this money is cursed.",Neutral,MELD
What?,Surprise,MELD
"Oh, I cursed it. So now bad things will happen to he who spends it.",Neutral,MELD
"That's alright, I'll take it.",Neutral,MELD
Bad things happen to me anyway.,Neutral,MELD
This way I can break 'em up with a movie.,Neutral,MELD
"Well, that just leaves the big Green poker machine, who owes fifteen...",Neutral,MELD
You wanna do it right now?,Neutral,MELD
Great!,Joy,MELD
"Ok, I just wanna be really sure this time. Andie McDowell's the girl from",Neutral,MELD
No. No no no no no. That's Rodney McDowell. Andie McDowell is the guy from,Neutral,MELD
"Oh, yeah. Ok, thank you.",Neutral,MELD
You're welcome.,Neutral,MELD
is for me not to see you anymore.,Sadness,MELD
That's crazy!,Surprise,MELD
You can't do that!,Surprise,MELD
What are you going to tell her?,Sadness,MELD
Oh God.,Fear,MELD
"Ohh, you already agreed to this, haven't you?",Sadness,MELD
"It's awful I know, I mean, I feel terrible but I have to do this if I want my marriage to work.",Sadness,MELD
"And I do, I have to make",Sadness,MELD
Ohh! Lucky me! Oh my God! That,Surprise,MELD
You have no idea what a nightmare this has been. This is so hard.,Sadness,MELD
"Oh yeah, really? Is it Ross? Yeah? Okay, well let me make this a just a little bit easier for you.",Anger,MELD
What are you doing?,Surprise,MELD
Storming out!,Anger,MELD
"Rachel, this is your apartment.",Neutral,MELD
"Yeah, well that's how mad I am!!",Anger,MELD
These little women. Wow!,Surprise,MELD
"Your liking it, huh?",Neutral,MELD
Oh yeah! Amy just burned Jos manuscript. I dont see how he could ever forgive her.,Joy,MELD
"Umm, Jos a girl, its short for Josephine.",Neutral,MELD
Chandler.,Neutral,MELD
Hi.,Neutral,MELD
Hi.,Neutral,MELD
Joey.,Neutral,MELD
Hey-hey!,Joy,MELD
Hey.,Neutral,MELD
This is Monica.,Neutral,MELD
Whoa!,Surprise,MELD
And this is Rachel.,Neutral,MELD
Hi!,Joy,MELD
Whoa!!,Surprise,MELD
Im gonna get coffee.,Neutral,MELD
"Hey, how do you guys get anything done?",Joy,MELD
"We dont, really.",Neutral,MELD
"Well, so, now, do you guys have a lot of big plans?",Neutral,MELD
"Oh yeah! Yeah, no, were gonna connect, y'know bond, and everything.",Joy,MELD
"Yeah, I was thinking that maybe we could go down to Time Square and pick up some ninja stars.",Neutral,MELD
"And, oh, um, my friend Larry, he wants me to take a picture of a hooker.",Neutral,MELD
"You know, we dont really take advantage of living in the city.",Neutral,MELD
"Okay, Chandler!",Neutral,MELD
Okay.,Neutral,MELD
"And your horoscope says, ""On the fifth a special someone is going to give you a gift.""",Joy,MELD
"Oh, well thank you in advance.",Joy,MELD
"Op, but the twelfth brings a lovers spat.",Surprise,MELD
"Oh, wait and on the nineteenth a secret crush announces itself.",Surprise,MELD
Hey guys!,Neutral,MELD
Hey!!,Joy,MELD
Oh my God! Its Joey Tribbiani of Mac and C.H.E.E.S.E.!!!!!!!,Surprise,MELD
Oh thats right. Its your first day! So are you psyched to fight fake crime with your robot sidekick?,Joy,MELD
Am I psyched? The lead in my own TV series? Ive dreamed about this for years! Why have I not been preparing?!,Joy,MELD
"No! Joey, youre going to be great!",Neutral,MELD
"But I got to act with a robot Pheebs, and-and I dont know anything about technology!",Fear,MELD
I cant even use Chandlers computer except to find porn!,Anger,MELD
And-and thats only cause its right there when you turn it on!,Anger,MELD
I think our lovers spat will start a little early this month.,Anger,MELD
Ill be waiting.,Neutral,MELD
"Now, this is last minute so I want to apologize for the mess. Okay?",Joy,MELD
Oh my God! It sure didnt look this way when I lived here.,Surprise,MELD
I know!,Surprise,MELD
"Now look, theres only one problem though.",Joy,MELD
"Theres only room for one, so I guess one of you will have to stay at Joeys.",Neutral,MELD
"Well, since the fire was kinda my fault I guess  you should get to stay here.",Sadness,MELD
"Hey! Hey-hey, now this was no ones fault Pheebs. Okay? It was an accident.",Neutral,MELD
"Well no, it was my fault so you should get the nice room.",Neutral,MELD
Okay!,Joy,MELD
So Rach!,Joy,MELD
Youre the first guest at Hotel Monica!,Joy,MELD
"Umm, youll just have to tell me how you like your eggs in the morning.",Neutral,MELD
"And I thought I would bring them to you, yknow, in bed.",Neutral,MELD
"Oh, you have been through so much.",Sadness,MELD
I have.,Sadness,MELD
This is just Bactine. It won't hurt.,Neutral,MELD
"Sorry, that was wax.",Neutral,MELD
"Oh, poor little Tooty is scared to death. We should find his owner.",Sadness,MELD
Why don't we just put 'poor little Tooty' out in the hall?,Disgust,MELD
During a blackout? He'd get trampled!,Sadness,MELD
Yeah?,Neutral,MELD
"Ben, I want you to know that there may be some times when I may not be around, like this.",Sadness,MELD
"But I'll still always come back, like this.",Neutral,MELD
"And sometimes I may be away longer, like this.",Neutral,MELD
"But I'll still always come back, like this.",Neutral,MELD
"And sometimes, I'll want you to steal third, and I'll go like this.",Neutral,MELD
He is so amazing.,Joy,MELD
"Oh, I know. Look at him.",Joy,MELD
"Ben, Ben, hey Ben. Nothing. I don't think that's his name.",Neutral,MELD
"Oh, look, look, he's closing his eyes.  Look, he's opening his eyes.",Joy,MELD
"He doesn't do much, does he?",Neutral,MELD
"No, this is pretty much it.",Neutral,MELD
You guys wanna get some coffee?,Neutral,MELD
Yeah.,Neutral,MELD
"All right, I'll see you guys later.",Neutral,MELD
"Oh, look, he's closing his eyes again.",Neutral,MELD
"Come on, they're gonna love you.",Joy,MELD
"Well, thank you for lunch.",Neutral,MELD
"What? Wait a minute, I didnt pay, I thought you paid!",Neutral,MELD
So apparently we just dont pay for food anymore.  Do you see what I see?,Neutral,MELD
How did it go?,Neutral,MELD
Had the money in the wrong hand.,Neutral,MELD
"All right, Im gonna go steam my wedding dress okay? Who wants the responsibility of making sure nothing happens to it?",Neutral,MELD
Ill do it.,Neutral,MELD
Who wants it? Anybody?,Neutral,MELD
I said Ill do it!,Anger,MELD
"Nobody wants to do it? All right, Ill do it myself.",Disgust,MELD
Monica! Im not gonna screw it up!,Anger,MELD
"Youre right, Im sorry.",Sadness,MELD
Actually you were a big help tonight.,Joy,MELD
"Yeah, and thanks for putting my grandmother in the cab and making sure she got to the hotel safely.",Neutral,MELD
Well of course that is what Im here for!,Joy,MELD
Okay. Sorry.,Neutral,MELD
Ugh!  What grandmother?,Surprise,MELD
"Hi. Tag, I have a conference call today is that correct?",Neutral,MELD
"Yes, at 4:00.",Neutral,MELD
"Okay, thank you.",Neutral,MELD
Thatll be all.,Neutral,MELD
Wait!,Surprise,MELD
Wait!,Surprise,MELD
Did you see that?,Surprise,MELD
That mail guy had no idea there was something going on between us.,Surprise,MELD
"Youve seen my huge stack of porn, right?",Neutral,MELD
"Hey Monica, its Chip.",Neutral,MELD
Yes.,Joy,MELD
Whos Chip?,Neutral,MELD
Shhh!,Neutral,MELD
"Good runnin into you at the bank today, so ah, heres my number, 555-9323. Give me a call. Later.",Neutral,MELD
"Chip, is Chip Matthews.",Neutral,MELD
The guy who took Rachel to the prom? Why is he calling you?,Surprise,MELD
"Cause I ran into him at the bank, he is still soo cute.",Joy,MELD
"Monica, youre so lucky! Hes like the most popular guy in school!!",Joy,MELD
"I know!!   Chip? Hi! Its Monica.  Kay.  Kay.  Okay.  Okay, good-bye.  Oh my God, we just had",Joy,MELD
I was just leaving.,Neutral,MELD
"Good! Cause Ive got a product report to read, its like eight pages, I hope I dont fall asleep.",Neutral,MELD
Why? Did you write it?,Neutral,MELD
"Wow! Look at that, Chip Matthews called. I wonder what he wants?",Surprise,MELD
"Well ah, actually...",Neutral,MELD
Heres your tea Phoebe.,Neutral,MELD
"Its so good.  Oh, thanks.",Joy,MELD
Good.,Joy,MELD
Im so glad you liked it.,Joy,MELD
Oh!,Surprise,MELD
What?!,Surprise,MELD
What?! She made the tea!,Surprise,MELD
"Oh! No, I-I think I just had a contraction.",Surprise,MELD
You what?,Surprise,MELD
Oh my God!,Surprise,MELD
I like her. She sees smart.,Joy,MELD
"I've no idea, could be. Listen, I'm sorry I had to work tonight.",Sadness,MELD
"Oh it's OK. You were worth the wait, and I don't just mean tonight.",Neutral,MELD
I have actually,Neutral,MELD
": Yeah, well your friends are in violation of it.",Neutral,MELD
"Ive been a nice guy up until now, but uh, I dont need this grief.",Anger,MELD
Im gonna call the landlord and tell him that Monica is illegally subletting here grandmothers apartment.,Anger,MELD
Your friends are outta here pal.,Anger,MELD
Why dont you tell me something I dont know!,Anger,MELD
All right! I found one that fits!,Joy,MELD
"Well yknow what they say, the 23",Neutral,MELD
Whose is it?,Neutral,MELD
Oh does it matter?! All that matters is that you look so handsome.,Sadness,MELD
Oh damnit!,Disgust,MELD
No! Dont say that! Dont say that!,Fear,MELD
Damn it!,Joy,MELD
No dont! Go back to repeating!,Fear,MELD
Damn it!,Joy,MELD
Oh crap!,Anger,MELD
Oh crap!,Joy,MELD
"Hey Rach! Hey, you mind if I read my comic books in here?",Neutral,MELD
Sure! Why?,Surprise,MELD
"Oh well, Chandler and Monica are over there and it's kinda hard to concentrate.",Neutral,MELD
What?!,Surprise,MELD
She just called and said that she was gonna be working late!,Anger,MELD
She keeps lying to me!,Anger,MELD
That's it!,Anger,MELD
I'm just gonna go over there and confront them right now!,Anger,MELD
"So Chandler, I-I'd love to come by tonight.",Joy,MELD
Really?,Surprise,MELD
"Oh absolutely. Shall we say, around seven?",Joy,MELD
Yes.,Neutral,MELD
Good. I'm really looking forward to you and me having sexual intercourse.,Joy,MELD
"Hey-hey, check it out! Check it out! Ugly Naked Guy has a naked friend!",Surprise,MELD
Oh yeah!  Oh my God! That is,Surprise,MELD
"Yeah, it is! Naked Ross!!",Surprise,MELD
"Y'know, hey! Youre the one who ended it, remember?",Anger,MELD
"Yeah, because I was",Neutral,MELD
You still love me?,Anger,MELD
Noo.,Disgust,MELD
"What does this mean? What do you, I mean do you wanna, get back together?",Neutral,MELD
"Noo! Maybe! I, I dont know.",Sadness,MELD
What?!,Surprise,MELD
"I just, I feel, I-I just...",Sadness,MELD
I won! I won! I finally won!,Surprise,MELD
I won! That was my quarter!,Anger,MELD
Fine! Here! Take a hike toots!,Anger,MELD
"Excuse me, sir! This lady played my quarter, this is my money.",Anger,MELD
Is that true miss?,Neutral,MELD
Sells drugs to kids.,Disgust,MELD
What?!,Surprise,MELD
She sells drugs to kids.,Disgust,MELD
It was my quarter!,Anger,MELD
Was it her quarter?,Neutral,MELD
How about we talk about this over dinner?,Neutral,MELD
"Okay lady, you're out of here.",Disgust,MELD
"No! No, you can't arrest me! No!! I won't go back! I won't go back to that hell hole!!",Anger,MELD
I'm just taking you outside!,Anger,MELD
"Oh, okay.",Neutral,MELD
Hey!,Neutral,MELD
Hey!,Neutral,MELD
"Listen, I know you wanted to talk to me, but I have an idea that may make you want to stay married.  We register, and",Neutral,MELD
No!,Anger,MELD
"Ross, come on!",Anger,MELD
No!,Anger,MELD
"Listen, look I thought a lot about how to tell you this and the bottom line, Ross, is we can not stay married.",Sadness,MELD
I dont know if its true.,Neutral,MELD
Oh b-b-but it is!,Anger,MELD
"Oh, okay, yknow what this is?",Neutral,MELD
"Oh Ross, come on! This is not, this is not a marriage!! This is the worlds worst hangover! Ross, listen, if",Anger,MELD
"All right. All right, Ill do it.",Sadness,MELD
"Thank you.  Hey-hey umm, uh, is there, is there any such thing as an annulment shower?",Neutral,MELD
Hey! What are you guys doing?,Neutral,MELD
Making holiday candy for the neighbors.,Neutral,MELD
Yes!,Joy,MELD
So I really never get to win anymore?,Sadness,MELD
How much did ever really win before?,Neutral,MELD
"He is so cute.  So, where did you guys grow up?",Neutral,MELD
Brooklyn Heights.,Neutral,MELD
Cleveland.,Neutral,MELD
"How, how did that happen?",Surprise,MELD
Oh my god.,Surprise,MELD
What?,Surprise,MELD
I suddenly had the feeling that I was falling. But I'm not.,Neutral,MELD
"Ok, I'm makin' a break for it, I'm goin' out the window.",Neutral,MELD
"No, no, no, don't! I've been waitin' for like, forever to go out with Lorraine. Just calm down.",Anger,MELD
Calm down? Calm down? You set me up with the woman that I've dumped twice in the last five months!,Anger,MELD
"Can you stop yellin'? You're makin' me nervous, and I can't go when I'm nervous.",Anger,MELD
"I'm sorry, I'm sorry, you're right.  Come on, do it, do it, go, come on!!!",Anger,MELD
"Hey you guys, guess what?",Neutral,MELD
The British are coming?,Neutral,MELD
"Ohh, you and your ways.  Since its Christmastime. Im going to be one of those people collection donations.",Joy,MELD
"Yeah, I already have my bell and later on...I get my bucket.",Joy,MELD
Ohh.,Neutral,MELD
"Yeah, yeah, Im going to be out there spreading joy to the people.",Joy,MELD
"I mean, last year, I spread a little joy but not really enough.",Joy,MELD
"So this year, Im going to do the whole city.",Joy,MELD
"You know, I knew a girl in high school who did that. She was",Neutral,MELD
I can't,Neutral,MELD
"Oh! Look at that, time's up! My turn!",Joy,MELD
That was a half an hour?,Surprise,MELD
It's your timer.,Neutral,MELD
"Y'know, I don't like to brag about it, but I give the",Neutral,MELD
"All right, then massage me up right nice!",Joy,MELD
Ah! Ahh!! Ahh!!,Joy,MELD
"It's so good, isn't it?",Neutral,MELD
It's so good I don't know what I've done to deserve it!,Joy,MELD
Say good-bye to sore muscles!,Joy,MELD
Good-bye muscles!!,Joy,MELD
Oh whoa-whoa-whoa!,Anger,MELD
"Wait a minute, open up your hand; let me take a look.",Neutral,MELD
Quarter.,Neutral,MELD
Dime.,Neutral,MELD
Lint?,Neutral,MELD
Not interested in that.,Neutral,MELD
What's this?,Neutral,MELD
A Canadian coin?,Neutral,MELD
Get outta here!,Surprise,MELD
Whoa-whoa-whoa!,Surprise,MELD
No drinks near the bucket!,Anger,MELD
Set it down over there and then you can make a contribution!,Anger,MELD
And you can leave the hurt bunny look over there too!,Anger,MELD
Hi Bob!,Joy,MELD
I thought I told you to get outta here!,Anger,MELD
"Uh, Phoebe we've been getting complaints and uh, we're gonna move you to a less high-profile spot.",Neutral,MELD
"Well, because we thought you knew!! Its so obvious! God, that would be like telling Monica, ""Hey, you like things clean.""",Neutral,MELD
Hey Joe! You wanna shoot some hoops?,Joy,MELD
"Oh no, I cant go. Im practicing; I got an audition to be the host of a new game show.",Joy,MELD
Oh cool!,Joy,MELD
Thats great.,Joy,MELD
"Yeah-yeah, and if I get it by day Ill  Dr. Drake Remoray, but by night Ill be  Joey Trrrribbiani!",Joy,MELD
Youll be perfect for this! Thats already your name!,Joy,MELD
But the auditions in a couple hours and I dont even understand the game.,Fear,MELD
Well do you want some help?,Neutral,MELD
Oh really? Thatd be great! You guys can be the contestants!,Surprise,MELD
Awesome!,Joy,MELD
"Okay, I guess we can lose to junior high girls some other time.",Neutral,MELD
All right! Lets play Bamboozled!,Joy,MELD
Bamboozled?,Surprise,MELD
"Yeah, isnt that a cool name?",Joy,MELD
Yeah!,Joy,MELD
No!,Disgust,MELD
"Oh. Okay, just breathe.",Neutral,MELD
"Oh honey, I think Im having one too!",Surprise,MELD
Look at this!  There we go!,Joy,MELD
"Excuse me. Hi, Im a professor here. Do you know the Paleontology section, fifth floor, stack 437?",Neutral,MELD
"Well, yes! Just give me five minutes, I just have to find someone to cover my shift.",Joy,MELD
No! No!! No! Can I speak to someone in charge please?!,Anger,MELD
How can I help you?,Neutral,MELD
"Hi, I was wondering if it is possible to increase security in the Paleontology section?",Anger,MELD
"See I-I wrote a book up there and instead of reading it people are-are-are well, rolling around in front of it.",Anger,MELD
We are aware of the problem you are referring to.,Neutral,MELD
"But as far as increasing security, Im afraid the library is very understaffed.",Neutral,MELD
"I, I cant help you.",Sadness,MELD
"Well, fine.",Anger,MELD
Fine!,Anger,MELD
"If-if Im the only person with any appreciation of the sanctity of the written word, Ill go up there and defend it myself!",Anger,MELD
And dont you follow me!,Anger,MELD
"Okay. Would you rather live in the shirt pocket of a sweaty giant, or inside his shower drain?",Neutral,MELD
"Oh my God! Phoebe look, its Ross and that girl.",Surprise,MELD
No! No! Look at that!  Its a line of ants! Theyre working as a team!,Surprise,MELD
"Right, oh yeah.",Neutral,MELD
"Wow, oh, it looks like Ross is breaking up with her.",Surprise,MELD
"Uff, I hope he lets her down easy.",Neutral,MELD
"Come on Phoebe, look at that!",Anger,MELD
"They are not breaking up, look at them.",Neutral,MELD
"Okay thats, you know what that is?",Neutral,MELD
"That is a, that is a second date, thats what that is!",Sadness,MELD
"Look at that, she just put her hand on his thigh...",Neutral,MELD
"Oh no! That really is nothing, she is",Neutral,MELD
"Ohh!  Phoebe, this is all your fault! Now he loves her, hes gonna marry her, and this is all your fault.",Anger,MELD
You know where I work!,Neutral,MELD
I do?,Neutral,MELD
"The movie theatre, you used to come in all the time.",Neutral,MELD
You still work at the multiplex?,Neutral,MELD
"Oh, like Id give up that job! Free popcorn and candy, anytime I want. I can get you free posters for your room.",Joy,MELD
"Thanks, Im set. Do you still live with your parents?",Neutral,MELD
"Oh yeah, but I can stay out as late as I want.",Neutral,MELD
Nice car!,Joy,MELD
"Yeah, its not mine.",Neutral,MELD
I love your car.,Joy,MELD
"Yeah, its  mine.",Neutral,MELD
I bet its fast.,Neutral,MELD
"Me too! Yeah. And comfortable. Do uh, do you like leather seats?",Neutral,MELD
Yeah!,Joy,MELD
Its got em!,Joy,MELD
"Joey, please!",Fear,MELD
Sorry.,Neutral,MELD
Ahhh..,Anger,MELD
Hello children!,Joy,MELD
Hey! Wanna play some foosball? Please?,Neutral,MELD
Okay.,Neutral,MELD
"No-no, no! We have to move the table into my room, yeah! 'Cause of all the boxes. Come on!",Neutral,MELD
"All right, I have one question.",Neutral,MELD
Bye-bye little puppet Joey hand?,Neutral,MELD
"No, the quiet down thing!",Anger,MELD
You mean this.,Neutral,MELD
"Um-hmm! Look, I-I-I don't know how much more of this I can take! Did you know he taped over my",Anger,MELD
"All right look, y'know, this maybe tough but come on, this is Ross! I survived college with him!",Neutral,MELD
"All right, I guess I can hold out a little longer. Let's have a game.",Neutral,MELD
Okay.,Neutral,MELD
No-no-no-no!,Fear,MELD
YES!!,Joy,MELD
"Uh fellas,",Neutral,MELD
"Okay, so he's out of here.",Neutral,MELD
"Okay y'know what, because you said that, I'm not putting out tonight.",Neutral,MELD
I know it doesn't make much sense,Neutral,MELD
Much,Neutral,MELD
"Look Chandler, it was instinct! Okay? I just went for it!",Anger,MELD
"So you risked your life, for a sandwich!",Joy,MELD
"I know it sounds crazy, but Chandler this is  the greatest sandwich in the world!",Joy,MELD
"So you didn't uh, choose Ross before me.",Sadness,MELD
No! I would never do that! You-you're like my brother!,Sadness,MELD
Really?!,Surprise,MELD
"Yeah! In fact, to prove how much you mean to me,  here.",Neutral,MELD
Thanks.,Joy,MELD
"No, eh, oh-oi, easy, it's not a hot dog!",Anger,MELD
How good is that?,Neutral,MELD
"Oh-oi-ho, yeah!",Joy,MELD
See?,Neutral,MELD
"Oh-whoa-hey, dude, what are you doing?!",Surprise,MELD
I thought you were showing me how much you mean to me.,Surprise,MELD
Yeah. With a bite!  Gee-e-e-eez!,Joy,MELD
Check out the ring.,Joy,MELD
Nice! One and a half carat easy.,Joy,MELD
Hi.,Neutral,MELD
Hey-hey Pheebs!,Joy,MELD
Chandlers gonna ask Monica to marry him!,Joy,MELD
"Oh I know, I helped pick out the ring.",Neutral,MELD
You told her before you told us?,Surprise,MELD
"Well, she walked in when I was looking at the ring brochures. You can understand that, right?  Guys? Guys?",Fear,MELD
Let's see.,Neutral,MELD
"Congress is debating a new deficit reduction bill... the mayor wants to raise subway fares again... the high today was forty-five... and- oh, teams played sports.",Neutral,MELD
What about Glen? He could be a Glen.,Neutral,MELD
Nah... not-not special enough.,Neutral,MELD
Ooh! How about Agamemnon?,Neutral,MELD
Waaay too special.,Neutral,MELD
Hey Pheebs!,Joy,MELD
Hey!,Joy,MELD
Check it out.  How much of a man am I?!,Joy,MELD
Wow! Nice! Manly and also kind of a slut.,Joy,MELD
"Yknow, Im beginning to see what Jake was talking about.",Neutral,MELD
Uh-huh.,Neutral,MELD
The silk? Feels really good!,Joy,MELD
"Ah yeah, sorry about that.",Sadness,MELD
"Its okay. Come, come on in.",Neutral,MELD
"Thanks for letting me stay here! I mean Monicas place was nice, but her fiancée sure stares a lot.",Joy,MELD
Oh.,Neutral,MELD
Oh my God! You do a great Chandler!,Surprise,MELD
"Uh-huh. Yeah, I-I have a knack for impressions.",Neutral,MELD
"Well, maybe after we get reacquainted uh, you can do me.",Joy,MELD
YeahNo!!,Disgust,MELD
"Hey! You guys! Check it out, check it out!  Guess which job I got.",Joy,MELD
"I dont know, but Donald Trump wants his blue blazer black.",Neutral,MELD
What?,Neutral,MELD
Blue blazer back. He-he wants it back.,Neutral,MELD
But you-you said black. Why would he want his blue blazer black?,Neutral,MELD
"Well, you-you know what I meant.",Neutral,MELD
"No, you messed it up. Youre stupid.",Anger,MELD
So what job did you get Joe?,Neutral,MELD
"Oh, ah, tour guide at the museum. Yeah, Ross got it for me.",Neutral,MELD
"Well, how can you be a tour guide, dont you have to be a dinosaur expert or something?",Neutral,MELD
I just walked in the bathroom and saw Kathy naked! It was like torture!,Anger,MELD
"Y'know if we ever go to war and youre captured, youre in for a",Neutral,MELD
It just keeps getting worse and worse!,Anger,MELD
"I mean its bad enough that Im in love with my roommates girlfriendwhich by the way, I think she knows.",Neutral,MELD
Because every time were in the room together theres this weird like energy between us.,Neutral,MELD
"And call me crazy, but I think she likes me too.",Neutral,MELD
And now I have seen her naked.,Neutral,MELD
"I mean at least when Ive seen her with clothes on, I could imagine her body was like covered in boles or something.",Neutral,MELD
"But there are no boles, shes smooth!",Neutral,MELD
Smooth!,Neutral,MELD
Wow! Could everyone totally see up his robe?,Surprise,MELD
Yeah! Oh my God!,Surprise,MELD
"So, you and Angela, huh?",Surprise,MELD
Yep. Pretty much.,Joy,MELD
"Oh, that's what she meant!",Surprise,MELD
"You know, if they're    gonna shorten it, they should call it the MUSE!",Neutral,MELD
"You know, short for museum,    and avoid all the confusion!",Neutral,MELD
"Yeah, most of it it's a place",Neutral,MELD
"Ok, all right, so I'll take her to the MET.",Neutral,MELD
"Yeah, uh, uh, ok, there's this great rare bookstore on Madison    Avenue.",Neutral,MELD
You know what?,Neutral,MELD
"She loves architecture, you know what you should do?",Neutral,MELD
You should take a walk down fifth to the Saint Patrick's Cathedral and there    there's this great little pastry shop that she'd love.,Joy,MELD
"Geez, sounds like you should be going on this date!",Surprise,MELD
But I'm not! . You know what if you're in the mood for    Thai food...,Neutral,MELD
"Whoa, whoa, whoa! Slow down, you go",Surprise,MELD
Ok.,Neutral,MELD
You got to tell me exactly what to do there.,Neutral,MELD
"Ok, when you walk in the museum, take the right, that's the antiquities    wing.",Neutral,MELD
"Ancient Egypt, Mesopotamia, up to the Byzantine Empire.",Neutral,MELD
"Whoa, whoa, whoa, whoa, whoa! So, I walk in the door and make    the right",Surprise,MELD
Hey!,Joy,MELD
"Hey, so did everything go all right with the annulment?",Neutral,MELD
"Oh, yeah, no problems. Its all taken care of.",Neutral,MELD
"Ross, thank you. Hey, do you guys wanna go see a movie?",Neutral,MELD
"Oh yeah, why not?",Neutral,MELD
Pheebs?,Neutral,MELD
"No thanks, Ive already seen one.",Neutral,MELD
"Okay, umm, Im gonna get my sweater.",Neutral,MELD
"Okay.  You uh, you wanna hear something weird?",Joy,MELD
Always.,Neutral,MELD
I didnt get the annulment.,Sadness,MELD
What?!,Surprise,MELD
Were still married! Dont tell Rachel. See you later.,Joy,MELD
Hey! Are you okay?,Neutral,MELD
Fabulous.,Joy,MELD
"Listen, drama critics theyre nothing but, but people who couldnt make it as actors. You know what you should do?",Joy,MELD
"Exactly. So you didnt, didnt mention anything to Issac right?",Fear,MELD
"Oh, well I tell Issac everything.",Neutral,MELD
"You tell, of course you do. Issac. Issac. Hey, Issac. Issac, hi! Y'know we havent actually met...",Neutral,MELD
You dog!,Joy,MELD
"Yes, I suppose I am a dog. But Issac, see I-I happen to have a girlfriend.",Neutral,MELD
"Oh right, that Rachel chick from the coffee place.",Neutral,MELD
"Yeah, thats the one. Listen, I dont want to hurt her.",Neutral,MELD
"Oh, hey, man I know, doesnt matter how much we love em, monogamy is too cruel a rule.",Neutral,MELD
"Yeah. Listen, can you keep this information to yourself?",Neutral,MELD
"Aw, no problem dude. Y'know we got to look out for each other. Were the same, you and me.",Neutral,MELD
"Actually, no, were not.",Joy,MELD
"Yeah, we are.",Neutral,MELD
"No, were not.",Neutral,MELD
"Yeah, we are.",Neutral,MELD
"No, were not!!",Anger,MELD
"Okay, were not.",Neutral,MELD
Right.,Neutral,MELD
"But, we are.",Neutral,MELD
Fine. I just need to know that youre not gonna tell your sister.,Neutral,MELD
I can promise not to tell her again.,Neutral,MELD
Emily!,Joy,MELD
Oh my God! What are you doing here?,Surprise,MELD
"I just, I had to see you one more time before you took-off.",Joy,MELD
You are so sweet.,Joy,MELD
"Thats, thats, thats a big candy bar. (Shes holding one of those huge",Sadness,MELD
Me too.,Neutral,MELD
"Well, that me.  Here, have this.  Im only allowed one piece of carryon anyway.",Neutral,MELD
"Wait uh, listen.",Neutral,MELD
"I-I, I have to tell you something.",Fear,MELD
"Umm, Ive been thinking, Im just gonna come out and say it.",Fear,MELD
Okay?,Fear,MELD
"I-I-I ah, I-I think I love you.",Joy,MELD
Oh.  Thank you.,Neutral,MELD
Thats no problem.,Neutral,MELD
Monica!,Surprise,MELD
Shes sleeping.,Neutral,MELD
"I know, just quick-quick question, quick question. Which one was",Neutral,MELD
Deep Impact,Neutral,MELD
"Sorry, I justcant sleep.",Surprise,MELD
Ooh!,Anger,MELD
"Where is that book that you are reading with the two women who were ice-skating and wearing, wearing those hats with the flowers on it?",Neutral,MELD
Because every time I look at that cover Im like,Neutral,MELD
It is in the living room where there is also a light! And no one will kick you in the shin.,Neutral,MELD
"Hey Ross! So, I was checking out the uh, real estate section",Sadness,MELD
Yeah?,Neutral,MELD
Look at this.,Neutral,MELD
"Oh, it looks like mom and dads house.",Neutral,MELD
"Oh, it even has a tree with a broken limb out front and the uh, the window in the attic isOh my God!",Surprise,MELD
What? What happened to the window in the attic?!,Surprise,MELD
I cant believe mom and dad are selling the house!,Anger,MELD
I cant believe they-they didnt even tell us!,Joy,MELD
I cant believe I still dont know what happened to the,Surprise,MELD
Nothing?,Neutral,MELD
"Look, you and I have been given a gift.",Neutral,MELD
We have to do something with it.,Neutral,MELD
"Like-like, hand modeling!",Joy,MELD
Or-or magic!,Joy,MELD
I have to get back to,Neutral,MELD
Whoa!,Surprise,MELD
Whoa!,Surprise,MELD
We could have our own show!,Joy,MELD
Y'know we could clap our hands together people will love it!,Joy,MELD
Huh?,Anger,MELD
And-and-and I wrote a song for us!,Joy,MELD
"(Singing, to the tune of",Joy,MELD
That's okay.,Neutral,MELD
But you haven't even heard the chorus!,Neutral,MELD
"Well, shell understand right? Its not like I did it on purpose.",Sadness,MELD
"Dad, that wont matter to her.",Neutral,MELD
"Look, all my stuff is safe and dry and all hers is-is, is growing new stuff!",Anger,MELD
"See, this is exactly the kind of thing that makes her think you guys love me more than you love her.",Anger,MELD
"Oh my God, does she really thinks that?",Surprise,MELD
"Well, can you blame her?",Sadness,MELD
"Well I dont know, I-I suppose we may have favored you unconsciously, you were a medical marvel! The doctor said your mother could",Joy,MELD
"Dad, dad I dont want to hear about it.",Sadness,MELD
Really?,Surprise,MELD
"Well, not right now.",Neutral,MELD
"Okay look, Monica came here for some memories and damnit, were gonna give her some!",Neutral,MELD
"Okay, grabgrab some empty boxes.",Neutral,MELD
Okay?,Neutral,MELD
Well-well take stuff from mine and whatever we can pass off as hers well-well put em in there.,Joy,MELD
"Yknow Joey, I could teach you to sail if you want.",Joy,MELD
You could?,Surprise,MELD
Yeah! Ive been sailing my whole life. When I was fifteen my dad bought me my own boat.,Joy,MELD
Your own boat?,Surprise,MELD
What?! What?! He was trying to cheer me up! My pony was sick.,Surprise,MELD
Hes coming here for Thanksgiving!,Joy,MELD
Count in our heads as-as good,Anger,MELD
I guess I'm done.,Neutral,MELD
Fun’s over,Joy,MELD
"Wait-wait, guys! If-if we follow the rules, it's still fun and it means something!",Fear,MELD
I think I'm gonna take-off.,Neutral,MELD
"Guys, rules are good! Rules help control the fun!  Ohhh!",Joy,MELD
Dehydrated Japanese noodles under fluorescent lights... does it,Neutral,MELD
"Question. You're not dating anybody, are you, because I met somebody who would be perfect for you.",Neutral,MELD
"Ah, y'see, perfect might be a problem. Had you said 'co-dependent', or 'self-destructive'...",Neutral,MELD
Do you want a date Saturday?,Neutral,MELD
Yes please.,Neutral,MELD
"Okay. He's cute, he's funny, he's-",Neutral,MELD
He's a he?,Surprise,MELD
Well yeah!,Surprise,MELD
...Oh God.,Fear,MELD
"I- just- I thought- Good, Shelley.",Anger,MELD
I'm just gonna go flush myself down the toilet now...,Disgust,MELD
"Okay, goodbye...",Disgust,MELD
"Well, it's official there are no good movies.",Sadness,MELD
"Well, let's go to a bad one and make out.",Neutral,MELD
"Perhaps, you would like me to turn like this,  so that you can bunny bump against my back.",Neutral,MELD
Hey!,Surprise,MELD
Hey.,Neutral,MELD
"Hey, man. What's up?",Neutral,MELD
Maybe you can tell me.,Neutral,MELD
My agent would like to know why I didn't show up at the audition I didn't know I had today.,Anger,MELD
The first good thing she gets me in weeks.,Neutral,MELD
How could you not give me the message?,Anger,MELD
"Well, I'll tell ya I do enjoy guilt, but, ah, it wasn't me.",Anger,MELD
"Yes, it was! It was him! Uh huh!  Okay, it was me!",Anger,MELD
"See Joe, that's why your parents told you not to jump on the bed.",Neutral,MELD
Can I ask you something? Have you ever had a guy have a crush on you?,Neutral,MELD
Is that why you wanted to tie my tie?,Surprise,MELD
Theres this kid in my class who said hes in love with me.,Sadness,MELD
Whoa!,Surprise,MELD
Whoa what?,Surprise,MELD
Ross has a boyfriend.,Neutral,MELD
I do-I do,Joy,MELD
Really?,Surprise,MELD
Yeah!,Joy,MELD
I dont know.,Neutral,MELD
"I mean, last year Elizabeth now-now this kid.",Anger,MELD
What-what-what-what is it?!,Joy,MELD
Am I giving out some kind ofsexy professor vibe?,Anger,MELD
Not right now.,Neutral,MELD
It-itThe point is my natural charisma has made him fail his midterm.,Sadness,MELD
"Oh, see now I feel bad for the kid!",Sadness,MELD
I had a crush on a teacher once and it was so hard!,Joy,MELD
Yknow youI couldnt concentrate and I blushed every time he looked at me.,Neutral,MELD
"I mean come on, you remember whats its like to be 19 and in love.",Neutral,MELD
Oh yes! Thank you very much!  Oh thats-thats actually how the French drink it.,Joy,MELD
A new pair of shoes for the Chan-Chan man!  Yes!,Joy,MELD
Yes! I've-I've never seen a roll like this in my life!,Joy,MELD
"That's right baby! Okay, what do I want now?",Joy,MELD
"Okay, ah umm, ah, a 8. Ah, a 6?",Neutral,MELD
Pick a number! That is your,Neutral,MELD
8. 8!,Joy,MELD
Thank you!,Joy,MELD
"If you get this one, we buy everybody here a steak dinner!",Joy,MELD
"Yeah, I understand.",Neutral,MELD
Take as much time as you want.,Neutral,MELD
"Ten, even twenty minutes if you need it.",Neutral,MELD
Ill be here.,Sadness,MELD
Not smoking.,Sadness,MELD
"Were really gonna do this, huh?",Surprise,MELD
Looks like it.,Neutral,MELD
"Yknow, if, if this is too weird for you, we can still back out at",Neutral,MELD
I got it!,Joy,MELD
Okay.,Neutral,MELD
Susan! Hi!,Joy,MELD
Hey!,Joy,MELD
Thank you so much for coming.,Joy,MELD
"Oh, I wouldnt miss it for the world.",Joy,MELD
Im-Im Ross by the way.,Neutral,MELD
Hello Ross.  I love what youve done with this space.,Joy,MELD
Thank you so much.,Joy,MELD
How hot is this?!,Surprise,MELD
"Guess who's here. It's the toughest guy in toy land, Ben.  'A real American hero. I'm",Neutral,MELD
G.I. Joe,Neutral,MELD
"Look Ben, it's a toy that protects U.S. oil interests overseas!",Joy,MELD
"It took me 28 years to find one man that I wanna spend my life with, if I have to wait another 28 years then, I'll be 56 before I can have a baby, and that's just stupid.",Sadness,MELD
"That, that's what's stupid.",Disgust,MELD
"I don't need an actual man, just a couple of his best swimmers.",Neutral,MELD
"And there, there are places you can go to get that stuff.",Neutral,MELD
Down at the docks again?,Anger,MELD
"Hi there. How many, how many ah, did you sell?",Neutral,MELD
Im not gonna tell you! Youre the bad man who broke Sarahs leg.,Anger,MELD
"Hey now! That was an accident, okay.",Anger,MELD
Youre a big scrud.,Anger,MELD
Whats a scrud?,Neutral,MELD
"Why dont you look in the mirror, scrud.",Anger,MELD
I dont have too. I can just look at you.,Joy,MELD
"All right girls, and man. Lets see your final tallies.  Ohhhh, Debbie,  321 boxes of cookies,  Very nice.",Joy,MELD
Not nice enough.,Anger,MELD
"Charla, 278. Sorry, dear, but still good.",Neutral,MELD
"So, howd the lasagne go over?",Neutral,MELD
Really?!,Surprise,MELD
Good.,Neutral,MELD
So you owe me three pretty things.,Neutral,MELD
"Yeah, Ive been thinking a lot about you too.",Neutral,MELD
Its hard this whole platonic thing.,Sadness,MELD
Its a word!,Surprise,MELD
"Yeah, I do think its better this way.  Yeah, were being smart.   Yes, Im sure.",Neutral,MELD
You really sure?,Neutral,MELD
Ill call you back.,Neutral,MELD
"So, are you really gonna go out with that nurse man?",Surprise,MELD
"Well uh, you and I are just goofing around, I thought, why not goof around with him.",Neutral,MELD
"Y'know, I don't know if you've ever looked up the term goofing around in the dictionary Well, I have, and the technical definition is, two friends who care a lot about each other and have amazing sex and just wanna spend more time together.",Neutral,MELD
"But if you have this new fangled dictionary that gets you made at me, then we have to, y'know, get you my original dictionary.",Neutral,MELD
I am,Neutral,MELD
I think you're better than you think you are.,Neutral,MELD
"Really? Okay, so",Surprise,MELD
Know when to stop.,Neutral,MELD
"Y'know, I sensed that I should stop. So we're okay?",Neutral,MELD
"Yeah. All right, I'm gonna go tell Dan that it's not gonna happen.  Don't do the dance.",Neutral,MELD
Right!,Joy,MELD
"Ow!-Ow!-Ow! Ow! Ow! Ow! Ow! Ow! Ow! Y'know, ow!",Anger,MELD
Hey!-Hey! Whats going on?,Surprise,MELD
She broke my arm.,Anger,MELD
He touched my fanny.,Anger,MELD
"No, she touched mine first!",Anger,MELD
Thats my job!,Anger,MELD
Are you being British?!,Surprise,MELD
No. Not anymore.,Neutral,MELD
Why are you shopping here? You don't live in this neighborhood. Were you here waiting for me?,Surprise,MELD
"Yeah, huh. I'm just uh, you know I'm just picking up some things for a party.",Neutral,MELD
Barley? What kind of party serves barley?,Anger,MELD
"Well, I'm sorry if my friends aren't as sophisticated as yours.",Anger,MELD
Where is this party?,Neutral,MELD
Here in Chelsea.,Neutral,MELD
Who's party is it?,Anger,MELD
A woman's,Neutral,MELD
What woman?!,Anger,MELD
Chelsea.,Neutral,MELD
"Either you're seeing somebody behind my back, which would make you the biggest jerk on the planet.",Disgust,MELD
"Or, else you're pretending that you're seeing somebody, which just makes you so pathetic that I could start crying right here in the cereal aisle.",Disgust,MELD
So like which of these two guys do you want to be?,Sadness,MELD
Can I be that guy?,Joy,MELD
Great story again! The yarns that you weave! Woo-hoo-hoo!,Joy,MELD
"Yknow uh, actually I-I-I should get going.",Anger,MELD
Oh no-no-no! Stay! Stay! Because you-you should you-you-you should stay!,Fear,MELD
"Wow. Oh, I am really flattered, but I just I dont feel that way about you.",Surprise,MELD
"Oh no-no-no, thats notNo-no-no!",Anger,MELD
Did you just flick me?,Anger,MELD
"OK, well, you wouldn't let me finish and I was jus- [Monica flicks her back] Ow. That hurt [flicks Monica]",Joy,MELD
"Oh!  All right.  Now, let's not do this!",Anger,MELD
Happy thoughts!  Happy thoughts!,Anger,MELD
"OK, now I'm gonna kick some ass.",Anger,MELD
Ow! Ow! Ow!,Anger,MELD
"Alright, now I will let go if you both stop.",Neutral,MELD
Fine!,Anger,MELD
Fine!,Anger,MELD
"There we go.You know what, if we were in prison, you guys would be, like, my bitches.",Neutral,MELD
"Okay, buddy-boy. Here it is. You hide my clothes, I'm wearing everything you own.",Neutral,MELD
Oh my God!,Surprise,MELD
Look at me! I'm Chandler! Could I,Joy,MELD
"Whew, it's hot with all of this stuff on.",Neutral,MELD
"I ah, I better not do any, I don't know, lunges.",Neutral,MELD
Hi.,Neutral,MELD
Hi.,Neutral,MELD
"Hi, listen, Im sorry about before.",Sadness,MELD
I dont need to have a game room.,Neutral,MELD
"I mean when I was a kid I only played those games because I couldnt get girls, and now I",Neutral,MELD
Stop it Chandler.  Im sorry too.,Sadness,MELD
Really?,Surprise,MELD
Yeah! Oh yes!,Anger,MELD
Ohh.,Neutral,MELD
"Listen, we dont have to make that a guest room, we can think of something to do with the room together.",Joy,MELD
Thats a great idea! We can,Joy,MELD
Totally!,Joy,MELD
We dont have to come up with this now.,Neutral,MELD
Oh good.,Joy,MELD
"Yeah, and I am okay with being a pushover.",Neutral,MELD
Thats great. Good for you guys.,Joy,MELD
I am not high maintenance!,Anger,MELD
I am not a pushover!,Anger,MELD
Who said you were?,Neutral,MELD
You did!,Anger,MELD
"Oh, Im flaky. Ill say anything.",Neutral,MELD
"Ok, I know this is gonna sound really stupid, but I feel that if I can do this, you know, if I can actually do my own laundry, there isn't anything I can't do.",Joy,MELD
That does not sound stupid to me.,Neutral,MELD
"You know, it's like the first time I had to make dinner for myself, after Carol left me?",Neutral,MELD
"I'm sorry, that's all the time we have.",Sadness,MELD
Next on Ross... Uh-oh.,Neutral,MELD
What uh-oh?,Joy,MELD
"Uh-oh, uh-oh, the laundry's done.",Fear,MELD
"It's, uh, it's a song.",Neutral,MELD
The laundry song that we sing.,Neutral,MELD
"Uh-oh the laundry's done, uh-oh, uh-oh.",Neutral,MELD
"Ross, what's the matter?",Anger,MELD
"Nothing, nothing. Lee-lo, the laundry's done.",Neutral,MELD
Why are you here?,Surprise,MELD
"Well, Sid and I are trying again and we had trouble last time    because apparently we...",Sadness,MELD
"No no no... I mean,",Neutral,MELD
Oh! Someone's a little cranky today cuz they have to do it in    a cup!  Oh! They gave you the kiddy size .,Anger,MELD
What!?,Surprise,MELD
This was fun! But I've got an invasive vaginal exam to get to!,Joy,MELD
"I'd love to stay, but I have eh...  got    a hot date...",Joy,MELD
Please... go!  Just let me know if you    need a hand!,Neutral,MELD
I think it just fell off.,Neutral,MELD
"I don't want to be single, okay? I just... I just- I just wanna be married again!",Sadness,MELD
And I just want a million dollars!,Fear,MELD
Rachel?!,Surprise,MELD
Yeah.,Neutral,MELD
"Look, these clowns are trying to take us for a ride and I'm not gonna let 'em!",Anger,MELD
And we're not a couple of suckers!,Anger,MELD
"I hear ya, Mugsy!",Neutral,MELD
"But look, all these rooms are fine okay?",Neutral,MELD
"Can you just pick one so I can watch--have a perfect, magical weekend together with you.",Anger,MELD
"Okay,",Neutral,MELD
Nothing! It's over! Dammit! This is regularly scheduled programming!,Anger,MELD
Can we turn the TV off? Okay? Do we really want to spend the entire weekend like this?,Disgust,MELD
"Oh, I'm sorry, am I getting in the way of all the room switching fun?",Anger,MELD
"Hey, don't blame me for wigging tonight!",Anger,MELD
"Oh, who should I blame? The nice bell man who had to drag out luggage to 10 different rooms?",Anger,MELD
"I don't know, how about the idiot who thought he could drive from Albany to Canada on a half a tank of gas!",Anger,MELD
Do not speak ill of the dead.,Anger,MELD
"We're supposed to uh, be spending a romantic weekend together, it-it, what is the matter with you?",Anger,MELD
"I just want to watch a little television. What is the big deal? Geez, relax mom.",Sadness,MELD
What did you say?,Anger,MELD
"I said, ""Geez, relax Monnnnn.""",Fear,MELD
"Yknow, maybe its best that we never got to do it again.",Neutral,MELD
"Yeah, it kinda makes that-that one night special.  Yknow, technically we still",Neutral,MELD
"Im gonna go to the bathroom, maybe Ill see you there in a bit?",Neutral,MELD
Kay!,Neutral,MELD
Can I ask you something?,Neutral,MELD
"Uhh, no.",Neutral,MELD
"Felicity and I, were watching",Neutral,MELD
No.,Neutral,MELD
"I mean, the giant is like five years younger than me, yknow, you think Ill ever get there?",Neutral,MELD
Yes.,Neutral,MELD
Thanks man.,Neutral,MELD
Okay man.,Neutral,MELD
But what about how much taller he is than me?,Neutral,MELD
"I mean, theres no way I can make myself taller now, yknow?",Neutral,MELD
"And who knows what science will come up with in the future, but Chandler, what if I die an unsuccessful, regular sized man?",Anger,MELD
"Hey, Monica, wow youve been in the bathroom for like a half-hour.",Surprise,MELD
I know!,Anger,MELD
"Had the beef-tips, huh?",Neutral,MELD
"Good-bye and God speed, Hope Brady.",Neutral,MELD
Not so fast Wesley!,Anger,MELD
Ramoray!,Sadness,MELD
"Thats right Wesley! I just stopped by to say that, youre not a real doctor! And that womans brain, is fine!",Anger,MELD
Oh! Thank God!,Joy,MELD
Hope! Hope!,Joy,MELD
Drake!,Joy,MELD
"Youre not dying Hope, youre gonna live a long, healthy life. With me.",Joy,MELD
Oh Drake.,Joy,MELD
Okay!,Joy,MELD
Here we go!,Joy,MELD
Okay!,Joy,MELD
"Hi, Joey!",Joy,MELD
Its Rachel!,Joy,MELD
"Umm, I am free tomorrow night.",Neutral,MELD
"Yeah, sure, sure I can bring some sandwiches.",Neutral,MELD
"OK, we got the cole slaw, we got the buns...",Neutral,MELD
"We've got the ground-up flesh of formerly cute cows and turkeys, ew...",Disgust,MELD
Men are here.,Neutral,MELD
"Mom, would you relax.",Sadness,MELD
"That was 10 blocks from here and, the, the woman was walking alone at night, I would never do that.",Sadness,MELD
"Mom, c'mon, stop worrying.",Fear,MELD
"This is a safe street, this is a safe building, there's nothing",Neutral,MELD
Hi.,Neutral,MELD
"Hi, hi can I help you?",Joy,MELD
"Yeah, I'm looking for Phoebe, does she still live here?",Neutral,MELD
"Uh, no she doesn't but I can, I can get a message to her.",Neutral,MELD
"Great. Uhh, just tell her her husband stopped by.",Neutral,MELD
What?,Surprise,MELD
"Hey, how, how did you do that?",Surprise,MELD
"Alright, somebody.",Neutral,MELD
"OK, I'll go. OK, senior year of college... on a pool table.",Neutral,MELD
Whoooaa!,Surprise,MELD
That's my sister.,Neutral,MELD
OK... my weirdest place would have to be... the women's room on the second floor of the New York CIty public library.,Neutral,MELD
Oh my God! What were you doing in a library?,Surprise,MELD
"Pheebs, what about you?",Neutral,MELD
Oh... Milwaukee.,Neutral,MELD
Um... Ross?,Neutral,MELD
"Disneyland, 1989, 'It's a Small World After All.'",Neutral,MELD
No way!,Surprise,MELD
The ride broke down.,Neutral,MELD
"So, Carol and I went behind a couple of those mechanical Dutch children... then they fixed the ride, and we were asked never to return to the Magic Kingdom.",Joy,MELD
"Oh, Rachel.",Neutral,MELD
Hey!,Joy,MELD
Hey!,Joy,MELD
"Oh, is the play over?",Neutral,MELD
Yeah. Where were you?,Neutral,MELD
"Thank you for your patience, youre the next caller.",Neutral,MELD
You were the next caller five hours ago. You must be going crazy.,Joy,MELD
Nah. I kept myself busy.,Neutral,MELD
"Oh, okay, yeah.  I put your stuff in her room, and her stuff in your room.",Neutral,MELD
"Well theres yore. And uh, yknow, yesteryear.",Neutral,MELD
"Yeah no, Im telling you Rachel has such a great eye for this stuff.",Neutral,MELD
"Ross, yknow if you ever decide you need to redecorateAnd I think that you should.",Neutral,MELD
"You should, you should ask Rachel to help.",Neutral,MELD
Oh honey he doesnt need my help.,Neutral,MELD
"Oh, come on! I think hes ready to get rid of, what did you call it? The cheap knock-offs and dinosaur junk.",Joy,MELD
Really?!,Surprise,MELD
"Hey, yknow what?",Surprise,MELD
"Since you have such a great sense of what I need, uh ooh, heres-heres 60 bucks, why dont you take Phoebe down to that Colonial flea market of yours and get me some stuff.",Neutral,MELD
"Yknow what? I dont, I dont think Phoebe really wants to come.",Joy,MELD
No! I do want to!,Joy,MELD
"Oh, she does want to.",Neutral,MELD
She does want to.,Neutral,MELD
Yeah!,Joy,MELD
"Wow, you have really pretty feet.",Surprise,MELD
These old things.,Sadness,MELD
"Would you mind spending some time on my siadic area, its been killing me today.",Anger,MELD
"You mean theOkay by siadic, you mean the towel covered portion.",Neutral,MELD
Yeah.,Neutral,MELD
"Sure, yeah, no I can do that, yeah, because umm, y'know, the muscles in the siadic area can get yknow, real  nice and tight.",Neutral,MELD
"So umm, tell me Rick, how umm, how did you injure the area.",Surprise,MELD
"Oh, a 16-hour sit-in for Greenpeace.",Neutral,MELD
Oh.,Neutral,MELD
Ow! Did you just bite me?,Surprise,MELD
No!,Surprise,MELD
"Um, that's it.",Neutral,MELD
No.,Neutral,MELD
Crew guy.,Neutral,MELD
Yeah.,Neutral,MELD
Why have you been following me?,Anger,MELD
"I mean, all week long everywhere I look there's you.",Neutral,MELD
"You wouldn't return my calls, you sent back my letters....",Sadness,MELD
What?,Surprise,MELD
"One more chance Ursula, please?",Sadness,MELD
Okay.,Neutral,MELD
"Okay, and then this is the coffee house. This is where I play my music.",Neutral,MELD
Good deal.,Joy,MELD
Here you go.,Neutral,MELD
Thank you.,Neutral,MELD
Hi!,Joy,MELD
"Hi! All right, lets go shoppin!!",Joy,MELD
"Um, y'know, before we go ah, theres something I need to say.",Fear,MELD
"Oh, okay.",Neutral,MELD
"Ive kinda of had this ah, this crush on you.",Fear,MELD
"But since you were with Ross, I-I didnt do anything about it.",Joy,MELD
"But, now that youre not, Id really like to ask you out sometime.",Fear,MELD
"So-so thats-thats what Im doing, now.",Fear,MELD
Wow! Umm....,Surprise,MELD
I dropped a cup.,Neutral,MELD
"Hello, tiny embryos.",Neutral,MELD
"Well, Im-Im Phoebe Buffay, hi!",Joy,MELD
Im-Im-Im hoping to be your uterus for the next nine months.,Joy,MELD
"You should know, that were doing this for Frank and Alice, who you know, youve been there!",Joy,MELD
"Umm, yknow they want you so much, so when you guys get in there, really grab on.",Joy,MELD
"Okay, and-and I promise that Ill keep you safe and warm until youre ready to have them take you home, so Oh!",Joy,MELD
"And also, umm next time you see me, Im screaming, dont worry, thats whats supposed to happen.",Neutral,MELD
Ready?,Neutral,MELD
Uh-huh.  Good luck.,Sadness,MELD
Then we have to await the data from recent MRI scans and DNA testing which call into question information gathered from years of simple carbon dating.,Neutral,MELD
"Look at that woman sitting by the pool getting tan... so leathery and wrinkled, I'm so",Sadness,MELD
I'm not your brother.,Neutral,MELD
What about my children Drake?! Huh!?  No!! No!! No! God!,Anger,MELD
Why don’t we try massaging the breast to stimulate the flow.,Neutral,MELD
Are you kidding me?!,Anger,MELD
It’s just so frustrating! Why doesn’t she want my breast?!,Anger,MELD
I don’t know! Maybe she’s crazy!,Anger,MELD
"Hey Joey, I got some beer for you.",Neutral,MELD
"Uh, don't you mean ""for whom?""",Neutral,MELD
"Sure, listen I was gonna order some pizza, you wanna share one?",Neutral,MELD
"Pizza, heh, its not like I never had that before...ba dum bum cheshhh.",Neutral,MELD
Is there something wrong?,Neutral,MELD
"All right, All right, let's just get this out in the open okay?",Neutral,MELD
You're hot.,Neutral,MELD
I'm lovable.,Neutral,MELD
Clearly there's a vibe going on between us.,Neutral,MELD
"But, we're roommates and it's a huge mistake for us to continue down this road.",Neutral,MELD
Joey...,Neutral,MELD
"Oh no its not, no its not. Its a first date. Im",Fear,MELD
"Ho-oh, hes gonna get some!",Joy,MELD
Of the glare from the streetlight out of his apartment.,Neutral,MELD
"Yknow so umm, hes closed the drapes there so he can have a nice, pleasant conversation with your little sister.",Neutral,MELD
"Well, Im off to bed!",Neutral,MELD
You were so funny with that waiter! You're such a nut!,Joy,MELD
"Y'know, breadstick fangs are always funny.",Joy,MELD
"No, you make them funny. You're the funny one!",Joy,MELD
"Uhh, look Katie, uh listen, we-we need to talk.",Fear,MELD
Okay?,Neutral,MELD
"Umm, look I like you.",Fear,MELD
"I-I really do, I like you a lot.",Fear,MELD
Okay?,Anger,MELD
"But sometimes when you, when you playfully punch me like that it-it feels like someone's hitting me with a very tiny but very",Joy,MELD
"Aww, like I could hurt you. Are you making fun of my size? Don't make fun of me because of my size!",Surprise,MELD
"Oh, Joey! Sorry!",Surprise,MELD
They made you head of the department!,Joy,MELD
"No, I get to teach one of his advanced classes!  Why didnt I get head of the department?",Joy,MELD
"Oh! Hey Rach, listen umm",Neutral,MELD
Yeah.,Neutral,MELD
"I got a big date coming up, do you know a good restaurant?",Neutral,MELD
"Uh, Pauls Café. They got great food and its really romantic.",Neutral,MELD
"Ooh, great! Thanks!",Joy,MELD
"Yeah! Oh, and then afterwards you can take her to the",Neutral,MELD
"You sure are naming a lot of ways to postpone sex, Ill tell ya",Neutral,MELD
"Ooh, I miss dating.",Sadness,MELD
Gettin all dressed up and going to a fancy restaurant.,Neutral,MELD
"Im not gonna be able to do that for so long, and its so much fun!",Joy,MELD
I mean not that sitting at home worrying about giving birth to a sixteen pound baby is not fun.,Neutral,MELD
"Hey, yknow what?",Neutral,MELD
Huh?,Neutral,MELD
Why dont I take you out?,Neutral,MELD
"What?! Joey, you dont want to go on a date with a pregnant lady.",Surprise,MELD
Yes I do!,Joy,MELD
"And were gonna go out, were gonna have a good time, and take your mind off of childbirth and c-sections and-and giant baby heads stretching out",Joy,MELD
Okay! Ill go with ya! Ill go! Ill go with ya.,Joy,MELD
Ill be fun.,Neutral,MELD
All right?,Neutral,MELD
Hi!,Joy,MELD
Hey!,Joy,MELD
"Joey, I gotta tell ya, I've been thinking",Neutral,MELD
"Oh, you know, the writing was good, and the director is good,    and... and my co-star's good",Joy,MELD
"God, you have to tell me what happens tomorrow!",Joy,MELD
"Ow, I'm just going over the script now! You wanna read lines with    me?",Surprise,MELD
"Me? Oh, no, I am not an actress.",Disgust,MELD
"Oh, all right, I can ask Monica.",Neutral,MELD
"Oh screw her, that part is mine!",Anger,MELD
"Right...  ok, so just from the top of the page, right here.",Neutral,MELD
"Okay. . Hello Drake, I'm surprised to see you    here.",Surprise,MELD
I can't believe you married him.,Surprise,MELD
But what choice did I have. He was keeping my sister    in a,Anger,MELD
So what about us? Everything we feel for each other.,Sadness,MELD
It's over! You,Joy,MELD
How can I?,Surprise,MELD
"Knowing I'll never hold you in my arms again,    or touch your skin, or feel your lips, knowing I'll never make love to you?",Sadness,MELD
How can I accept that...,Sadness,MELD
I can never kiss you again when it's all I can do not    to kiss you right now.,Sadness,MELD
Kiss me.,Joy,MELD
What?,Surprise,MELD
"Come on, you know, Thanksgiving. Ooh, you got the bigger half. What'd you wish for?",Joy,MELD
The bigger half.,Neutral,MELD
I'd like to propose a toast.,Joy,MELD
"Little toast here, ding ding.",Joy,MELD
"I know this isn't the kind of Thanksgiving that all of you all planned, but for me, this has been really great, you know, I think because it didn't involve divorce or projectile vomiting.",Joy,MELD
"Anyway, I was just thinking, I mean, if you'd gone to Vail, and if you guys'd been with your family, if you didn't have syphilis and stuff, we wouldn't be all together, you know?",Anger,MELD
So I guess what I'm trying to say is that I'm very thankful that all of your Thanksgivings sucked.,Joy,MELD
That's so sweet.,Joy,MELD
"And hey, here's to a lousy Christmas.",Joy,MELD
And a crappy New Year.,Joy,MELD
"Here, here!",Joy,MELD
"Now, hold on!",Anger,MELD
Hold on!,Anger,MELD
"Look, look, your daughter and I are supposed to leave tonight for our honeymoon, now-now you-you tell her that Im gonna be at that airport and I hope that shell be there too!",Anger,MELD
"Oh yeah, I said Rachels name, but it didnt mean anything, Okay?",Anger,MELD
Shes-shes just a friend and thats all!,Anger,MELD
Thats all!,Sadness,MELD
Now just tell Emily that I love her and that I cant imagine spending my life with anyone else.,Anger,MELD
"Please, promise me that youll tell her that.",Sadness,MELD
"All right, Ill tell her.  Come on bugger face!",Anger,MELD
Call me.,Neutral,MELD
"You spend half your life in the bathroom, why dont you ever go out the bloody window!",Anger,MELD
What happened?!!,Surprise,MELD
"Well, I dont know!!",Surprise,MELD
We fell asleep! That is all.,Neutral,MELD
"Yeah. Yep. Yeah. All right, well uh, Id better go.",Neutral,MELD
I think that would be best.,Neutral,MELD
"Yeah. All right, Ill talk to you later.",Neutral,MELD
Okay. But not about this!,Anger,MELD
No! Never! Never!  Bye.,Anger,MELD
No touch! No touch!,Neutral,MELD
"Umm ma’am, do you have a minute?  I kind of have some bad news. I don’t think I can move to Tulsa.",Sadness,MELD
What?,Surprise,MELD
"It’s a funny story, actually.",Neutral,MELD
"I kind of fell asleep  in the meeting this morning so when I said I’d move to Tulsa, I didn’t really  know what I was saying.",Neutral,MELD
You fell asleep?,Surprise,MELD
"But only because I was up all night worried about this  meeting, ain’t that funny?",Fear,MELD
Irony?,Surprise,MELD
"Not a fan, alright .",Neutral,MELD
"See, here’s  the thing.",Neutral,MELD
I went home and told my wife about Tulsa and she won’t go.,Neutral,MELD
"See, me, I  love Tulsa!",Joy,MELD
Tulsa is heaven!,Joy,MELD
Tulsa is Italy—Please don’t make me go  there!,Fear,MELD
"Chandler, I…",Joy,MELD
No no no!,Fear,MELD
"Look, Carol, can I call you Carol?",Neutral,MELD
Wh-why  would I when your name is Elaine?,Joy,MELD
"Oh what a great picture of your son,  strapping!",Joy,MELD
"That’s a picture of your daughter, isn’t it,  well she’s lovely.",Joy,MELD
I like a girl with a strong jaw.,Sadness,MELD
I’ll call you from Tulsa.,Neutral,MELD
Hi.,Neutral,MELD
Hey.,Neutral,MELD
How are you?,Neutral,MELD
"I'm not too bad. Fortunately, blue's my colour. How-how did you know I was here?",Neutral,MELD
Because... I'm Monica Geller. It was my credit card you were using.,Neutral,MELD
That I was not expecting.,Surprise,MELD
"I want you to know, it wasn't me who turned you in.",Neutral,MELD
Oh. Thanks.,Neutral,MELD
"No, thank you! You have given me so much! I mean, if it wasn't for you, I would never have gotten to sing",Joy,MELD
"Well, actually, you only got to sing 'Memo-'.",Neutral,MELD
I just can't believe you're in here.,Surprise,MELD
"I mean, what am I gonna do without you?",Sadness,MELD
Who's gonna crash the embassy parties with me?,Sadness,MELD
Who's gonna take me to the,Sadness,MELD
"Uh... Oh, Mindy, you are so stupid. Oh, we are both so stupid.",Disgust,MELD
What do you mean?,Neutral,MELD
Smell familiar?,Neutral,MELD
Oh no.,Fear,MELD
"Oh, I am so sorry.",Sadness,MELD
"No me, I am so sorry...",Sadness,MELD
Oh my.,Surprise,MELD
"Well, there's no way I'm gonna get a shot.",Fear,MELD
"Maybe they can take the needle and thquirt it into my mouth, you know, like a thquirt gun.",Fear,MELD
"Doctor, can I see you for just a minute please? My brother has a slight phobia about needles.",Neutral,MELD
Did you tell him about my thquirt gun idea?,Neutral,MELD
"My brother, the PhD would like to know if there's any way to treat this orally.",Neutral,MELD
"No, under these circumstances it has to be an injection, and it has to be now.",Neutral,MELD
Tho?,Neutral,MELD
Ohhh.,Fear,MELD
"That's good, have a seat.",Neutral,MELD
"Um, the doctor says it's gotta be a needle.",Neutral,MELD
"You're just gonna have to be brave, ok?",Neutral,MELD
Can you do that for me?,Neutral,MELD
Ok.,Neutral,MELD
Ok. Oh boy. You are doin' so good. You wanna squeeze my hand?,Neutral,MELD
Yes!,Fear,MELD
"All right, Ross, don't squeeze it so hard.",Neutral,MELD
"Honey, really, don't squeeze it so hard!",Anger,MELD
Let go of my hand!,Anger,MELD
Youre gonna love me so much. I got Sting tickets!!,Joy,MELD
Oh my God! I do love you! How did you do it?!,Joy,MELD
Welllets just say,Neutral,MELD
"Oo, where are the seats?",Joy,MELD
"Uh, middle balcony.",Neutral,MELD
Youre a mean old woman.,Anger,MELD
No! Wait no! Shut upI mean dont cry! Let me get my checkbook!,Sadness,MELD
"Look honey, you dont have to do this, okay?",Surprise,MELD
Its the strength you have inside that means the most to me.,Joy,MELD
"Youre loyal, youre honest, and you have integrity!",Joy,MELD
Thats the kind of strength that I want in the man that I love!,Joy,MELD
That means nothing to me.  Come on!,Anger,MELD
"Oh! Hey, Mr. Treeger.",Fear,MELD
: What are you doing?,Neutral,MELD
Ummm. Oh! Im sorry.  Its a little old but,Joy,MELD
: No! Youre clogging up the chute that I spent a half-hour unclogging!,Anger,MELD
Im sorry. I didntI dont come in here a lot.,Sadness,MELD
": Oh yeah, of course you dont!",Anger,MELD
": Cause youre a little princess! ""Daddy, buy me a pizza. Daddy, buy me a candy factory. Daddy, make the cast of",Disgust,MELD
": You think you could make a mess and the big man in coveralls will come in here and clean it up, huh?",Anger,MELD
"Well, why dont think of someone else for a change?",Anger,MELD
"Okay, Im sorry.",Sadness,MELD
Hello!,Joy,MELD
What's this?,Neutral,MELD
Oh right its that girl's phone number.,Neutral,MELD
"Yeah-yeah, there it is, just a phone number a really hot girl gave me.",Joy,MELD
"It's no big deal, I mean it is her home phone number, but... Whoa!",Surprise,MELD
"Whoa-whoops, I almost lost this baby!",Joy,MELD
"Yeah, the lovely Amanda gives me her number and I-I go and drop it.",Anger,MELD
Thank you.,Neutral,MELD
I dont know how any of these got opened?!,Surprise,MELD
You opened them all?,Surprise,MELD
"I know! I know! I am a terrible person! I mean, Chandler is never going to trust me with anything ever again!",Joy,MELD
Oh hey! You got my parents gift!,Joy,MELD
Yeah. What is that?,Neutral,MELD
"Well, I dont know. I think it does something to salami.",Sadness,MELD
Hey! Howd it go?,Sadness,MELD
Yeah. What-what did Tag say?,Neutral,MELD
Tag is not the father! And Joey knows now?,Sadness,MELD
"I do Rach. I do, and I so happy for you.",Joy,MELD
"Oh wow, you didnt even try to unhook my bra!",Surprise,MELD
So are you ever gonna tell whoever it is?,Neutral,MELD
"No, I will. Im just not up for it tonight.",Neutral,MELD
"Hey Rach listen, no matter what this guy says I want you to know youre not gonna be alone in this.",Joy,MELD
Im not?,Surprise,MELD
Listen I uh  Its a scary world out there especially if youre a single mom.,Fear,MELD
"Yknow, I always felt like you and I have this-this special bond.",Neutral,MELD
"So,  Rachel Green will you marry me?",Joy,MELD
Thank you.,Neutral,MELD
If I cant have it you cant have it!,Anger,MELD
"I cant believe her, yknow its justits so typical.",Disgust,MELD
"Now Monica, I know youre upset, but dont forget.",Neutral,MELD
"There is going to be a wedding, you are going to throw the bouquet, and",Neutral,MELD
Paris?,Neutral,MELD
We will take a moonlit walk on the Rue de la .,Neutral,MELD
Keep talking.,Neutral,MELD
"Then we will sprinkle rose pedals on the bed and make love. Not just because its romantic, but because I can!",Joy,MELD
I love you!,Joy,MELD
Yes!,Joy,MELD
I win again!,Joy,MELD
Ha-ha!,Joy,MELD
Thats like 500 bucks you owe me!,Joy,MELD
Whoo-ho-hoo!,Joy,MELD
$500 that is a loooot of electricity!,Joy,MELD
Whoo-ho-ho!,Joy,MELD
I gotta buy some food.,Neutral,MELD
"Okay, give me a chance to win my money back. Okay? Sudden death, one goal, $1,000.",Neutral,MELD
You serious?,Surprise,MELD
Oh yes!,Anger,MELD
"Okay, get ready to owe me!",Joy,MELD
Okay.,Neutral,MELD
"Okay, here we go. Ready?",Neutral,MELD
No! No! No! Noone can beat me.,Anger,MELD
"See? Now, thats why only the little fake men are supposed to do all the kicking.",Fear,MELD
Who is that?!,Surprise,MELD
"Dont worry, Im brave!",Sadness,MELD
I am brave!,Fear,MELD
II am brave!,Fear,MELD
No-no-no-no!!,Fear,MELD
Can you tell me who is there please?,Neutral,MELD
Hi!,Joy,MELD
Hi. Do you know what time it is?,Neutral,MELD
Its candy time! My roommate says that they taste like little drops of heaven.,Joy,MELD
Oh please!  Did you hear that? Little drops of heaven.,Joy,MELD
4:00 A.M.,Neutral,MELD
"So, can I get some candy?",Neutral,MELD
"I am sorry, but some of us have to",Neutral,MELD
"Umm, listen I am sorry, but Ill put some out first thing in the morning.",Sadness,MELD
"Well okay, Ill swing by later. Do you live in this building?",Neutral,MELD
Um-hmm.,Neutral,MELD
Mm! Seems like I wouldve remembered you!,Surprise,MELD
Mm! Night Gar!,Neutral,MELD
Aaron! You gotta let me go. The guys hammered!,Joy,MELD
"Im sorry Joey, as long as hes here and hes conscious were still shooting.",Neutral,MELD
You wouldnt happen to have a very big fork?,Neutral,MELD
"So I uh, I just talked to the director. Thats it, were done for the day.",Neutral,MELD
Well have we finished the scene?,Surprise,MELD
Yeah! Youyou were wonderful.,Joy,MELD
As were you.,Neutral,MELD
"So I got your car, its right outside.",Neutral,MELD
"Oh, thank you. Youre welcome.",Joy,MELD
No-no-no! We gotta go! Come on!  Here we go.,Fear,MELD
Is that my ass?,Joy,MELD
What about these? These look the same?,Neutral,MELD
Definitely!,Joy,MELD
Not as each other!,Neutral,MELD
"Oh, then no.",Neutral,MELD
Hey!,Joy,MELD
Hi!,Anger,MELD
You look amazing. I'm the luckiest man in the world.,Joy,MELD
"Ohh, you're about to get a little luckier.",Joy,MELD
Let me see the earrings.,Neutral,MELD
"Oh, honey, the earrings",Neutral,MELD
They look great! Does your boyfriend have the best taste or what?,Joy,MELD
My boyfriend really does have good taste!,Joy,MELD
Thanks for picking out the earrings man.,Neutral,MELD
Mm-Hm,Neutral,MELD
"I know that theres no hole there, I just really liked that picture.",Neutral,MELD
Oh my God! Look at this!,Surprise,MELD
"Okay, but there",Neutral,MELD
I dont care! The wires have come loose in your head!,Anger,MELD
I just thought that if I could follow the wire I could find out what it did.,Neutral,MELD
And did you?!,Sadness,MELD
"No. It disappears back there behind that baseboard. For a minute there, I thought it went downstairs.",Neutral,MELD
But it didnt. Say hello to Mrs. Chatracus.,Neutral,MELD
Oh my God.,Surprise,MELD
Hello darling.,Neutral,MELD
"Hello, Mrs. Chatracus.",Neutral,MELD
"Okay, is everybody clear? Were gonna pick it upand move it. Now all we need is teamwork, okay? Were gonna",Neutral,MELD
"Ross, I really dont think",Neutral,MELD
Lift!! And slide!,Joy,MELD
"Okay, here we go.",Neutral,MELD
"All right everyone, lift!  And slide!!",Joy,MELD
"All right Carl, were next. Now remember, what is not gonna be?",Neutral,MELD
Another,Neutral,MELD
Thats right! And what are you not gonna do?,Neutral,MELD
"Well, Im not gonna talk because",Neutral,MELD
"I mean, I realize that his feelings may never completely go away, but",Sadness,MELD
"Oh?my Gawd, I-I understand.",Sadness,MELD
"I-I am so sorry, Ill go.",Sadness,MELD
"Good-bye Monica , I wish you a lifetime of happiness with him.",Sadness,MELD
"Chandler,  you call me when this goes in the pooper.",Neutral,MELD
I found my identical hand twin!,Joy,MELD
"Ohh, you are",Neutral,MELD
No!,Neutral,MELD
But she just came up here!,Surprise,MELD
That was Joey!,Neutral,MELD
I wonder where she is. That is so weird.,Neutral,MELD
"Yeah, well, she's probably talking to Richard.",Neutral,MELD
Would you stop that!,Anger,MELD
Do you wanna know the first thing she said when she came back from her lunch with Richard?,Neutral,MELD
She didn't feel anything for him.,Neutral,MELD
She loves you!,Sadness,MELD
Really?,Surprise,MELD
"Yes! Now, she feels terrible! She really wants to make up! You gotta find her.",Anger,MELD
Okay.,Neutral,MELD
Good.  I should really start wearing hats!,Neutral,MELD
"I mean, why should I let them meet him?",Neutral,MELD
"I mean, I bring a guy home, and within five minutes they're all over him.",Disgust,MELD
"I mean, they're like- coyotes, picking off the weak members of the herd.",Joy,MELD
Listen.,Neutral,MELD
"As someone who's seen more than her fair share of bad beef, I'll tell you: that is not such a terrible thing.",Neutral,MELD
"I mean, they're your friends, they're just looking out after you.",Neutral,MELD
"I know. I just wish that once, I'd bring a guy home that they actually liked.",Sadness,MELD
"Well, you do realise the odds of that happening are a little slimmer if they never get to meet the guy..",Neutral,MELD
No-no-no-no.  Hey!,Surprise,MELD
"Anyway, I should go. Okay, bye.",Neutral,MELD
Hey sweetie.,Neutral,MELD
"Hi sweetie. So, what was with all the whispering?",Neutral,MELD
I cant tell you. Its a secret.,Neutral,MELD
Secret? Married people arent supposed to have secrets between one another. We have too much love and respect for one another.,Anger,MELD
Awww.  But still no.,Neutral,MELD
"No Im serious, we should tell each other",Neutral,MELD
"Really? Okay, so why dont you tell me what happened to Ross Junior year at",Neutral,MELD
"Oh no-no, I cant do that.",Fear,MELD
"If you tell me, Ill tell you what Phoebe said.",Neutral,MELD
Okay.,Neutral,MELD
Okay.,Neutral,MELD
"So, Ross and I are going to",Neutral,MELD
Oh my God. He threw up?,Disgust,MELD
"No, he visited a little town south of throw up.  So what was Phoebes secret?",Neutral,MELD
"Oh, Nancy Thompson from Phoebes old massage place is getting fired.",Neutral,MELD
Thats it?! I gave up my,Joy,MELD
Thats right! You lose sucker!!  Please still marry me.,Joy,MELD
Oh hey! How was your audition?,Joy,MELD
"Im sorry, do I know you?",Neutral,MELD
What are you doing?,Neutral,MELD
"Nothing, Im just practicing blowing you off because Im gonna be a big movie star!",Surprise,MELD
Oh! You got it?!,Sadness,MELD
"Well no, not yet. But the audition went really good.",Joy,MELD
What was it for?,Neutral,MELD
"Oh, its this big budget period movie about these three Italian brothers who come to America around the turn of the century.",Neutral,MELD
Its really classy!,Joy,MELD
"Oh, and the director is supposed to be the next next Martin Scorcese.",Joy,MELD
The next next?,Neutral,MELD
"Yeah, theres this guy from Chicago whos supposed to be the next Martin Scorcese, all right?",Neutral,MELD
But then this guys right after him.,Neutral,MELD
Hello!,Joy,MELD
They loved me!,Joy,MELD
Oh my God!,Joy,MELD
"Are you kidding me? I never rent a movie without it!  Oh.  Uh, okay uh let me call you back.",Surprise,MELD
Whats the matter?,Neutral,MELD
They want me to be totally naked in the movie!,Surprise,MELD
Wow!,Surprise,MELD
I know! My grandmothers gonna see this!,Joy,MELD
Grandmas gonna have to get in line.,Joy,MELD
Oh please! It was such a big class! You never even noticed me!,Joy,MELD
"What? Of course I did! You uh, you sat next to Sleepy Sleeperson.",Surprise,MELD
Who?,Neutral,MELD
"Oh uh, I had trouble remembering everyones name, so I-I kinda came up with nicknames.",Neutral,MELD
Like the guy on the other side of you was Smelly von Brownshirt.,Neutral,MELD
"Oh yeah. So umm, did you have a nickname for me?",Neutral,MELD
"Umm, no. No.",Neutral,MELD
Yes you did! What was it?,Surprise,MELD
"Umm, its Cutie McPretty.",Neutral,MELD
Ohh thats so sweet!,Joy,MELD
"Listen, I gotta tell ya, I-Im having a great time!",Joy,MELD
"Yknow how before you said it might be weird, the whole student teacher thing, and to be frank I thought it would be too, but its not.",Surprise,MELD
I mean its not at all.,Neutral,MELD
Dr. Geller!,Joy,MELD
Burt!,Joy,MELD
"Okay, so we got some more good rejections, lots of stuff to work on.",Neutral,MELD
"Okay, shoot.",Neutral,MELD
"Okay, um, oh, the zoo commercial.",Neutral,MELD
I didn't get it?,Neutral,MELD
"No. They said you 'Weren't believable as a human being.' So, you can work on that.",Joy,MELD
"Okay, what else?",Neutral,MELD
"Um, the off-Broadway play people said 'You were pretty but dumb.'",Neutral,MELD
Oh.,Sadness,MELD
"Oh no wait, I'm sorry, that's 'pretty dumb.'",Neutral,MELD
Hey.,Neutral,MELD
How's the maniac?,Neutral,MELD
"Oh, well he's yummy. We did a little kissin'.",Joy,MELD
"Phoebe, what are you doing?",Surprise,MELD
"Oh, no, no, no, no. You know what, he's not into that stuff anymore. He quit for me.",Neutral,MELD
"Pheebs, this guy has been obsessed with your sister, for God knows how long, okay, you don't just give up something like that.",Disgust,MELD
"Look, he gave me his night vision goggles and everything.",Joy,MELD
You're taking the word of a guy who has night vision goggles?,Surprise,MELD
"What, he's not still following her. Do you think he is still following her?",Surprise,MELD
"Pheebs, wake up and smell the restraining order.",Disgust,MELD
What are you saying I should do?,Neutral,MELD
"I think, that if you really like this guy, you should just trust him.",Neutral,MELD
"Thank you, Monica.",Joy,MELD
"Orrr, you could follow him and see where he goes.",Neutral,MELD
"Oh, that's what I would do, forget mine.",Surprise,MELD
Hey guys check it out! My mom sent me the paper!,Joy,MELD
"Ooh, lets see it!",Joy,MELD
Shes not crazy is she?,Surprise,MELD
No.,Neutral,MELD
"So uh, how you doin?",Neutral,MELD
There he is!,Joy,MELD
Theres our star!,Joy,MELD
"So, so, whatd ya think?",Neutral,MELD
Almost as good as that play with the two naked girls on the see-saw.,Joy,MELD
I-I wasnt in that.,Sadness,MELD
"Wow, I have the spirit of an old Indian women living in mine.",Neutral,MELD
So then you know?,Joy,MELD
"The mailman was downstairs, so I brought up your mail.",Neutral,MELD
"Oh, good. Thanks.",Neutral,MELD
Now what is Fabutec?,Neutral,MELD
"Okay, all right dont judge me to much.",Fear,MELD
Okay?,Neutral,MELD
"Um, but I saw this info-mercial, and um, I swear to you I have never-ever bought anything on TV before, except for this mop.",Neutral,MELD
"But there was this stuff on leg waxing, it just, it looked so amazing....",Joy,MELD
"Oh, its incredible! I so want to be a Waxine girl.",Joy,MELD
I know!!,Joy,MELD
God. Do think it really doesnt hurt? Cause how can they do that?,Fear,MELD
Hello! Organic substances recently discovered in the depths of the rain forest!,Joy,MELD
They have the best stuff in there.,Neutral,MELD
"Comin' through. Move, move.",Anger,MELD
"Oh, 'scuse me. I was kinda using that machine.",Joy,MELD
"Yeah, well, now you're kinda not.",Disgust,MELD
But I saved it. I put my basket on top.,Anger,MELD
"Oh, I'm sorry, is that your basket? It's really pretty. Unfortunately, I don't see suds.",Anger,MELD
What?,Surprise,MELD
"No suds, no save. Ok?",Anger,MELD
What's goin' on?,Neutral,MELD
"Hi, uh, nothing. That horrible woman just took my machine.",Disgust,MELD
Was your basket on top?,Neutral,MELD
"Yeah, but, there were no suds.",Neutral,MELD
So?,Neutral,MELD
"Well, you know, no suds, no save.",Neutral,MELD
"No suds? Excuse me, hold on a second.  That's my friend's machine.",Anger,MELD
"Hey, hey, hey, her stuff wasn't in it.",Neutral,MELD
"Hey, hey, hey, that's not the rule and you know it.",Anger,MELD
Cause it's good money! But that doesn't change the fact that    this is an evil blood sucking corporate machine!,Anger,MELD
"Well, I think this is a great place to work!",Joy,MELD
"Ok, are they listening?",Anger,MELD
Varrrrrroom!,Joy,MELD
Hey!,Joy,MELD
Watch it lady!,Anger,MELD
Varrrrrrrrrrom!,Joy,MELD
Hey-hey good lookin!,Joy,MELD
Varrrrrrrrroom.,Joy,MELD
"All right, Ill leave.",Sadness,MELD
My beds so boring.,Sadness,MELD
Ross do you realise this is the first time in my life Im doing something I actually care about.,Anger,MELD
This is the first time in my life Im doing something that Im actually good at.,Anger,MELD
I mean.,Neutral,MELD
if you dont get that...,Anger,MELD
"No, hey, I get that, okay, I get that big time.",Anger,MELD
"And Im happy for ya, but Im tired of having a relationship with your answering machine!",Anger,MELD
"Okay, I dont know what to do anymore.",Sadness,MELD
Well neither do I!,Joy,MELD
Hey!,Anger,MELD
"Im sorry Im late, did I miss anything?",Neutral,MELD
Joey stuffing 15,Neutral,MELD
15?  Your personal best! (Ross takes an,Surprise,MELD
Where were you?,Neutral,MELD
"Oh, on a date. Yeah, I met this girl on the train going to a museum upstate.",Neutral,MELD
"Oh, yeah! How did you meet her?",Surprise,MELD
"Oh, which museum?",Neutral,MELD
"No, answer his.",Neutral,MELD
"Okay, it was just me and her at the back of the train, and I sat near the door, so shed have to pass by me if she wanted to switch cars.",Joy,MELD
She was totally at my mercy.,Joy,MELD
Were you so late because you were burring this woman?,Sadness,MELD
"No, Im getting back down cause she lives in Poughkeepsie.",Neutral,MELD
"She seems really great, but shes like totally great, but she lives two and a half hours away.",Joy,MELD
How can she be great if shes from Poughkeepsie?  That joke wouldve killed in Albany.,Anger,MELD
"Done! I did it! Heh, whos stupid now?",Joy,MELD
"No, there is no way! It can",Joy,MELD
Why is your family,Neutral,MELD
He cannot play at our wedding!,Anger,MELD
I mean everyone will leave!,Anger,MELD
"I mean come on, that is just noise!",Anger,MELD
Its not even a song!,Anger,MELD
"If you listen very carefully, I think its",Neutral,MELD
"Oh, I want to look too! . Yikes!",Surprise,MELD
"So do you think that these picturesAre, are they trying to tell a story?",Neutral,MELD
"Oh, yeah, sure.",Neutral,MELD
"I mean, like in the case of this young woman, she has lost her clothes, so she rides naked on the horse, shes crying out, Where are they, where are they?",Neutral,MELD
"Well, shes not going to find them lying in the grass like that.",Neutral,MELD
"Oh, yeah. Aw, remember the days when you used to go out to the barn, lift up your shirt, and bend over?",Joy,MELD
Yeah.,Neutral,MELD
"You see, now, I would date this girl.",Neutral,MELD
"Shes cute, shes outdoorsy, you know, and she knows how to build a fire.",Neutral,MELD
"I mean, thats got to come in handy",Neutral,MELD
"Okay, Ive got a question. If you had to pick one of us to date, who would it be?",Neutral,MELD
I dont know.,Neutral,MELD
Me neither.,Neutral,MELD
Rachel.,Neutral,MELD
What?!,Surprise,MELD
I dont know.  Me neither.,Neutral,MELD
"Look, I wanted to tell Im-Im sorry you lost.",Sadness,MELD
"Listen, Ive got a secret for ya. I let him win.",Neutral,MELD
Is that a secret or a lie.,Anger,MELD
"No, I let him winRoss!",Neutral,MELD
Yeah?,Surprise,MELD
Would you tell her I let you win please?,Anger,MELD
Oh. Yeah.  Uh Chandler,Neutral,MELD
I am strong! Ill show you!,Anger,MELD
Chandler please!,Disgust,MELD
Oh whats the matter? Are you scared?,Anger,MELD
Lets go big bunny!,Anger,MELD
Okay. 123Go!   Im gonna kill myself!,Neutral,MELD
"Hey Ross, is uh, is Staten Island really an island?",Neutral,MELD
"Uh-huh, that's why they call it Staten",Surprise,MELD
Ohhh. I thought it was like Long Island.,Surprise,MELD
Also an island.,Neutral,MELD
"Hey, what time is it?",Neutral,MELD
2:17.,Neutral,MELD
"Wow! You realize that we've been throwing this ball, without dropping it, for like an hour?",Surprise,MELD
Are you serious?!,Surprise,MELD
Yeah. I realized it about a half-hour ago but I didn't want to say anything 'cause I didn't want to jinx it.,Neutral,MELD
Wow! We are pretty good at this! Hey! We totally forgot about lunch!,Surprise,MELD
"Oh, I-I, I think that's the first time I ever missed a meal!  Yeah, my pants are a little loose!",Anger,MELD
"Hey, you guys",Neutral,MELD
Hey!,Joy,MELD
Who is it?,Neutral,MELD
Its Phoebe! Phoebe!,Joy,MELD
Hey!,Joy,MELD
Oh God. So-so youre making porn movies.,Surprise,MELD
No Im not.,Anger,MELD
Youre making one right now!,Anger,MELD
And-,Neutral,MELD
"Yeah, can I help you with something?",Neutral,MELD
"Look, Im talking right now! Youreyou mean her.",Joy,MELD
"Yknow, twin stuff is always a real big seller.",Neutral,MELD
What?!,Surprise,MELD
"Yeah, I can talk them into giving you like, 30 dollars.",Neutral,MELD
No!!,Disgust,MELD
And stop using my name!,Anger,MELD
And shame on you!,Disgust,MELD
And shame on all of you!,Disgust,MELD
Youre disgusting!,Disgust,MELD
Especially you  with that!,Disgust,MELD
Hey!,Joy,MELD
Hi Pheebs!,Joy,MELD
Are you moving out?,Neutral,MELD
"No, these aren't all my suitcases.  This one's Paolo's.",Neutral,MELD
"Um, um, Rachel can we talk for a sec?",Neutral,MELD
"Well, sure...just a sec, though, 'cause Paolo's on his way over.",Neutral,MELD
"Oh!  Ok, um, ok, um,",Fear,MELD
"Oh, Pheebs, Pheebs...",Joy,MELD
"Ok, um,  we haven't known each other for that long a time, and, um, there are three things that you should know about me.",Neutral,MELD
"One, my friends are the most important thing in my life, two, I never lie, and three, I make the best oatmeal raisin cookies in the world.",Neutral,MELD
"Ok, thanks Pheebs  Oh my God, why have I never tasted these before?!",Surprise,MELD
"Oh, I don't make them a lot because I don't think it's fair to the other cookies",Neutral,MELD
"All right, well, you're right, these are the best oatmeal cookies I've ever had.",Surprise,MELD
Which proves that I never lie.,Neutral,MELD
I guess you don't.,Neutral,MELD
Paolo made a pass at me.,Sadness,MELD
"Im so sorry. Please, stop freaking out.",Fear,MELD
Im not freaking out.,Neutral,MELD
Why would I be freaking out?,Neutral,MELD
"A woman named Heldi called and said we were getting married, but that happens everyday.",Neutral,MELD
"Honey, we were at this beautiful place, and I-I-I just put our names down for fun!",Anger,MELD
"I mean, whats the harm in that?",Neutral,MELD
Right here!,Sadness,MELD
"Chandler, please dont think I was trying to pressure you. Phoebe and Rachel",Anger,MELD
Phoebe and Rachel!,Anger,MELD
"So the people that knew about our wedding before me were you, Phoebe and Rachel, Heldi, and apparently some band called Starlight Magic 7 who are available by the way!",Sadness,MELD
"It was a mistake. Please dont take this to mean anything, because it doesnt.",Sadness,MELD
Okay.,Neutral,MELD
Really?,Joy,MELD
"Yes, if it really doesnt mean anything, because you know that Im just not ready",Neutral,MELD
I know! I know.,Neutral,MELD
Okay.,Neutral,MELD
Im gonna go tell Joey that  that youre back. I was really worried about you.,Anger,MELD
"Hey, did she buy it?",Neutral,MELD
Totally.,Neutral,MELD
So did Heldi show you the place?,Neutral,MELD
"Yeah, its beautiful.",Neutral,MELD
I cant believe youre gonna ask Monica to marry you!,Joy,MELD
I know.,Neutral,MELD
"Okay look, I have an idea.",Neutral,MELD
"Why dont we, why dont we see what kind of number he has on his speed dial, and then from that we can tell who has more in common with him.",Neutral,MELD
And then whoever does gets the phone.,Neutral,MELD
"All right, first name on the speed dial is mom.",Neutral,MELD
"Ohh, I lost my mom to suicide.",Sadness,MELD
"Okay no way, you cannot use that to get the cute guy and the last blueberry muffin.",Sadness,MELD
Did I use that already today? Im sorry.,Sadness,MELD
Joe.,Neutral,MELD
"Oh, I win! Hes got",Joy,MELD
So you dont know thats,Neutral,MELD
His new girlfriend!,Surprise,MELD
I cant believe this. Do you think that your parents could help pay for it?,Surprise,MELD
"I dont know, my mother spent most of her money on her fourth wedding.",Sadness,MELD
Shes saving the rest for her divorce.,Anger,MELD
And any extra cash my father has he saves for his yearly trips to,Neutral,MELD
Well what happened at dinner?,Neutral,MELD
My parents spent the money for our wedding!,Anger,MELD
My God! What did you order?!,Surprise,MELD
"Wait, but theres no money! Well this is terrible! You guys are gonna have to get married in like a, rec. center!",Sadness,MELD
"Honey, its gonna be okay.",Neutral,MELD
No! No its not! Its not gonna be okay! It sucks! No swing band! No lilies!,Sadness,MELD
"No, yknow what?",Neutral,MELD
Its gonna be okay.,Neutral,MELD
I mean you dont have to have this rustic Italian feast.,Neutral,MELD
Yknow?,Neutral,MELD
"And-and you dont need, you dont need this custom-made, empire-waisted, duchess, satin gown; you can wear off the rack.",Neutral,MELD
"Dr. Geller, theres a seat over here.",Neutral,MELD
"Thank you, Dr. Phillips, but Im having my lunch at this table, here in the middle.",Neutral,MELD
"Im having lunch right here, with my good friend Joey, if hell sit with me.",Neutral,MELD
I will sit with you Dr. Geller.,Neutral,MELD
"Y'know, we work in a museum of natural history, and yet there is something unnatural about the way we eat lunch.",Neutral,MELD
"Now, I look around this cafeteria, and yknow what I see, I see-I see division.",Sadness,MELD
"Division, between people in white coats and people in blue blazers, and I ask myself, ""My God why?!""",Fear,MELD
"Now, I say we shed these-these coats that separate us, and we get to know the people underneath.",Neutral,MELD
Im Ross!,Joy,MELD
"Im divorced, and I have a kid!",Joy,MELD
Im Joey! Im an actor! I dont know squat about dinosaurs!,Joy,MELD
"Im Ted, and I just moved here a month ago, and New York really scares me.",Anger,MELD
"All right, there you go!",Joy,MELD
"Yeah, you hang in there Teddy!",Anger,MELD
"Im Andrew, and I didnt pay for this pear.",Neutral,MELD
"Okay, good-good for you.",Joy,MELD
"Im Rhonda,  and these arent real!",Neutral,MELD
"Wow, Rhonda.",Surprise,MELD
Im Scott.,Neutral,MELD
"Yeah, okay, Scott!",Neutral,MELD
And I need to flip the light switch on and off 17 times before I leave a room or my family will die.,Fear,MELD
So thanks for the warm welcome.,Neutral,MELD
"Its good to have you guys on my team, and I come to play.",Joy,MELD
I hope you do too.,Neutral,MELD
"Now, lets go out there and get em!",Joy,MELD
"And remember, there is no I in team.",Neutral,MELD
"Yes, but theres two in martini, soo everybody",Joy,MELD
You! Chuckles! Whats your name?,Neutral,MELD
"Oh its Bing, sir. Im sorry , I was just ah...",Fear,MELD
"No-no, I heard what you said, funny.",Neutral,MELD
I like funny.,Joy,MELD
"This team is about hard work, but its also about having fun.",Joy,MELD
Good to have you aboard Bing!,Joy,MELD
Yeah. You won't be able to take it.,Neutral,MELD
"So uh, now that little Chandler turned out to be a girl, what are they gonna name her?",Neutral,MELD
They're gonna call her Chandler.,Neutral,MELD
"That's kind of a masculine name, don't you think?",Neutral,MELD
Works on you.,Neutral,MELD
"Oh, that is so sweet.",Joy,MELD
"No, no, ok, you hang up.",Joy,MELD
"Ok, ok, one, two, three.",Joy,MELD
Well you didn't hang up either.,Joy,MELD
She didn't hang up either...,Joy,MELD
"Ok, no, no, you hang up. You, you, y",Joy,MELD
"Ross, hi, it's Rachel.",Neutral,MELD
"I'm just calling to say that um, everything's fine and I'm really happy for you and your",Neutral,MELD
"Rach, I got a message from you.",Neutral,MELD
Oh my God.,Surprise,MELD
"Oh my God Ross, no, hang up the phone, give me the phone Ross, give me the phone, give me the phone, give me the.",Sadness,MELD
You're over me?,Surprise,MELD
Ohhhhhhhh God.,Surprise,MELD
"Wha... you're uh, you're, you're over me?",Surprise,MELD
"Ohh, ohh.",Sadness,MELD
"When, when were you... under me?",Surprise,MELD
"Well, basically, lately, I've uh, I've uh, sort of had feelings for you.",Neutral,MELD
"OK, I need to lie down.",Surprise,MELD
"Hey! I'm in, they're gonna let me audition!",Joy,MELD
Really? That's great!,Joy,MELD
"I know! I know! It turns out that one of the casting ladies has actually seen me in a play, so I steered clear of her",Joy,MELD
(noticing a kid who has picked up a copy of,Neutral,MELD
"Oh yeah, yeah! He's done tons of commercials. I've seen him in like Sugar Smacks,",Joy,MELD
"Yeah well, he's not gonna get this one.",Joy,MELD
Ben is way cuter than that kid.,Joy,MELD
"I mean look at him, look at you,",Disgust,MELD
"That's great. Listen, wouldn't it be great though if I got to play Ben's dad?",Neutral,MELD
"Joey, you look nothing like Ben.",Neutral,MELD
I look more like him than you do!,Anger,MELD
"Y'know, I don't really know you well enough for you to do that.",Joy,MELD
That really was some of your best work.,Joy,MELD
"Hm-hmm, I told you!  I cant believe that Ive only got two hours before I call in sick for work.",Neutral,MELD
I have to be up in seven minutes.,Neutral,MELD
"Well, youre not gonna believe this, but if you have seven minutes",Neutral,MELD
Really?!,Surprise,MELD
Do you wanna?,Neutral,MELD
Okay! You get the vacuum cleaner and Ill get the furniture polish!,Joy,MELD
Oh okay. But yknow what? Be careful. Because a guy who was helping me before had to leave because he hurt his back.,Neutral,MELD
Boyfriend?,Surprise,MELD
No.,Neutral,MELD
Im Joey.,Neutral,MELD
Kristen.,Neutral,MELD
"Oh wow, what a beautiful name!  What is it again?",Joy,MELD
Kristen.,Neutral,MELD
Got it!  So,Neutral,MELD
"So uh, do you live around here?",Neutral,MELD
Yeah!,Neutral,MELD
Yeah!,Joy,MELD
Right down there.,Neutral,MELD
Hey listen.. let me give you a little tip.,Neutral,MELD
Do not take a nap on this stoop  or you can wake up with your shoes gone.,Joy,MELD
Ill remember that.,Neutral,MELD
"Okay. Yeah. Listen would you uh, would you like to have dinner with me tonight?",Neutral,MELD
"Oh I, I have plans tonight.",Neutral,MELD
But how about tomorrow?,Neutral,MELD
"Sounds great! Okay, alright, well where does this go?",Joy,MELD
"You look strong, why dont I take that and you grab one of the boxes.",Neutral,MELD
"Okay. Yeah.  Yeah, Ill grab this one.",Neutral,MELD
Hey.,Neutral,MELD
"Listen, um...",Neutral,MELD
I'm sorry.,Sadness,MELD
": Yeah, um...  You know you, you should just forget about what I said under the bridge, I was talkin'",Neutral,MELD
"That's right, I don't... But I was, I was drunk on you!",Sadness,MELD
"Okay, yeah, so it's not gonna work.",Neutral,MELD
"If it was, would you stop hanging out with her?",Neutral,MELD
"Um, then yes, it's 'cause of Phoebe! So, you know, it's either her or me.",Anger,MELD
"You know...  You're gonna be really, really hard to get over.",Sadness,MELD
"By the way, the week before your wedding you may not see a lot of me.",Neutral,MELD
"Oh, hello liar.",Anger,MELD
"Look, I-Im really sorry I let go of the bike.",Sadness,MELD
I couldve been killed I hope you know!,Anger,MELD
"I know. I know. But, can we please try it again? Huh? I mean, you were",Sadness,MELD
"Well, I would love to butthe bike got stolen and the police have no suspects.",Joy,MELD
Phoebe.,Neutral,MELD
What?!  What the hell?!,Anger,MELD
"All right, yknow what?",Anger,MELD
"If you are not going to learn how to ride this bike then Im sorry, Im just gonna have to take it back.",Anger,MELD
What?! Why?!,Surprise,MELD
"Because! Because, it-it-its Itd be like you having this guitar  and-and never playing it. Okay, this guitar",Anger,MELD
"All right. If you care enough to make up that load of crap, okay.",Anger,MELD
Great! Great!  Youre making the bike very happy.,Joy,MELD
Okay Ross!  Please dont die!,Anger,MELD
How could you have kept all of this from me?,Fear,MELD
"I was going to tell you, but",Neutral,MELD
But what?! You figured youd get what you wanted and then dump her like you dumped Rachel!,Anger,MELD
Hey! I did not dump Rachel!  Nor are we still together.  Can I just  Why dont we just let the machine get that?,Anger,MELD
Hey Ross. Its Joey. Theres a hooker over here and we thought maybe youd know something about it.,Neutral,MELD
"No! No! No! No! No! I-I-I-II need to, I need to lie down.",Neutral,MELD
Everything on your application looks really goodOhh!,Joy,MELD
"Just one last question umm, are you and your friends gonna be over here all the time like partying and hanging out?",Anger,MELD
"Oh dont worry, Im not really a party girl.",Neutral,MELD
"Whoa!! Now look, dont be just blurtin stuff out. I want you to really think about your answers. Okay?",Joy,MELD
You can call off the roommate search!  Hi! Ill be living here.,Joy,MELD
"Oh dont listen to him, hes just some guy who really wants the apartment, but I dont think hes gonna get it.",Sadness,MELD
Why did you take the shower curtain down?,Surprise,MELD
That thing was a hazard!  Im very safety conscious.,Fear,MELD
Hi.,Neutral,MELD
"Hey man, how did the audition go?",Neutral,MELD
Estelle said I didn't get it.,Sadness,MELD
What?! Why? Joey you were so ready for it!,Surprise,MELD
"Yeah, I thought so too but, she said the casting people had some problems with me.",Joy,MELD
No!,Surprise,MELD
"For all I know, shes trying to find me but couldnt because I kept moving around.",Neutral,MELD
"No, from now on, Im staying in one place.",Neutral,MELD
Right here.,Neutral,MELD
"Well, its getting late.",Neutral,MELD
"Yeah, were gonna go.",Neutral,MELD
"Actually, do you guys mind staying here for a while?",Neutral,MELD
"Ugh, yknow, umm we gotta get up early and catch that plane for New York.",Neutral,MELD
"Yeah, its a very large plane.",Neutral,MELD
Thats cool.,Neutral,MELD
"But, well stay here with you.",Neutral,MELD
"Thanks guys!  I really appreciate this, yknow, but you dont have to rub my butt.",Joy,MELD
"Hey, Mel Gibson and Clint Eastwood.",Surprise,MELD
Theyre not a couple!,Surprise,MELD
"Oh-okay, I get the game now.",Neutral,MELD
"Okay look, look, let me ask you a question, when they were doing it on stage, was it like really hot?",Neutral,MELD
Oh yeah!,Joy,MELD
"Well okay, so then youre fine.",Neutral,MELD
The rule is when two actors are actually doing it off-stage all the sexual tension between them is gone.,Neutral,MELD
Okay?,Neutral,MELD
So as long as its hot onstage you got nothing to worry about.,Neutral,MELD
"Its when the heat goes away, thats when youre in trouble.",Neutral,MELD
Really?,Surprise,MELD
"Look, you guys have been to every play Ive ever been in, have I ever had chemistry on stage?",Neutral,MELD
No.,Neutral,MELD
Noooo!!,Neutral,MELD
"Ursula!  Wait! Err-err, its me! Phoebe!",Surprise,MELD
"Oh, I thought there was a mirror there. Okay, bye-bye.",Neutral,MELD
"Wait a second! So, whats new with you?",Surprise,MELD
"Umm, nothing. I mean, Im getting married next week.",Neutral,MELD
And your breasts! Hmm!!!,Surprise,MELD
Okay.,Neutral,MELD
"Umm look, youre coming on a little strong.",Fear,MELD
"But Im going to give you the benefit of the doubt, because it seems the universe really wants to be together.",Neutral,MELD
"So, why dont we just start over okay?",Neutral,MELD
And you can just tell me about yourself.,Neutral,MELD
All right.,Neutral,MELD
Okay.,Neutral,MELD
"I write erotic novels, for children.",Neutral,MELD
What?!,Surprise,MELD
Theyre wildly unpopular.,Neutral,MELD
Oh my God!,Disgust,MELD
"Oh also, you might be interested to know that I have a Ph.D.",Neutral,MELD
Wow! You do?,Surprise,MELD
"Yeah,  a Pretty Huge",Joy,MELD
All right.,Disgust,MELD
"So, uh, how's she doing?",Sadness,MELD
The doctor says it's a matter of hours.,Sadness,MELD
"How-how are you, Mom?",Sadness,MELD
"Me? I'm fine, fine. I'm glad you're here. ...What's with your hair?",Anger,MELD
What?,Surprise,MELD
What's different?,Surprise,MELD
Nothing.,Neutral,MELD
"Oh, maybe that's it.",Neutral,MELD
"She is unbelievable, our mother is...",Anger,MELD
"Okay, relax, relax.",Neutral,MELD
"We are gonna be here for a while, it looks like, and we still have boyfriends and your career to cover.",Neutral,MELD
Oh God!,Surprise,MELD
The fuzzy little mints at the bottom of her purse.,Neutral,MELD
Oh!,Surprise,MELD
"...Yeah, they were gross.",Disgust,MELD
"Oh, you know what I loved?",Joy,MELD
Her Sweet 'n' Los.,Joy,MELD
How she was always stealing them from- from restaurants.,Joy,MELD
"Not just restaurants, from our house.",Neutral,MELD
Maybe.,Neutral,MELD
You can't!,Surprise,MELD
Why?  Seriously I did not understand a word that    you said.,Surprise,MELD
In the hall.,Neutral,MELD
"Now, y'see, most people, when their pets pass on, they want 'em sorta laid out like they're sleeping.",Neutral,MELD
But occasionally you get your person who wants them in a pose.,Neutral,MELD
"Like, chasing their tail,  or, uh, jumping to catch a frisbee.",Neutral,MELD
"Joey, if I go first, I wanna be looking for my keys.",Neutral,MELD
That's a good one!,Joy,MELD
"Hey, Joe.",Neutral,MELD
"Dad, Ronni's here.",Neutral,MELD
Huh?,Surprise,MELD
"So now, these are all the tuxedos that we make and if theres anything that you like, we can make you a deal.",Neutral,MELD
Anything at all.,Neutral,MELD
But these are the three that Monica pre-approved.,Neutral,MELD
"Well, thanks a lot for hookin me up Rach. I want you to know that I want you to attend our wedding as my guest.",Joy,MELD
Im Monicas maid of honor. Okay? Dont try to blue pin me!,Anger,MELD
"Oh here, I think this is us.  Yeah.",Neutral,MELD
Limited seating my ass. Lets see who made the cut.  Hi!,Anger,MELD
Im Monica Gellar. Who do you know the bride and groom?,Neutral,MELD
Used to work with her. Used to! Im a relative and I didnt get invited! A,Anger,MELD
"Stop saying, ""Blood"" to strangers.",Sadness,MELD
"So, how about you huh? How do you know the happy couple?",Joy,MELD
"Okay, youre fine.",Neutral,MELD
"Monica, why have you brought me here of all places?!",Surprise,MELD
Youll see.,Neutral,MELD
"I tell you, this wedding is not going to happen.",Joy,MELD
"Okay? But-but imagine a lot more lights, okay? And-and yknow fewer bricks, and-and-and flowers, and candles",Neutral,MELD
"And the musicians, look, they can go over here , okay? And the chairs can face this way , and  You go.",Neutral,MELD
"But-but, if you dont love this, well do it in any other place at any other time.",Neutral,MELD
"Really, its fine, whatever you want.",Neutral,MELD
Its perfect.,Joy,MELD
"And, I dont know, if it starts to rain",Joy,MELD
Well then well get wet.,Anger,MELD
Ohh. And I dont even have a date.,Sadness,MELD
Coming.,Neutral,MELD
I have a bone to pick with you.,Anger,MELD
Uh-oh.,Fear,MELD
Yes! Ben learned a little trick.,Anger,MELD
Oh yeah? Did he pull the old,Surprise,MELD
Thats right! Thats right!,Joy,MELD
Oh that.,Neutral,MELD
Yeah that! You know I hate practical jokes! Theyre mean and theyre stupid and-and I dont want my son learning them!,Anger,MELD
Yknow what? It doesnt matter! Because it is not true!,Anger,MELD
Okay.,Neutral,MELD
"And if it were true, how",Neutral,MELD
Ms. Monroe  Oh there you go.,Neutral,MELD
Mark's a genius!,Surprise,MELD
Why?! How?! How is he a genius?,Surprise,MELD
"Look, don't you see what's happening here.",Anger,MELD
"Instead of hitting on her right away, he's becoming her confidant.",Anger,MELD
Now he's gonna be the guy she goes too to complain about you.,Neutral,MELD
What am I going to do?,Fear,MELD
"Well, why don't you send her a musical bug, op, no you already did that.",Neutral,MELD
"All right look, you're going to have to go there yourself now, okay, make a few surprise visits.",Neutral,MELD
I don't know you guys.,Fear,MELD
"All right fine, don't do anything, just sit here and talk to us, meanwhile she is talking to him about you.",Disgust,MELD
"And he's being Mr. Joe Sensitive, and she starts thinking 'Maybe this is the guy for me, because he understands me.'",Disgust,MELD
"And before you know it, she's with him.",Anger,MELD
"And you'll be all, 'Ohh, man!'",Anger,MELD
"And he'll be all, 'Yes!'",Anger,MELD
"And us, we'll be like, 'Wh-whoa, dude.'",Joy,MELD
"And pretty soon you'll be like,  'Hhiii,' and, and, and, 'I can't go, Rachel and Mark might be there.'",Disgust,MELD
"And we'll be like, 'Man get over it, it's been four years!!'",Disgust,MELD
He paints quite a picture doesn't he?,Neutral,MELD
"This is what Ive got going for the party so far, liquor wise. Get a lot of liquor.",Neutral,MELD
Great. Great.,Neutral,MELD
"Okay, now uh, in terms of the invite list, Ive got you, me, and Chandler and Im gonna invite Gunther cause, well, weve been talking about this pretty loud.",Neutral,MELD
Ill be there.,Neutral,MELD
"Listen, I know this is your party, but Id really like to the number of museum geeks that are gonna be there.",Neutral,MELD
"Yeah. Tell ya what, lets not invite any of the anthropologists, only the dinosaur dudes!",Neutral,MELD
Okay! Well need a six-pack of,Neutral,MELD
"Hey guys, what are you doing?",Neutral,MELD
"Hey, yknow what, if youre gonna do that, if youre gonna name him Joey, you should name him Chandler.",Neutral,MELD
"Oh, come on!",Sadness,MELD
"Chandlers funny, sophisticated, and hes very loveable, once you get to know him.",Neutral,MELD
"Oh well, hey, Joeys loveable too! But the thing about Joey is, if you need him, hell be there.",Neutral,MELD
"Well, Chandler will be there for you too.",Neutral,MELD
"I mean, well, he might be a little late, but-but, hell be there.",Neutral,MELD
"And hell bring you some cold soda, if want you need him for is that youre really hot.",Neutral,MELD
What do ya say? What do ya say?,Neutral,MELD
"Well, I, I like the idea of naming him after someone I love, and Joey and Chandler are great names.",Neutral,MELD
"But, all right, I dontmaybe Ill just name him The Hulk.",Neutral,MELD
I knew I shouldnt have mentioned it! Thats what I wanted to name my kid!,Sadness,MELD
"What that Rachel did to her life.... We ran into her parents at the club, they were not playing very well.",Sadness,MELD
I'm not gonna tell you what they spent on that wedding... but forty thousand dollars is a lot of money!,Surprise,MELD
"Well, at least she had the chance to leave a man at the altar...",Joy,MELD
What's that supposed to mean?,Surprise,MELD
Nothing! It's an expression.,Neutral,MELD
No it's not.,Neutral,MELD
Don't listen to your mother.,Neutral,MELD
"You're independent, and you always have been!",Neutral,MELD
"Even when you were a kid... and you were chubby, and you had no friends, you were just fine!",Neutral,MELD
"And you would read alone in your room, and your puzzles...",Neutral,MELD
PBS Telethon.,Neutral,MELD
Hi Joey.,Neutral,MELD
Hey Pheebs!,Joy,MELD
I,Neutral,MELD
"$200? Are you sure Pheebs? I mean, after what",Surprise,MELD
"Oh, I'm still mad at them but I also now that they bring happiness to lots of kids who's moms didn't kill themselves, so by supporting them, I'm doing a good thing, but I'm not",Anger,MELD
What kind of problem?,Surprise,MELD
"Well to tell you the truth, they uh,  they had a problem with the bag!",Sadness,MELD
Oh my God!,Surprise,MELD
Y'know what? It was a stupid play anyway!,Sadness,MELD
"Y'know, Joey, I think it's time to give up the bag.",Sadness,MELD
I don't wanna give up the bag.,Sadness,MELD
I don't have to give up the bag!,Anger,MELD
Do I Rach?,Sadness,MELD
"Oh, you think I should give up the bag!",Anger,MELD
"Honey wait, Joey, Im sorry I mean as terrific as I think you are with it",Neutral,MELD
I just don't know if the world is ready for you and your bag.,Sadness,MELD
I can't believe I'm hearing this!,Sadness,MELD
Wait a minute!,Sadness,MELD
Wait a minute!,Anger,MELD
"I'm not saying that you shouldnt have a bag, I justit's just there are other bags that are a little less umm,  controversial.",Neutral,MELD
"Yeah umm, they're called wallets.",Neutral,MELD
I think you'll find this room more to your liking.,Neutral,MELD
"Okay, great.",Joy,MELD
They say he's only got half a tank left.,Neutral,MELD
Half a tank? We still got a lot of high-speed chasing to do!,Surprise,MELD
We're switching rooms again.,Anger,MELD
What? Why?,Surprise,MELD
"This is a garden view room, and we paid for an ocean view room.",Anger,MELD
Our last ocean view room was unacceptable to you.,Joy,MELD
"Excuse me, umm, can I talk to you over here for just a second?",Anger,MELD
Uh-huh.,Neutral,MELD
Chandler!,Neutral,MELD
Are you kidding me?! Joey. Joey! Joey! Joey! Joey! Joey! Joey! Joey! Joey! Joey!!,Anger,MELD
Joey. Joey. Joey. Joey! Joey!!,Anger,MELD
"Oh. Oh, did-did-did I wake you?",Surprise,MELD
Hey!,Joy,MELD
"Hey! Oh, I was just about to leave. I-I-I-I didnt think you were coming.",Surprise,MELD
"Oh, I wouldnt miss this.",Joy,MELD
"Well, Im very glad youre here.",Joy,MELD
"Oh, youre such a gentleman.  Come on! Were going to my place!",Joy,MELD
Hey!,Joy,MELD
Hey-hey.,Neutral,MELD
So are guys doing okay?,Neutral,MELD
"Yeah, we talked and Monica made me see that I over reacted a little bit and some things in life are more important.",Neutral,MELD
Do you have a minute?,Neutral,MELD
"Well yeah, sure, whats up?",Neutral,MELD
I got asked out twice today when I was at lunchby guys.,Neutral,MELD
Oh really?!,Surprise,MELD
Yeah. Did you tell someone that I was gay?,Neutral,MELD
"Oh, did you not want people to know that?",Joy,MELD
But Im not gay. And I especially wouldnt want you to think I was gay.,Joy,MELD
Whys that?,Neutral,MELD
I dont think I should say.,Neutral,MELD
"Ohh, you can say. Come on, I dont want you to feel like you cant tell me things.",Neutral,MELD
Okay.,Neutral,MELD
Kay.,Neutral,MELD
Well,Neutral,MELD
Yeah.,Neutral,MELD
Id love to ask out your friend Phoebe.,Neutral,MELD
"Yeah, shes gay.",Neutral,MELD
Here you go.,Neutral,MELD
"Great! All right, so Ill call you later.",Joy,MELD
Great!,Joy,MELD
Hey-Hey-Hey! Who was that?,Surprise,MELD
That would be Casey. Were going out tonight.,Neutral,MELD
"Goin out, huh? Wow! Wow!  So things didnt work out with Kathy, huh? Bummer.",Surprise,MELD
"No, things are fine with Kathy. Im having a late dinner with her tonight, right after my early dinner with Casey.",Neutral,MELD
What?,Surprise,MELD
Yeah-yeah. And the craziest thing is that I just ate a whole pizza by myself!,Anger,MELD
Wait! Youre going out with Kathy!,Surprise,MELD
Yeah. Why are you getting so upset?,Surprise,MELD
"Well, Im upsetfor you. I mean, having sex with an endless line of beautiful women must be very unfulfilling for you.",Disgust,MELD
What is the big deal? Its not like were exclusive.,Sadness,MELD
"Look, Joey, Kathy is clearly not fulfilling your emotional needs.",Anger,MELD
"But Casey, I mean granted I only saw the back of her head, but I got this sense that shes-shes smart, and funny, and gets you.",Neutral,MELD
You got all that from the back of her head?,Surprise,MELD
"All right look, I think its time for you to settle down. Y'know? Make a choice, pick a lane.",Neutral,MELD
Whos Elaine?,Neutral,MELD
Can you people not see me?!,Joy,MELD
"So, will you talk to him?",Neutral,MELD
I dont know Rach.,Neutral,MELD
"Oh, come on! Ill give you ten free",Anger,MELD
One!  No ten! You said ten! You cant take that back!,Anger,MELD
Hey!,Joy,MELD
Hi!,Joy,MELD
"Listen, can we watch cartoons on your television?",Neutral,MELD
We need a porn break.,Neutral,MELD
"We spent the last two hours watching In & Out & In, Again.",Neutral,MELD
"Well, so, why dont you just turn it off?",Joy,MELD
Because then we would be the guys who turned off free porn.,Neutral,MELD
"Ooh, good, youre hear! Okay.",Joy,MELD
Hey!,Joy,MELD
Hi!,Joy,MELD
"Well, what-what cha got there?",Joy,MELD
"Oh this, well Im glad you asked.",Joy,MELD
"Now, dont you hate it when you have to cut a tin can with an ordinary steak knife?",Disgust,MELD
Ahh!,Neutral,MELD
"Now, I know what youre thinking",Neutral,MELD
Pregnant Woman Slays Four?,Fear,MELD
"Phoebe, they didnt make you pay for those knives, did they?",Surprise,MELD
No!,Joy,MELD
"Honey, youre not gonna make enough money to help Frank and Alice just by selling knives.",Neutral,MELD
"No-no, I know that, but I just have to make enough money for the second part of my plan.",Neutral,MELD
Whats the second part of your plan?,Neutral,MELD
Yes thats right.,Neutral,MELD
Why?,Surprise,MELD
"I tired attacking two women, did not work.",Neutral,MELD
What?!,Surprise,MELD
"No, I mean its okay, I mean, theyre-theyre my friends.",Neutral,MELD
"In fact, I-I-I was married to one of them.",Anger,MELD
"Let me get this straight man, you attacked your ex-wife?!",Anger,MELD
"Oh, no!",Surprise,MELD
No-no!,Surprise,MELD
"No, I tired!",Surprise,MELD
But I couldnt.,Neutral,MELD
Thats why Im here.,Anger,MELD
Maybe we could attack them together?,Neutral,MELD
That-thats a no.,Neutral,MELD
"What? No! No, Im not stopping. Im Red Ross!",Sadness,MELD
"Dude, if you go back out there, youre gonna be Dead Ross!",Anger,MELD
I dont care! I am not quitting! I insist on finishing this game!,Anger,MELD
"All right, all right, if you insist on doing this, at least let me help you.",Anger,MELD
"No, God no! That is no place for a woman. Those guys will grab anything.",Neutral,MELD
No. Thats not what Im saying. I just may know a few things that might help you inflict some pain.,Neutral,MELD
I like that.,Joy,MELD
"Yeah? Listen closely, Devon has got a weak ankle.",Neutral,MELD
Huh?,Neutral,MELD
One swift kick and hell back off.,Neutral,MELD
"All right, bad ankle, got it!",Neutral,MELD
"And that big bloke with the beard, he has got a trick hip.",Neutral,MELD
Yeah.,Neutral,MELD
"And uh, and David over there, I heard he doesnt wear a cup.",Neutral,MELD
"Yeah? I can use that, trick hip, no cup, okay! Okay!",Joy,MELD
"And uh, Liam, Liams got bad knees. You hit him right and hell go down like a lamp.",Neutral,MELD
"But-but, Liams on my team.",Joy,MELD
I dont care! You just get him!,Anger,MELD
"Im gonna go get him! Okay, I am going back in!",Joy,MELD
The Red Ross! Okay.,Joy,MELD
Oh!  Oh by the way?,Neutral,MELD
Uh-hmm.,Neutral,MELD
James Brolin?,Neutral,MELD
"Oh, I know. I could only think of two names, him and Ed Begley Jr. and then I remembered hes gay.",Neutral,MELD
Ed Begley Jr. is not gay.,Neutral,MELD
Really?!,Surprise,MELD
Hello?,Neutral,MELD
"Hello, is Ross there?",Neutral,MELD
"Uh no, hes not. Can I take a message?",Neutral,MELD
"Yes, this Russell, Rosss divorce lawyer, just tell him that since I havent heard from him, I assume hes decided to give the marriage a try.",Neutral,MELD
Ross got married againNooooooo!!!!!!!!!,Surprise,MELD
"Oh-oh! Okay, shes kicking!",Joy,MELD
Oh!  Shes growing inside you.,Neutral,MELD
Whoa!!,Surprise,MELD
Oh!,Surprise,MELD
Wow that was a big one.,Surprise,MELD
I think thats the youngest girl ever to reject me.,Joy,MELD
Oh hey you guys!,Joy,MELD
"Sure, I can hang out til I have to meet ya.  What uhHow come youre not going?",Neutral,MELD
I have a job interview I have to get ready for.,Neutral,MELD
I thought you already have a job.,Neutral,MELD
And people say you dont pay attention.,Neutral,MELD
"No, this is a much better job.",Neutral,MELD
Its vice-president of a company that does data reconfiguration and statistical factoring for other companies.,Neutral,MELD
Wow! How do you know how to do that?!,Surprise,MELD
Thats what I do now.,Neutral,MELD
"Hey Joey, come taste this.",Neutral,MELD
What is it?,Neutral,MELD
Remember that guy that gave me a bad review? Well  Im getting my revenge!,Anger,MELD
You cooked him?,Surprise,MELD
No.,Neutral,MELD
"He teaches a course on food criticism at the New School, so before we go to the movies I wanna go by there and make him try my bouillabaisse again.",Neutral,MELD
"Oh, I cannot wait to read the front page of the Post tomorrow!",Joy,MELD
"""Restaurant reviewer admits: I was wrong about Monica.""",Joy,MELD
"The front page? You really do live in your own little world, dont ya?",Sadness,MELD
"So, did you uh, find anyone to marry you guys yet?",Neutral,MELD
"No, but Horny for Monica Minister called, wanting to know if we were still together.",Disgust,MELD
Were never gonna find anybody.,Sadness,MELD
Well then let me do it!,Joy,MELD
Joe,Joy,MELD
No-no-no!,Neutral,MELD
"Look, Ive been thinking about it.",Neutral,MELD
Im an actor right?,Neutral,MELD
So I wont get nervous talking in front of people.,Neutral,MELD
"I wont spit, and I wont stare at Monicas breasts!",Anger,MELD
Everyone knows Im an ass man!,Joy,MELD
That is true.,Neutral,MELD
"Yeah and the most important thing is that it wont be some like, stranger up there who barely knows you.",Joy,MELD
Itll be me!,Joy,MELD
And I swear Ill do a really good job.,Joy,MELD
"Plus, yknow I love you guys and-and it would really mean a lot to me.",Joy,MELD
It might be kinda cool.,Joy,MELD
So I can do it?,Joy,MELD
Ah-ha! Too cocky!,Joy,MELD
I still cant believe they took away my key. You trust me with yours.,Fear,MELD
Of course I do! And Im gonna give it back to you as soon as theyre done with it at the key shining place.,Neutral,MELD
What the hell is that?,Anger,MELD
"Whoa! Whoa! Whoa! Treeger, what are you doing?",Surprise,MELD
You said there was a gas leak in here.,Neutral,MELD
Well why dont you use your key?,Neutral,MELD
"Because by the time I find it on this thing , the whole place might have exploded.",Neutral,MELD
"If that happens at another building that I manage, people are gonna start asking questions.",Neutral,MELD
Come on!,Anger,MELD
Hurry up.,Sadness,MELD
Oh! We could have done that.,Neutral,MELD
"Luckily, the guy she settled for cant hear what youre talking about.",Neutral,MELD
"Oh, Im so sorry.",Sadness,MELD
"Um, and maybe Im wrong!",Sadness,MELD
"I butyknow Im gonna go out with him again, Ill find out more.",Neutral,MELD
You believe that this guy is destined for someone else and youre still gonna date him?,Surprise,MELD
"Well, he may not be my soul mate, but a girls gotta eat.",Neutral,MELD
"Oh, but its made her so happy.",Anger,MELD
Little girl misses her cat.,Neutral,MELD
Crazy lady thinks her mother is in a cat.,Sadness,MELD
"Okay, y'know what, I have to go have dinner with my son, can I trust that when you see Phoebe, you will tell her.",Neutral,MELD
Yeah.,Neutral,MELD
Thank you.,Neutral,MELD
I,Neutral,MELD
"He is right, isnt he?",Joy,MELD
"Y'know what, I think this might be one of the times hes wrong.",Neutral,MELD
You think?,Surprise,MELD
"Oh-no, hes right.",Neutral,MELD
Seven hundred bucks!,Joy,MELD
"Alright, you did it! Do we have any fruit?",Joy,MELD
"Man, hell of a two weeks, huh? Y'know what, though? I really feel like I learned something.",Joy,MELD
"Really? So, you're gonna stick with this 'it's all for her' thing?",Neutral,MELD
"What, are you crazy? When a blind man gets his sight back, does he walk around like this?",Disgust,MELD
Oh.,Neutral,MELD
Y'know those are a delicacy in India.,Neutral,MELD
Me too.,Neutral,MELD
"Although this city is my home, so.",Neutral,MELD
"So thats dumb what I said, dont tell him I said that.",Neutral,MELD
"Umm, you make something up.",Neutral,MELD
"Nice,  thank you.",Joy,MELD
This is me.,Neutral,MELD
Here.,Neutral,MELD
Your eyes are very pretty.,Joy,MELD
"Thank you, very much! Oh!  Thank you!",Joy,MELD
He would like to kiss you.,Neutral,MELD
"Okay, y'know what, you dont have to do that now.",Neutral,MELD
No-no-no-no!!,Joy,MELD
"Not him, you dont!",Surprise,MELD
Well the moments over.,Neutral,MELD
Oh.,Neutral,MELD
Oy!,Neutral,MELD
"Hey! Hold on a minute, hold on a second. Do you think these pearls are nice?",Anger,MELD
Id really prefer a mountain bike.,Neutral,MELD
"Janices birthday is coming up, I want to get her something speacial. Come in here with me.",Neutral,MELD
"Whoa, whoa, whoa, wait, whoa.",Surprise,MELD
"Do you ah, want to get her something speacial, get her flowers, get her candy, get her gum, girls love gum.",Anger,MELD
"Thats a good idea, Dear Janice have a Hubba-Bubba birthday. I would like to get her something serious.",Disgust,MELD
"Oh, you want something serious.",Neutral,MELD
"Y'know what you should do, you should get her one of those um, barium enemas.",Neutral,MELD
Those are dead serious.,Neutral,MELD
"All right. Look, Im gonna go in here, and you dont buy me anything ever.",Anger,MELD
"No, no, you cant, you cant, okay, you cant, you cant buy her pearls, you just cant, you cant, you cant.",Fear,MELD
Why not?!,Surprise,MELD
"Oh God. Uh, okay, heres the thing, this is the thing, okay, the thing is...",Neutral,MELD
What is the thing?,Sadness,MELD
"Okay. I went down to the Mattress King showroom and, and I saw Janice, kissing her ex-husband.",Sadness,MELD
What?,Surprise,MELD
They were in his office.,Neutral,MELD
"Well she, she wouldnt do that, shes with, shes with me.",Sadness,MELD
Im telling you its like watching Bambi learn how to walk.,Anger,MELD
Youre drunk! Mom and dad are gonna be maaaaadd! Maybe Im a little drunk.,Surprise,MELD
Hey! Are those crab cakes?  Did I not tell ya to come straight to me when more crab cakes were ready?,Joy,MELD
How are you feeling?,Neutral,MELD
You are,Neutral,MELD
I really wish that you wouldnt.,Anger,MELD
"Now all you have to do is just get through a little bit more, okay?",Neutral,MELD
"Then we can put you in bed, okay?",Neutral,MELD
Just smile and dont talk to,Neutral,MELD
Speech! Speech! Lets hear from the birthday girl! Huh?,Joy,MELD
Pheebs!!,Joy,MELD
Dont you see? Everyones looking at me! The plans working! I didnt even have to take off my top yet!,Joy,MELD
Speech! Come on Monica!,Joy,MELD
Come on!,Joy,MELD
Come on! Speech!,Joy,MELD
"Hey Chandler, you cant keep your hands off her for one second!",Anger,MELD
"Oh-ho, I think its nice.",Joy,MELD
Well you have to because maybe its stupid.,Neutral,MELD
Well its just while Monica and I were dancing to them it wasthe first time I knew thatyou were the woman I wanted to dance all my dances with.,Joy,MELD
Oh crap!,Anger,MELD
All right.,Neutral,MELD
The super couldnt figure out what it did.,Neutral,MELD
A $200 an hour electrician couldnt figure out what it did.,Sadness,MELD
Ive had seven pretty serious shocks.,Sadness,MELD
I officially give up.,Disgust,MELD
Thank God.,Joy,MELD
"I guess Joey was right, it does nothing.",Joy,MELD
See? Im doing it. I am totally doing it.  I lost it.,Anger,MELD
Are there no conscious men in the city for you two?,Sadness,MELD
He doesn't have anyone.,Neutral,MELD
"Yeah, we-we feel kinda responsible.",Anger,MELD
I can't believe you said woowoo. I don't even say woowoo.,Disgust,MELD
"Oh, she's coming up! She's coming up!",Joy,MELD
"Folks, when we come back we'll be talking about her new book, 'Euphoria Unbound': the always interesting Nora Tyler Bing.",Neutral,MELD
You might wanna put the kids to bed for this one.,Neutral,MELD
"Y'know, we don't have to watch this.",Neutral,MELD
"No way, forget it.",Joy,MELD
"C'mon, she's your mom!",Anger,MELD
Exactly.,Neutral,MELD
"Chandler, I gotta tell you, I love your mom's books!",Joy,MELD
I love her books!,Joy,MELD
I cannot get on a plane without one!,Joy,MELD
"I mean, this is so cool!",Joy,MELD
"Yeah, well, you wouldn't think it was cool if you're eleven years old and all your friends are passing around page 79 of 'Mistress Bitch.'",Disgust,MELD
"C'mon, Chandler, I love your mom. I think she's a blast.",Joy,MELD
Thank you.,Neutral,MELD
And a nice hot cider for Monica.,Neutral,MELD
"Aww, thank you.  Uh Rach?",Neutral,MELD
Yeah?,Neutral,MELD
Why does my cinamon stick have an eraser?,Surprise,MELD
Oh! That's why.  I'm sorry!,Surprise,MELD
"Oh. Oh! Ma'am? Excuse me, ma'am?",Neutral,MELD
You can't put your cigarette out on a tree!,Anger,MELD
"Yeah I can, it worked real well.",Neutral,MELD
No but you shouldn't! Don't ever do that again.,Anger,MELD
I won't!  Until I have my next cigarette.,Anger,MELD
Hold it!  N.Y.P.D! Freeze punk!,Anger,MELD
What?!,Surprise,MELD
Yeah that's right you are so busted.  Book 'em.,Anger,MELD
Who are you talking too?,Surprise,MELD
"Save it Red! Unless you wanna spend the night in the slammer, you apologize to the tree.",Disgust,MELD
I am,Neutral,MELD
You apologize to the tree right now or I am calling for backup.   Backup! Backup!!,Anger,MELD
I-I'm sorry! Sorry.,Fear,MELD
"Okay, cancel backup! Cancel backup!",Neutral,MELD
Shh! Get me out of here.,Fear,MELD
Oh.,Neutral,MELD
Ross!,Surprise,MELD
What?,Neutral,MELD
"Come here, check this out!",Surprise,MELD
What? Is it the comet?,Neutral,MELD
"No! No-no. Look, theres a bug stuck in tar right here.",Surprise,MELD
"Joey comeI cant believeI bring you here to see the Bapstein-King comet, one of natures most spectacular phenomenon, and all you care about are bugs stuck in tar and-and some woman!",Anger,MELD
"Yknow, theres",Neutral,MELD
Show me where?,Neutral,MELD
Right-right up here.,Neutral,MELD
Joey wheres the pipe that was holding the door open?,Neutral,MELD
"I dont know!   Yeah, I do.",Joy,MELD
Joey!,Anger,MELD
What?! All rightHey! Dont look at me! Youre the one who wanted to come up and look for some stupid,Anger,MELD
"Its called the Bapstein-King comet, okay?  Hey! Hey! Bapstein was a very well respected astronomer!",Anger,MELD
Oh no! No! No!,Surprise,MELD
Wow! This place is incredible!  Stings penthat he gave to Phoebe.  Come on! Secret passageway!,Joy,MELD
Hi!,Neutral,MELD
Hi!,Neutral,MELD
Im Trudie.,Neutral,MELD
Uh-huh.,Neutral,MELD
You must be Bens mum.,Neutral,MELD
Why else would I be here?,Neutral,MELD
Do sit down.,Neutral,MELD
Yeah.,Neutral,MELD
Hi.. how was the game?,Neutral,MELD
Well..,Neutral,MELD
WE WON!! Thank you! Yes!,Joy,MELD
Fantastic! I have one question: How is that possible?,Surprise,MELD
Alan.,Neutral,MELD
He was unbelievable.,Joy,MELD
"He was like that-that-that Bugs Bunny cartoon where Bugs is playing all the positions, right, but instead of Bugs it was first base-Alan, second base-Alan, third base-...",Joy,MELD
"I mean, it-it was like, it was like he made us into a team.",Joy,MELD
"Yep, we sure showed those Hassidic jewellers a thing or two about softball..",Joy,MELD
Can I ask you guys a question? D'you ever think that Alan is maybe.. sometimes..,Neutral,MELD
What?,Surprise,MELD
"..I dunno, a little too Alan?",Neutral,MELD
"Well, no. That's impossible. You can never be too Alan.",Joy,MELD
"Yeah, it's his, uh, innate Alan-ness that-that-that we adore.",Joy,MELD
I personally could have a gallon of Alan.,Joy,MELD
"Well I had a great time! Learned how to bake, ate great food, thats the first A Ive gotten since seventh grade,",Joy,MELD
"Oh, look! Acting for Beginners! Want to feel good about yourself?",Fear,MELD
What the hell!,Surprise,MELD
Okay.,Neutral,MELD
"All right, lets start with some basics. Can anybody tell me what the difference between upstage and downstage is?",Neutral,MELD
"Yeah, this was a stupid idea.",Disgust,MELD
My God!,Surprise,MELD
These pants are burning up!,Surprise,MELD
"Oh come on, she wants to snuggle now!",Surprise,MELD
What is she trying to kill me?,Anger,MELD
It's like a volcano in here!,Surprise,MELD
Are you hot?,Neutral,MELD
"Okay, it must just be me then.",Neutral,MELD
"That was just the pants on the couch. Umm, hey, do you, do you mind if I use your bathroom?",Neutral,MELD
You're driving me crazy with that!,Anger,MELD
"Okay, I'll stop.",Neutral,MELD
Dont stop! Move the bowl further away! Ross could make that shot!,Anger,MELD
"Well, you suck! But at least you suck at a man's game now.",Anger,MELD
You wanna play?,Neutral,MELD
"Chandler, I can't be playing games, Ross is gonna be home soon.",Neutral,MELD
And I have to write five whole pages if I'm gonna stick to his schedule.,Neutral,MELD
"Well, so, play for the next 30 minutes and then write until he gets home.",Neutral,MELD
"All right! But uh, listen, what do you say we crank it up a notch?",Joy,MELD
I'm intrigued.,Neutral,MELD
"All right, all we need is a little lighter fluid.",Neutral,MELD
"Okay, but be careful okay, because I wanna get our security deposit back.",Joy,MELD
"Yeah, I think we said good-bye to that when we invented hammer darts.",Joy,MELD
Do you even remember which part of the wall is not spackle?,Neutral,MELD
"Uh yeah, right here.",Neutral,MELD
"Hey, Rach. How was it with your friends?  Okay! How would you like some Tiki Death Punch?",Joy,MELD
What's that?,Neutral,MELD
"Weeeell, it's rum, and-",Neutral,MELD
I'm sure they'll be here soon.,Neutral,MELD
"Yeah, honey, they wouldn't miss this.",Neutral,MELD
Relax. You're only at nine centimeters. And the baby's at zero station.,Neutral,MELD
You are really frightening me.,Fear,MELD
"Somebody wanna help me, tryin' to rip out my heart.  Uh, that's great.  Anybody seen a nipple?",Fear,MELD
"All right, ten centimeters, here we go.",Neutral,MELD
"All right, honey, time to start pushing.",Neutral,MELD
But they're not here yet!,Fear,MELD
"I'm sorry, I can't tell the baby to wait for them.",Neutral,MELD
"Oh, god.",Fear,MELD
"Here we go. Mona umm, I think its time we-we had a conversation about-about where things are with us.",Joy,MELD
"Yeah, I-I think I suggested that.",Neutral,MELD
"Aw, we-we are so So umm, well I-I-I like you and I-I love umm, yknow hanging out with you.",Joy,MELD
And I mean-Im having a lot of fun.,Joy,MELD
Okay.,Neutral,MELD
"I mean, theres no point in spending time with someone if-if its just fun.",Neutral,MELD
"Its gotta be, its gotta be going somewhere right?",Joy,MELD
So where-where is it going?,Neutral,MELD
Ah!,Surprise,MELD
Thats-thats the real question.,Neutral,MELD
And-and the answer isis its going somewherefun.,Joy,MELD
"Now I-I know what youre thinking, fun was fine for you like ten years ago yknow, but youre-youre not getting any younger.",Neutral,MELD
"No I meanNo not you, not you, youyou",Fear,MELD
"Im sorry, so umm, so where are we?",Sadness,MELD
Yknow what?,Neutral,MELD
I am going to take you out to dinner tonight.,Joy,MELD
I found this place that makes the greatest mozzarella sticks and jalepino poppers .,Joy,MELD
No?,Anger,MELD
Really?,Surprise,MELD
They taste so good.,Joy,MELD
Drum roll.,Neutral,MELD
"Okay. Okay. All right. Help! Am I a Mark, or a John?",Neutral,MELD
"Nah, youre not tall enough to be a Mark, but you might make a good Barney.",Neutral,MELD
"All right look, am I serious, okay? Tomorrow at 3:30 I am going down to the courthouse.",Neutral,MELD
Youre actually going through with this?,Surprise,MELD
"Hey, look, this name has been holding me back my entire life.",Anger,MELD
"Okay, its probably why kids picked on me in school, and why I never do well with women So, as of 4 oclock tomorrow, Im either gonna be Mark Johnson or John Markson.",Neutral,MELD
You got problems because of you!,Anger,MELD
Not your name!,Sadness,MELD
"All right, this has got to stop!",Anger,MELD
Chandler is a great name!,Anger,MELD
"In factyes,  Im, Im sorry.",Sadness,MELD
"I know you really wanted me to name the baby Joey, but eh, so, Im-Im, Im gonna, Im gonna name the baby Chandler.",Neutral,MELD
Damn! I thought that was going to be romantic as hell!,Surprise,MELD
It was.,Neutral,MELD
"Look, I just saw my best friends brains smeared across the canvas, thats not gonna be me, not me.",Sadness,MELD
Wow! That was good. That was... Tweezers?,Surprise,MELD
No.,Neutral,MELD
Whoa. That was really good.,Surprise,MELD
"Thanks, any suggestions?",Neutral,MELD
You-youyou had sex with Ursula?!,Surprise,MELD
"Uh, a little bit. She-she-she walked in and I thought she was you and I kissed her and",Fear,MELD
You didnt notice she was wearing different clothes?!,Surprise,MELD
Well I was just so excited to see you.,Sadness,MELD
Oh. Ew! Ew! Ew! Ugh! Yknow what? This is too weird.,Disgust,MELD
No-no its not!,Sadness,MELD
I dont want to lose you!,Fear,MELD
Its-its like I was saying to Ursula when I was making love to her and I thought she was youYeah it is too weird.,Sadness,MELD
So I guess this is it.,Sadness,MELD
Yeah.  Maybe its for the best. You smell just like her.,Sadness,MELD
"Yeah, so do you.",Anger,MELD
Hey!,Joy,MELD
Hi.,Neutral,MELD
"So, did shopping make you feel any better about Ross?",Neutral,MELD
Manhattan does not have enough stores.,Sadness,MELD
"Well,",Neutral,MELD
You can?,Surprise,MELD
Yeah. I just need you to bring me some photos of Ross.,Neutral,MELD
Um-hmm.,Neutral,MELD
And a small piece of chocolate.,Neutral,MELD
Okay.,Neutral,MELD
"Okay, we have to talk. Im just getting out of a very serious relationship",Sadness,MELD
"I know! And Im just getting out of a marriage, I mean talk about meant to be!",Fear,MELD
Right! I just think that this is happening too soon.,Joy,MELD
"Oh, too soon, too schmoon. Face it honey, I am not letting you get away this time.",Sadness,MELD
"I hear ya.  But! Unfortunately, my company is transferring me overseas!",Disgust,MELD
Oh no! Where to?  Too Paris?,Surprise,MELD
"No! No! Not, Paris.",Neutral,MELD
"Too London? No-no, Rome? Vienna? Ooh-ooh, Barcelona?",Joy,MELD
"Okay, could you just stop talking for a second?  Yemen. Thats right, yes, Im being transferred to Yemen!",Anger,MELD
When?,Anger,MELD
I dont know exactly.,Neutral,MELD
"Ugh, well I will just have to soak up every once of Chandler Bing until that moment comes.",Sadness,MELD
But I do know that its some time tomorrow.,Joy,MELD
"Ooh, this is it!  Oh, thats him! Thats him!",Joy,MELD
Great! Go get him.,Joy,MELD
"Wait a second, or maybe you can go in first.",Neutral,MELD
Hes not really my type.,Neutral,MELD
"No not you, Dr. Drake Remoray. You can ask him questions and see whats he like. People tell doctors everything.",Neutral,MELD
"But lately all the guys I meet seem really nice at first, then they turn out to be the biggest jerks.",Sadness,MELD
You do attract some stinkers.,Sadness,MELD
Chandler.,Neutral,MELD
"Mrs. Tedlock. You're looking lovely today. And may I say, that is a",Neutral,MELD
"Yes. Well, Mr. Kostelick wants you to stop by his office at the end of the day.",Neutral,MELD
"Oh, listen.",Neutral,MELD
"If this is about those prank memos, I had nothing to do with them.",Neutral,MELD
Really.,Joy,MELD
Nothing at all.,Neutral,MELD
Really.,Joy,MELD
Nothing.,Neutral,MELD
"Yknow when we move in together, can I get a gumball machine?",Neutral,MELD
Of course! Joey wouldnt let you have one?,Sadness,MELD
"No. When it comes to sweets, hes surprisingly strict.",Sadness,MELD
"Hey, have you figured out a way to tell him youre moving out?",Neutral,MELD
"No, no, I keep trying, yknow?",Anger,MELD
"I can get out, ""Joey, I have too"" but then I lose my nerve and I always finish with, ""go to the bathroom.""",Sadness,MELD
He may think Im sick.,Neutral,MELD
"Yknow, I really have to tell Rachel, but I We just have to get it over with!",Neutral,MELD
"Yknow, the next time we see them were just gonna tell them.",Neutral,MELD
Thats it.,Neutral,MELD
"Oh, so thats this is gonna work now? Youre just gonna order me around all the time?",Joy,MELD
Pretty much.,Neutral,MELD
All right.,Neutral,MELD
Hey Monica!,Joy,MELD
Hi!,Joy,MELD
"Hey man, you feeling any better?",Neutral,MELD
"Joey, we have something to tell you.",Neutral,MELD
Oh my God! Youre pregnant!,Surprise,MELD
"Yeah, if you get married in Vegas, youre only married in Vegas.",Neutral,MELD
What are you talking about? If you get married in Vegas youre married everywhere.,Neutral,MELD
Really?!,Surprise,MELD
Yeah!,Neutral,MELD
Oh my God!Eh! Well,Surprise,MELD
"You see that guy? Hes in classics now, but y'know as soon as we leave hes going straight to the porn.",Disgust,MELD
Hes gonna go up to the counter with,Neutral,MELD
Yeah.,Neutral,MELD
I missed this.,Joy,MELD
Me too.,Anger,MELD
"So, you wanna get a hamburger or something?",Neutral,MELD
Yes! Yes! Yes! Yes! Awww!,Joy,MELD
"Hey, its your Thanksgiving too, y'know, instead of watching football, you could help.",Anger,MELD
We will.,Neutral,MELD
"Okay, Rachel, you wanna put the marshmellows in concentric circles.",Neutral,MELD
"No Mon,",Neutral,MELD
Every year.,Neutral,MELD
Hey! Ross!,Joy,MELD
Die Hard,Neutral,MELD
"Yep. Hey, what do you say we make it a double feature?",Neutral,MELD
Whatd you rent?,Neutral,MELD
Die Hard 2,Neutral,MELD
"Joey, this is",Neutral,MELD
"Oh, well we watch it a second time and its",Neutral,MELD
"Joey, we",Neutral,MELD
And?,Neutral,MELD
And itll be cool to see it again! Yeah!,Joy,MELD
Die Hard,Neutral,MELD
"Dude, you didnt say",Neutral,MELD
"Yeah, I just got uh, got plans.",Neutral,MELD
"Well, John McClane had plans!",Anger,MELD
"No, see the thing is I want to get out of here before Joey gets all worked up and starts calling everybody bitch.",Neutral,MELD
What are you talking about? Bitch.,Anger,MELD
I know you botched that operation on purpose.,Joy,MELD
"I can't prove    it yet, but when I do, you'll be going to jail for murder.",Anger,MELD
I don't care if you    are my brother.,Disgust,MELD
"Good for you! And hey, I thought your paper on punctuated equilibrium    in the Devonian era was top notch!",Joy,MELD
Stop going through my stuff !,Anger,MELD
Hey!,Joy,MELD
Hey!,Joy,MELD
"I just wanted to let you know I've changed my mind: I'm gonna    do it, I'm gonna kiss Joey.",Anger,MELD
"No, you can't! Friends hooking up is a bad idea.",Fear,MELD
"Please, what about you and Chandler?",Anger,MELD
That's different! I was drunk and stupid!,Anger,MELD
Well hello !,Anger,MELD
What about all the guys that you've got the phone numbers from?    Why don't you just kiss one of them?,Neutral,MELD
"I could, I could but I don't want to! I want to kiss Joey!",Anger,MELD
Alright . I think it's a big mistake but it's your decision.,Neutral,MELD
I'm gonna do it.,Joy,MELD
And I can't stop you.,Neutral,MELD
No.,Neutral,MELD
"Hey Rach, have you seen Charlie anywhere?",Neutral,MELD
I'm smarter than,Neutral,MELD
"Oh, hey, Gunther, check this out.",Joy,MELD
"Yeah, that-that Chandler cracks me up.",Joy,MELD
"Hey Ross, listen, you want anything to drink, cause Im heading up there.",Neutral,MELD
"Uh, yeah, Ill take a coffee. Thanks, man.",Neutral,MELD
Sure.  Coffee? Cause Im going up there.,Joy,MELD
No.,Neutral,MELD
"No, thank you.",Neutral,MELD
"You guys need anything, cause Im heading up there.",Neutral,MELD
Id love an ice water.,Neutral,MELD
You got it.,Neutral,MELD
"Joey, what are you doing?",Surprise,MELD
Just being friendly.,Anger,MELD
"Joey, honey, I dont think youre supposed to go back there.",Anger,MELD
"Nah, its okay. Right, Gunther?",Neutral,MELD
Dont wink at me. And put on your apron.,Anger,MELD
"Okay, but I dont see you asking any other paying customers to put on aprons.",Sadness,MELD
"Joey, do you work here?",Surprise,MELD
No.,Neutral,MELD
"Hey, waiter.",Neutral,MELD
Yeah?,Neutral,MELD
"Youve reached Monica and Chandlers, if youre listening to this message, were probably screening.  Yeah we are.",Neutral,MELD
"Hi, this is Heldi from the Morgan Chase museum.",Neutral,MELD
Im calling for Monica Geller.,Neutral,MELD
"I want to let her know that there was a cancellation and if shes still interested in having the Bing-Geller wedding at our facility, it is available",Neutral,MELD
"This is Chandler Bing! This is Chandler Bing!  Yes, the groomNo! Not the groom!!",Surprise,MELD
Thank you.,Neutral,MELD
Thanks.,Neutral,MELD
I can't believe this! This is like the worst night ever!,Anger,MELD
Y'know Monica you had a minor setback in your relationship with Chandler. Big deal! It's only Chandler.  I am,Neutral,MELD
"This is crazy! I mean, it's such a stupid argument. I don't even wanna see Richard again.",Sadness,MELD
So go fix it!,Neutral,MELD
Go find Chandler!,Neutral,MELD
He's probably up in your room!,Sadness,MELD
Tell him that you're sorry and that you love him.,Anger,MELD
Y'know what? You're right Phoebe. You're right. Thank you!,Joy,MELD
"Sure!   Yeah! Las Vegas, number one!",Joy,MELD
Anybody lose this?,Neutral,MELD
Comin' out. Place your bet.  Dice are out.  Double or nothin'! Pay the front line!,Joy,MELD
Hmm.,Neutral,MELD
Do you remember where the duck food is?,Neutral,MELD
"Yeah, its in the guys apartment under the sink. Why?",Surprise,MELD
Because Im going to London.,Neutral,MELD
What?! What do you mean youre going to London?,Surprise,MELD
"Yeah, I have to tell Ross that I love him.",Neutral,MELD
"Now honey, you take care, you dont have those babies until I get back.",Neutral,MELD
"IRachel, you cant go! Ross loves Emily!",Fear,MELD
"Yeah, I know, I know, I know he does.",Fear,MELD
But I have to tell him how I feel!,Sadness,MELD
He deserves to have all the information and then he can make an informed decision.,Neutral,MELD
Thats not why youre going!,Sadness,MELD
"Youre going because you hope hes gonna say, ""Yeah, I love you too, Rach.",Sadness,MELD
"Forget that British chippy.""",Sadness,MELD
OhhDo you think he will?!,Surprise,MELD
No!,Sadness,MELD
Because hes in love with the British chippy!,Sadness,MELD
"Look, Rachel, if you go, youre just gonna mess with his head and ruin his wedding!",Anger,MELD
"Yknow, its too late!",Anger,MELD
You missed youre chance!,Sadness,MELD
"Im sorry, I know this must be really hard, its over.",Sadness,MELD
"Yknow what? No. Its not over until someone says, ""I do.""",Anger,MELD
"I do! I do! I do!  I do!  Ugh, like I can really chase you. Im carrying a litter.",Joy,MELD
So is everybody here?,Neutral,MELD
I got here a little early myself.,Neutral,MELD
Let us begin.,Neutral,MELD
"Now, the hydrosaurids have been unearthed in two main locations.",Neutral,MELD
Here.,Neutral,MELD
Here.,Neutral,MELD
Now as for the hydrosaurs,Neutral,MELD
"Well, so anyway Beth, what Im saying is I shouldve considered your feelings before I went home with you that night.",Neutral,MELD
"Ive ah, Ive recently learned whats it like to be on your side of it, and Im sorry.",Sadness,MELD
"So, do you think you can forgive me?",Sadness,MELD
Great.,Joy,MELD
Thanks.,Joy,MELD
"Okay, bye.",Neutral,MELD
"Hello, Jennifer?",Neutral,MELD
"Oh hi, Mrs. Loreo, is Jennifer there?",Surprise,MELD
"Oh, shes not home huh?",Surprise,MELD
"Well ah, actually I kinda need to talk to you too.",Neutral,MELD
Hey!,Anger,MELD
Hi.,Neutral,MELD
Are you all right?,Neutral,MELD
Uhh… I think I just got engaged.,Fear,MELD
Oh my God! He did it?,Surprise,MELD
Well…did you know he was gonna ask me?,Joy,MELD
Are you kidding?,Surprise,MELD
I’m like the one who talked him into it.,Joy,MELD
I  like to think of myself as the puppet master of the group.,Sadness,MELD
And you really think this is a good idea?,Sadness,MELD
"I just talked him into it, don’t tell me I have to do you too.  The puppet master gets tired people.",Neutral,MELD
I just don’t know! It just doesn’t feel right.,Sadness,MELD
"Why?! You two are so meant to be together, everybody thinks  so.",Surprise,MELD
Really?! Even Ross?,Surprise,MELD
Especially Ross!,Joy,MELD
"Oh uh, hey Pheebs. Uh y’know what? I’ll-I’ll come  back later.",Neutral,MELD
"Wow! Kind of uh, kind of a full house here. I’ll guess just…I’ll  come back.",Surprise,MELD
"There he goes, your fiancée.",Joy,MELD
I guess so.,Neutral,MELD
Although he does play with himself in his sleep.,Neutral,MELD
I can’t say that I’m surprised.,Neutral,MELD
"Oh, that is so unfortunate.",Sadness,MELD
What?,Neutral,MELD
Cute naked guy is really starting to put on weight.,Joy,MELD
"Okay, Ill be back in just a minute. Oh, Phoebe Im sorry that I left lipstick marks on the phone.",Neutral,MELD
You didnt leave lipstick marks on the phone.,Neutral,MELD
"Oh, then it mustve been you. Bye.",Neutral,MELD
Bye-bye!  Thats why I moved out.,Joy,MELD
"Hey, y'know while were on that, when are you gonna tell my sister that you dont live here anymore.",Neutral,MELD
I think on some levels she already knows.,Neutral,MELD
Night Mon. Night Julio.,Neutral,MELD
Adiós.,Neutral,MELD
"Look Julio, someone left their book here.",Surprise,MELD
"Ah actually, that is mine.",Neutral,MELD
"Oh yeah, what are you reading?",Neutral,MELD
"Flowers of Evil, by Beaudalire. Have you read it?",Neutral,MELD
"Have I read it?  No, are you enjoying it?",Neutral,MELD
"I thought I would, but the translation's no good.",Neutral,MELD
Your a poet and don't know it.,Neutral,MELD
"Actually I ah, I am a poet.",Neutral,MELD
"Oh, then you do know it.  So um what kind of things do you write about?",Neutral,MELD
"Things that move me. The, the shadow of a tree, a child laughing, or this lip.",Neutral,MELD
Mine?  Right here?,Neutral,MELD
I can write an epic poem about this lip.,Joy,MELD
"How would that go?  Well, it didn't rhyme, but I liked it.",Joy,MELD
"Last stop, Montreal. This stop is Montreal.",Neutral,MELD
What?,Surprise,MELD
"I made a bet with myself that you have beautiful eyes. Now that I see them, I win.",Neutral,MELD
What?,Surprise,MELD
Were at my stop. But would you like to have coffee?,Neutral,MELD
Are we really in Montreal?!,Surprise,MELD
"Yes we are. So, coffee?",Neutral,MELD
"Coffee sounds great.  Wait, so, so you live in Montreal?",Neutral,MELD
"Oh, no. But its just a two hour ferry ride to Nova Scotia.",Neutral,MELD
"Okay, heres batch 22.",Neutral,MELD
"Oh, maybe thesell taste a little like your grandmothers.",Anger,MELD
"This has a little bit of orange peel, but no nutmeg.",Neutral,MELD
Lets give it a shot.,Neutral,MELD
"Oh, what was that for? Like a bake sale?",Surprise,MELD
"No, just a Friday night.",Neutral,MELD
Would she?,Neutral,MELD
Would she?  You ate my candy bar!,Anger,MELD
"Oh God, I hate my job, I hate it, I hate my job, I hate it.",Disgust,MELD
"I know honey, Im sorry.",Sadness,MELD
"Oh, I wanna quit, but then I think I should stick it out, then I think why would such a person stay in such a demeaning job, just because its remotely related to the field theyre interested in.",Sadness,MELD
"Gee, I dont know Rach. Order up!! I got a Yentel soup, a James Beans, and a Howdy hold the Dowdy!",Joy,MELD
"Oh honey, come on, Im sorry, I didnt....",Sadness,MELD
"I dont mind paying my dues, y'know, its just how much am I gonna learn about fashion by walking Mira, the arthritic seamstress, to the bathroom.",Disgust,MELD
Hi! Is my misery amusing to you?,Anger,MELD
"Im sorry, I wa, I wa, I was just ah....",Fear,MELD
"Its not funny, this is actually my job.",Anger,MELD
"Oh believe me, I-I-Ive been there. I had to sort mannequin heads at that Mannequins Plus.",Neutral,MELD
"Oh well then, so Im just going to go back to talking to my friend here.",Joy,MELD
And you can go back to enjoying your little hamburger.,Joy,MELD
"Ah, just one other thing.",Neutral,MELD
Yes?!,Joy,MELD
"I ah, I work at",Neutral,MELD
Do you want my pickle?,Neutral,MELD
Do you think they have yesterday's daily news?,Neutral,MELD
Why?,Surprise,MELD
"Just wanna check my horoscope, see if it was right.",Neutral,MELD
Oh my God.,Surprise,MELD
Phoebe.,Neutral,MELD
"Don't look now, but behind us is a guy who has the potential to break our hearts and plunge us into a pit of depression.",Neutral,MELD
"Where?  Ooh, come to Momma.",Joy,MELD
"He's coming. Be cool, be cool, be cool.",Anger,MELD
We should do something. Whistle.,Joy,MELD
We are not going to whistle.,Anger,MELD
"Come on, do it.",Neutral,MELD
No!,Anger,MELD
Do it!,Joy,MELD
No!,Anger,MELD
Do it do it do it!,Joy,MELD
Woo-woo!,Joy,MELD
I can't believe you did that!,Surprise,MELD
"Hi! Umm, Im Monica Geller, Im the chef at Alessandros.",Neutral,MELD
Still?,Surprise,MELD
"I think the things that you said about me are really unfair, and I would like for you to give my bouillabaisse another chance.",Neutral,MELD
I dont see any reason why I would do that to myself again.,Joy,MELD
"Either eat it, or be in it.",Anger,MELD
"Spoon?  So, what do you think?",Joy,MELD
"Im torn, between my integrity and my desire to avoid a beating. But I must be honest, your soap is abysmal.",Disgust,MELD
Thata girl! Huh? We should get out of here.. theres a new class comin in.,Joy,MELD
"Welcome to introduction to cooking. Now, before we start, can anyone tell me the difference between a hollandaise sauce and a bearnaise sauce?",Neutral,MELD
I can.,Neutral,MELD
"Okay, go ahead.",Neutral,MELD
"Well umm, they both have a egg yolk and butter base, but a bearnaise has shallots, shirvel, and most importantly tarragon.",Neutral,MELD
"Thats very good, whats your name?",Neutral,MELD
Monica.,Neutral,MELD
"Monica, you go to the head of the class.",Neutral,MELD
Okay.,Joy,MELD
"And there's a country called Argentinaaaa,    it's a place I've never seeeeen.",Neutral,MELD
But I'm told for fifty pesos you can buy a    human spleen.,Neutral,MELD
Human spleeeen.,Neutral,MELD
Olé!,Joy,MELD
What are you doing here!,Surprise,MELD
"Well, you said that you had customers lined up in the street,    so I am here to entertain!",Joy,MELD
Great!,Joy,MELD
Yeah!,Joy,MELD
"It really has been great too, you know, some of this people    must have seen me play before because they were requesting a bunch of my songs!",Joy,MELD
"Yeah, ""You suck"" and ""shut up and go home"".",Joy,MELD
Listen Phoebe...,Joy,MELD
Yeah.,Neutral,MELD
"You know how much I love listening to your music, you know,    but...",Neutral,MELD
But what?,Neutral,MELD
This is kind of a classy place.,Neutral,MELD
"Ok, say no more.",Neutral,MELD
"I'm so bored! Stupid rain, we... we can't do anything.",Sadness,MELD
"Well, I've brought some books. We could read.",Neutral,MELD
"Hey, it hasn't come to that yet.",Joy,MELD
Hey hey hey! Don't mind if I do!,Joy,MELD
"I'm sorry sir, these are for the pharmaceutical convention",Neutral,MELD
"Hey Rach, do you feel like going to a convention?",Neutral,MELD
We can't. We're not pharmacists!,Sadness,MELD
"I know we're not, but  Frank Medeio and...  Eva Trorro... womba...",Neutral,MELD
Kate Miller?,Neutral,MELD
Kate Miller it is.,Neutral,MELD
And... that's the most sex I'm gonna have this weekend.,Joy,MELD
In that case should I make sure it's on real good?,Neutral,MELD
Thank you.,Neutral,MELD
Oh my God!,Surprise,MELD
"We heard about your pants, I'm so sorry.",Sadness,MELD
This year was supposed to be great!,Anger,MELD
"But, it's only the second day and I'm a loser with stupid leather pants that don't even fit!",Disgust,MELD
"No. No, you're not a loser.",Sadness,MELD
Look at me!,Anger,MELD
"Hey, hey, look. Look Ross, Ben drew a picture of you!  Huh? You're-you're a cowboy!",Joy,MELD
"Oh, be-because of the leather pants.",Sadness,MELD
"See? Ben doesn't think you're a loser, he thinks you're a cowboy! Now that's something.",Joy,MELD
That really is something.. that's really cool.,Joy,MELD
Howdy partner!,Joy,MELD
Maybe I should get another pair!,Joy,MELD
"Ooh, y'know, they-they had some with fringe all down the sides.",Joy,MELD
I'm gonna go kiss Ben goodnight.,Joy,MELD
I can't believe he thinks I'm a cowboy.,Joy,MELD
I would make a good cowboy.,Joy,MELD
"Okay, now that everything's wrapped up here, I think I'm, I'm gonna go do my laundry.",Neutral,MELD
"Oh yeah, me too. Y'know if this shirt is dirty.  Yep.",Neutral,MELD
"No you didn't. You said you would, but you never did!",Anger,MELD
Oh yeah!,Surprise,MELD
Great nap.,Neutral,MELD
It really was.,Neutral,MELD
"Uh me? Gay? No! No. No, but I have a number of close friends who are.",Joy,MELD
"So, lets talk about women. Im sure our female readers will be interested to know about your romantic life.",Neutral,MELD
"Oh-oh-oh-oh, how I do it is, I look a woman up and down and say, ""Hey, how you doin?""",Neutral,MELD
"Oh, please!",Disgust,MELD
"Hey, how you doin?",Neutral,MELD
Hey Mikey,Neutral,MELD
Hey P,Neutral,MELD
What are you doing?,Neutral,MELD
Setting rattraps,Neutral,MELD
To kill Bob??,Surprise,MELD
"No, no, to test his neck strength.",Neutral,MELD
"No, Mike, I don't want to kill him!",Anger,MELD
"I thought we were just gonna    capture him and, and you know, set him free in the country side where he can    maybe meet a friendly possom and a wisecracking owl.",Sadness,MELD
"Ok, ok, I'll throw away the traps.",Neutral,MELD
"I'll find Bob, I'll get him.",Neutral,MELD
Bob?,Fear,MELD
Bob!,Sadness,MELD
Robert!,Anger,MELD
"Oh wait, I think I hear him.",Neutral,MELD
Oh - Oh my god!,Surprise,MELD
Bob    had babies!,Surprise,MELD
Bob's a mom!,Surprise,MELD
Better think of a new name for him.,Neutral,MELD
"I don't know, I kinda like Bob for a girl.",Neutral,MELD
"I don't know, I mean I'm not sure  ...",Neutral,MELD
"Oh my god, we killed Bob!",Sadness,MELD
"Maybe it wasn't Bob, maybe it was a mouse.",Neutral,MELD
Suzie,Neutral,MELD
"Hmmm, soup!",Joy,MELD
"Joey, Ross is gonna be here any second, would you mind watching Ben for me while I use the ladies' room?",Neutral,MELD
"Oh yeah, no problem.",Neutral,MELD
Thanks.,Neutral,MELD
"Hi Ben! So you wanna be an actor huh? I gotta tell ya, it's no picnic. There's tons of rejection.",Sadness,MELD
Joey!,Surprise,MELD
What one? You wanted him to invite you to the party and he did it!,Surprise,MELD
"Yeah, but he waited until the last minute!",Anger,MELD
"So if I said yes, he would know I had nothing better to do than wait around for an invitation to his stupid party.",Anger,MELD
"I said, ""No!""",Anger,MELD
Which puts,Neutral,MELD
Great. So the ball is in his court?,Anger,MELD
Ball? There is no ball.,Anger,MELD
"Oh, hey Rach! I thought we said seven?",Surprise,MELD
"Yeah uh, y'know what uh, let's skip it.",Neutral,MELD
What?! Why?!,Surprise,MELD
"Umm, you-you and your sister seem to have umm, a very special bond, and",Neutral,MELD
Oh great! That,Anger,MELD
"Do-do you, do you have brothers?",Neutral,MELD
"No, I have two sisters. But one of them has a very masculine energy.",Neutral,MELD
Are you close with them?,Neutral,MELD
"No-no, they're not very nice people.",Neutral,MELD
"Okay, listen, I really like you.",Neutral,MELD
Okay?,Neutral,MELD
I think this can go somewhere.,Neutral,MELD
"So what if I'm close to my family, are you gonna let that stand in the way of us?",Neutral,MELD
"Well, uh, I-I don't know. See when-when you put it that way y'know it does sort of",Neutral,MELD
Danny! Hurry up! The bath is getting cold!,Neutral,MELD
What?,Surprise,MELD
"Yeah, okay, I'll see you later.",Neutral,MELD
Its over.,Sadness,MELD
"Oh, was it awful?",Sadness,MELD
"Well, it was loong.",Sadness,MELD
"I didnt even realise how late it was, until I noticed the 5 oclock shadow on her head.",Neutral,MELD
"Anyway, she didnt want to stay.",Sadness,MELD
I called a cab. she just left.,Neutral,MELD
I wrote you a letter.,Neutral,MELD
Ohh! Thank you! I like mail.,Joy,MELD
Its just some things Ive been thinking about.,Neutral,MELD
"Some things about us, and before we can even think about the two of us getting back together, I just need to know how you feel about this stuff.",Neutral,MELD
"Okay.  Wow, its-its 5:30 in the morning.  So, Id better get cracking on this baby.",Neutral,MELD
"Well, Ill be waiting for you, just come up when youre done.",Neutral,MELD
"Okay, Ill be up in,  18 pages. Front and back. Very exciting.",Joy,MELD
The waiter carried the breadsticks in his pants!,Anger,MELD
"Well, you said that we except the",Neutral,MELD
"All right, that Ill retract.",Neutral,MELD
"But I stand by my review, I know food and that wasnt it.",Disgust,MELD
Youre marinara sauce tasted like tomato juice!,Disgust,MELD
You should serve it with vodka and a piece of celery.,Disgust,MELD
"Hey! Im proud of that sauce, its delicious.",Anger,MELD
Oh my God! You own an Italian restaurant and you think that tastes good?! Where are you even from?,Surprise,MELD
Lebanon.,Neutral,MELD
"Hand me those tomatoes, Im gonna show you what it should taste like! Come on, hand me them.",Anger,MELD
How long is this gonna take? Cause I got another critic to go yell at.,Neutral,MELD
"Okay, then what happened?",Neutral,MELD
Ohh. Uh-huh. Uh-huh.  You'll get your turn!,Anger,MELD
"Hey Pheebs, what's going on?",Neutral,MELD
Nothing!   This is not over!,Anger,MELD
No! No! No!,Anger,MELD
What?!,Surprise,MELD
"I was up all night writing this really nasty letter to Emily! It was perfect and now it's all covered in-in  Actually, thanks!",Sadness,MELD
All right! Everybody ready to go to the movies?,Neutral,MELD
"Uh actually, I think I'm gonna skip it.",Sadness,MELD
Really?,Surprise,MELD
"Yeah, I'm gonna stay and read my book. I just wanna be alone right now.",Sadness,MELD
"Oh. Are you sure you don't want to come? Tom Hanks, Meg Ryan, they get mail and stuff.",Neutral,MELD
"That's okay, Joe.",Neutral,MELD
"All right, let's go Pheebs.",Neutral,MELD
Oh God!,Surprise,MELD
That was amazing.,Joy,MELD
I know.,Neutral,MELD
"Hey, do you realize we may have just changed our lives forever?",Joy,MELD
We may have just started a family.,Joy,MELD
"Nine months from now we can be here, having our own baby.",Joy,MELD
"And if not, we got to do it on a bucket.",Neutral,MELD
Ross! You gotta stop! Okay?! You cant just stare through the peep hole for three hours! Youre gonna get peep eye!,Anger,MELD
I knew it!,Surprise,MELD
I knew it!,Anger,MELD
I always knew she liked him!,Anger,MELD
"Y'know, shed say no, but here we are!",Anger,MELD
Right?,Neutral,MELD
"We just broke up, first thing she does!",Anger,MELD
You didnt just break up.,Neutral,MELD
"Hey, its been like three weeks!",Anger,MELD
You slept with somebody three hours after you thought you broke up. I mean bullets have left guns slower!,Disgust,MELD
"Hey, so uh, y'know how there's something I wanted to talk to you about?",Neutral,MELD
Oh yeah!,Joy,MELD
"Well, y'know how I'm trying to work things out with Emily.",Joy,MELD
"Well, there's this one thing Okay,  here goes.",Neutral,MELD
I made a promise that--Oh hey!,Surprise,MELD
What?,Neutral,MELD
You're nose is bleeding!,Surprise,MELD
Oh God.,Sadness,MELD
No!,Sadness,MELD
Oh not again!,Anger,MELD
This-this happened when my grandfather died.,Sadness,MELD
It's ugh!,Disgust,MELD
Sorry.,Sadness,MELD
"Oh, okay, so I'm sorry, what-what were you-what did you want to tell me?",Neutral,MELD
Umm,Neutral,MELD
Sorry. Sorry.,Sadness,MELD
"Okay, I uh, I can't see you anymore.",Sadness,MELD
"Yeah, I know. It's ridiculous! I can't see you either.",Neutral,MELD
Not yet! Not yet! Not yet! Not yet! Not yet! Not yet! Not yet! Not yet!,Fear,MELD
"Hello, Chip.",Neutral,MELD
"Hey, Rach! How ya doin?",Joy,MELD
Im great! Im great. Ive got a great job at,Joy,MELD
"So ah, Monica ready yet?",Neutral,MELD
"Shell be out in a second. So, Chip, hows umm, Amy Welch?",Neutral,MELD
"Amy Welch? Wow! I havent seen her since... So, Monica about ready?",Surprise,MELD
"Thats right, I love you! And-and Im gonna play with you all the time.",Joy,MELD
How can you let him talk to your crotch like that?,Surprise,MELD
Hes talking to the baby.,Neutral,MELD
Ohh!,Surprise,MELD
Okay!,Surprise,MELD
"Okay, cause when-when he said, ""I cant wait to hear your first words,"" I thought, ""Theres a trick.""",Surprise,MELD
"Okay. Well, I gotta go you guys. Ill see you later.",Neutral,MELD
Okay.,Neutral,MELD
"Oh my, oh my God!",Surprise,MELD
"Aw, its unbelievable!",Surprise,MELD
Wow!,Surprise,MELD
She is kicking so much!,Surprise,MELD
"Oh, shes like ummohwhos that kind of annoying girl soccer player?",Joy,MELD
Mia Hamm?,Neutral,MELD
Mia Hamm!,Joy,MELD
Oh thats amazing.,Joy,MELD
Oh-oh!! One hand on the sheet Joe!,Surprise,MELD
Whoa-hey-oh! Sorry!,Surprise,MELD
"Okay, what do you guys think?",Neutral,MELD
Dude!,Surprise,MELD
I have never known love like this.,Sadness,MELD
You really like it?,Surprise,MELD
Dude! How-how did you write this?,Surprise,MELD
I stole Monicas and changed the name.,Neutral,MELD
You cant,Neutral,MELD
If he goes first he can!,Joy,MELD
Yeah!,Anger,MELD
"Anyway, I-I still think we should try to patch things up, yknow?",Neutral,MELD
"Like uh, maybe we could get him to get tickets to another Knicks game and invite him.",Neutral,MELD
Oh wow thats a great idea! And,Joy,MELD
Here you go.,Neutral,MELD
"Hey-hey-hey-ho-ho, I got this one.",Joy,MELD
Here you go.,Neutral,MELD
"Yknow I gotta tell ya, sometimes I justI dont get Chandler.",Neutral,MELD
"Yknow, me and him do stuff all the time without you and you dont get all upset.",Neutral,MELD
All the time?,Sadness,MELD
All the time!,Anger,MELD
"Cassie, how you-how you doin on thathot dog.",Neutral,MELD
Im all done.,Neutral,MELD
Thank God.,Joy,MELD
I guess the last time we really hung out was when our parents rented that beach house together.,Neutral,MELD
Oh right.,Neutral,MELD
Right.,Neutral,MELD
"Ooh, remember the time I uh, I pinned you down and tickled you til you cried?",Joy,MELD
Were probably too old to do that now.,Sadness,MELD
"Ill always remember that summer, because its when I got all of these freckles.",Joy,MELD
Uh-huh! Uh-huh! And-and-and Ill always remember that summer because thats when I realized that we are related.,Joy,MELD
"It took you that long to figure it out, huh?",Surprise,MELD
"Well Im, Im a little slow.  Just as our children would be.",Neutral,MELD
Relax every muscle in your body.,Neutral,MELD
Listen to the plinky-plunky music.,Neutral,MELD
"Okay, now close you eyes, and think of a happy place.",Neutral,MELD
"Okay, tell me your happy place.",Neutral,MELD
"Richard's living room, drinking wine.",Joy,MELD
"All right. No, no, no, not a Richard thing, just put down the glass. And get out!",Anger,MELD
"I'm sorry, but that's my happy place.",Sadness,MELD
"Well, okay, fine, use my happy place.",Neutral,MELD
"Okay, I'm just gonna, I have to ask that you don't move anything.",Neutral,MELD
"All right, I'll try not to.",Neutral,MELD
"Okay, all right, so, your in a meadow, millions of stars in the sky....",Neutral,MELD
Do you think breaking up with him was a huge mistake?,Sadness,MELD
"All right, there are no questions in the happy place. Okay, just, the warm breeze, and the moonlight flowing through the trees....",Joy,MELD
"I'll bet he's totally over me, I'll bet he's fine.",Sadness,MELD
"All right, betting and wagering of any kind, are, I'm sure, not permitted in the happy place.",Neutral,MELD
Okay.,Neutral,MELD
"Just-just, you know, the-the lovely waterfalls, and the, the trickling fountains.",Joy,MELD
And the-the calming sounds of the babbling brook....,Neutral,MELD
"Okay, this isn't working. I'm still awake and now I have to pee.",Disgust,MELD
"OK sweetie, I'll see you later.",Neutral,MELD
See you later Rach.,Neutral,MELD
Bye-bye Julie.,Neutral,MELD
Hey.,Neutral,MELD
Hey.,Neutral,MELD
"Hey, c'mon, cut it out.",Joy,MELD
Hey?,Neutral,MELD
What?,Neutral,MELD
Can I ask you somethin'?,Neutral,MELD
"Hey Rach, wanna hear the new song I'm thinkin' of singing this afternoon? I wrote it this morning in the shower.",Joy,MELD
Ok.,Neutral,MELD
"Uh, Rachel, sweetheart, could I see ya for a minute?",Neutral,MELD
What's up?,Neutral,MELD
F.Y.I..,Neutral,MELD
I've decided to pay a professional musician to play in here on Sunday afternoons.,Neutral,MELD
Her name is Stephanie... something.,Neutral,MELD
She's supposed to be very good.,Neutral,MELD
But what about Phoebe?,Surprise,MELD
"Rachel, it's not that your friend is bad, it's that she's so bad, she makes me want to put my finger through my eye into my brain and swirl it around.",Disgust,MELD
"Ok, ok, so you're not a fan, but I mean, come on, you cannot do this to her.",Sadness,MELD
Uh...,Neutral,MELD
"Oh, no no no no. Oh no no no no. I have to do this to her?",Fear,MELD
"Ahh, no.",Sadness,MELD
Oh.,Neutral,MELD
Are you jealous?,Surprise,MELD
"Noo, I y'know I don't see why she has to play with you, that's all.",Anger,MELD
I mean doesn't she have any y'know other stripper moms friends of her own?,Anger,MELD
You are totally jealous.,Joy,MELD
I'm not jealous.,Anger,MELD
"All right this is about, umm, people feeling certain things y'know about strippers.",Neutral,MELD
"And y'know, and um, I...",Neutral,MELD
"Honey, I love you too.",Neutral,MELD
"Ugh. Wait, wait, wait.",Sadness,MELD
What?,Surprise,MELD
Huh.,Surprise,MELD
"Well, there's a kiss that he won't forget for a couple of hours, y'know.",Joy,MELD
"Yeah. Either that, or you just turned him on and sent him off to a stripper.",Neutral,MELD
I cant believe you came back.,Surprise,MELD
Dont say anything.,Joy,MELD
"I dont wanna speak, I dont wanna think.",Neutral,MELD
"I just want you to take me and kiss me and make love to me right here, right now.",Joy,MELD
Rachel! Rachel!,Joy,MELD
What?,Neutral,MELD
You missed the exit!,Surprise,MELD
"Oh, sorry.",Neutral,MELD
"My God, what were you thinking about?",Surprise,MELD
"Um,  Barry.",Neutral,MELD
Awwwww,Joy,MELD
"I justI thought you guys were doing it, I didn't know you were in love!",Surprise,MELD
Dude!,Joy,MELD
And hats off to Phoebe. Quite a competitor.  And might I say your breasts are still showing.,Joy,MELD
God!,Surprise,MELD
All right! So that's it! It's over! Everybody knows!,Joy,MELD
"Well actually, Ross doesn't.",Neutral,MELD
"Yes, and we'd appreciate it if no one told him yet.",Neutral,MELD
Dear Mary-Angela.,Neutral,MELD
Hi.,Neutral,MELD
How?s it going.,Neutral,MELD
This is the hardest letter I?ve ever had to write.,Sadness,MELD
What the hell?s a matter with you?,Disgust,MELD
How do you think Joey?s going to react when he finds out that you blew off his sister with a letter?,Anger,MELD
"Well, that?s the part where you tell him that I moved to France. When actually I?ll be in Cuba.",Neutral,MELD
"All right, look, look, you?ve got to do this yourself, okay in person.",Neutral,MELD
At least you know her name.,Neutral,MELD
"You just go to the house and you ask for Mary-Angela, okay, when which ever one she is comes to the door, you take her for a walk, you let her down easy.",Neutral,MELD
What if Mary-Angela comes to the door and I ask for Mary-Angela?,Fear,MELD
Where in Cuba?,Sadness,MELD
Hey.,Neutral,MELD
"You uh, you may have been right about Jill.",Sadness,MELD
Oh! I knew it! What happened?,Surprise,MELD
"Umm, she kissed me.",Sadness,MELD
What?! You kissed!,Surprise,MELD
All right.,Neutral,MELD
"Okay, here you go.  I have two queens, what do you have?",Neutral,MELD
A two and a five.,Neutral,MELD
"Ho-ho, you win! 50 dollars!",Joy,MELD
Really?!,Surprise,MELD
"Oh yeah! Okay, lets play again.  What do you got?",Neutral,MELD
A four and a nine.,Neutral,MELD
Youre kidding right?,Surprise,MELD
No. Why?,Neutral,MELD
Well thats a full cup!,Surprise,MELD
Damn! I am good at Cups!,Joy,MELD
What? Why? Where are you?,Surprise,MELD
Im still on the set!,Neutral,MELD
Joey! The wedding is in less than an hour!,Anger,MELD
"I know! Im sorry! The guys drunk, they wont let me go until we get this.",Sadness,MELD
Oh my God! Im gonna have to find another minister.,Sadness,MELD
"No! No, Im the minister! Alright, look-look, put em both on the phone, Ill marry them right now.",Anger,MELD
"Ugh! Joey, I have to go.",Sadness,MELD
Hey! Dont you hang up on me! Ill marry you and me right now! I have the power!,Anger,MELD
Oh hey Joey! What's up?,Joy,MELD
"I can't decide which route to take to Vegas. Hey, you've traveled a lot right?",Neutral,MELD
"Yeah, I've been around.",Neutral,MELD
"Okay, so-so which route should I take the northern route or the southern route?",Neutral,MELD
"Ooh, if you take the northern route there's a man in Illinois with a beard of bees.",Neutral,MELD
Great! Problem solved!,Joy,MELD
"Estelle, you gotta get me some work. I-I lost my health insurance.",Sadness,MELD
"All right, first thing we gotta do, damage control.",Neutral,MELD
Why?,Surprise,MELD
"Well, I think uhh, someone out there may have been bad mouthing you all over town.",Sadness,MELD
Bastard!,Anger,MELD
You mean whenever Monica and Chandler where like y'know doing laundry or going grocery shopping orOh!,Surprise,MELD
All that time Monica spent on the phone with sad Linda from camp!,Surprise,MELD
"Uh-huh, doing it. Doing it. Phone doing it.",Joy,MELD
"Oh, I can't believe it!",Surprise,MELD
I mean I think it's great!,Joy,MELD
For him.,Neutral,MELD
She might be able to do better.,Neutral,MELD
Hey guys!,Neutral,MELD
Joey! Come here! Come here!,Neutral,MELD
Phoebe just found out about Monica and Chandler.,Neutral,MELD
You mean how they're friends and nothing more?,Neutral,MELD
"No. Joey, she",Neutral,MELD
"Okay, so now they know that you know and they don't know that Rachel knows?",Surprise,MELD
"Yes, but y'know what?",Neutral,MELD
It doesn't matter who knows what.,Neutral,MELD
"Now, enough of us know that we can just tell them that we know!",Neutral,MELD
Then all the lying and the secrets would finally be over!,Joy,MELD
"It's a tradition, like the parade. If the parade decided it was gay, moved out, and abandoned its entire family.",Neutral,MELD
"Yknow, youre friends getting married, its gotta change things.",Neutral,MELD
You really think it would be that different?,Surprise,MELD
How could it not be?,Surprise,MELD
"I mean pretty soon theyre gonna be having kids, and then theyre just gonna be hanging out with other couples who have kids.",Sadness,MELD
And then maybe theyre gonna have to leave the city to be near a,Sadness,MELD
"Well, things change.",Neutral,MELD
I dont want them to move to a,Sadness,MELD
Itll be okay Joe.,Neutral,MELD
Its still there!,Surprise,MELD
Mrs. Braverman must be out.,Neutral,MELD
She could be out of town. Maybe shell be gone for months.,Sadness,MELD
"By then, the cheesecake may have gone bad. We dont want her to come back to bad cheesecake.",Fear,MELD
No that could kill her.,Fear,MELD
"Well, we dont want that.",Neutral,MELD
"No, so were protecting her.",Neutral,MELD
But we should take it.,Neutral,MELD
But we should move quick.,Fear,MELD
Why?,Surprise,MELD
Because I think I just heard her moving around in there.,Fear,MELD
Go! Go! Go! Go! Go! Go! Go! Go! Go! Go!,Fear,MELD
"Hey, Kicky. What're you doing?",Neutral,MELD
Just trying to get comfortable. I can't sleep in my underwear.,Neutral,MELD
"Well, you're gonna.",Neutral,MELD
"I've been thinking. Y'know, about how I'm always seeing girls on top of girls...",Neutral,MELD
"Are they end to end, or tall like pancakes?",Neutral,MELD
"Y'know what I mean, about how I'm always going out with all these women.",Neutral,MELD
"And I always figured, when the right one comes along, I'd be able to be a stand-up guy and go the distance, y'know?",Sadness,MELD
"Now I'm looking at my dad, thinking...",Neutral,MELD
"Hey, you're not him.",Neutral,MELD
You're you.,Neutral,MELD
"When they were all over you to go into your father's pipe-fitting business, did you cave?",Neutral,MELD
No.,Neutral,MELD
No.,Neutral,MELD
You decided to go into the out-of-work actor business.,Neutral,MELD
"Now that wasn't easy, but you did it!",Neutral,MELD
"And I'd like to believe that when the right woman comes along, you will have the courage and the guts to say ""No thanks, I'm married.""",Neutral,MELD
You really think so?,Joy,MELD
Yeah. I really do.,Neutral,MELD
"Thanks, Chandler.",Neutral,MELD
Get off!,Anger,MELD
Hi.,Neutral,MELD
"Your Fettuccini Alfredo looks a little dry, did you use all your cheese?",Neutral,MELD
"When you say used, do you mean eat as a pre-cooking snack?",Neutral,MELD
And the cream?,Neutral,MELD
Cheese makes me thirsty.,Neutral,MELD
Okay. Lets move on.,Neutral,MELD
All right.,Neutral,MELD
Oh! Something smells good over at Monicas station!  Oh my God! This is absolutely amazing! Youve never made this before?,Surprise,MELD
Oh no!,Surprise,MELD
I dont know anything about cooking.,Neutral,MELD
"I had to ask someone what its called when the, when the water makes those little bubbles.",Neutral,MELD
"Well, hats off to the chef.",Joy,MELD
"I-I-Im sorry, your-your mouth was full, I didnt hear what you said. Umm, hats off to who now?",Neutral,MELD
The chef!,Joy,MELD
Thats right.,Joy,MELD
"Hey, Pheebs.",Neutral,MELD
Hey.,Neutral,MELD
How's it going?,Neutral,MELD
Good. Oh oh! Roger's having a dinner thing and he wanted me to invite you guys.,Joy,MELD
So what's going on?,Neutral,MELD
"Nothing, um, it's just, um... It's Roger.",Neutral,MELD
"I dunno, there's just something about...",Neutral,MELD
Basically we just feel that he's...,Neutral,MELD
We hate that guy.,Disgust,MELD
Yeah. Hate him.,Disgust,MELD
"We're sorry, Pheebs, we're sorry.",Sadness,MELD
Uh-huh.,Neutral,MELD
Okay.,Neutral,MELD
"Okay, don't you think, maybe, though, it's just that he's so perceptive that it freaks you out?",Neutral,MELD
"...No, we hate him.",Disgust,MELD
We're sorry.,Sadness,MELD
Hey!,Joy,MELD
Hey!,Joy,MELD
What are you doing?,Neutral,MELD
Im sending back all this stuff that Chandler bought out of guilt.,Neutral,MELD
Yes that was mine.,Fear,MELD
Cause I figured you'd hooked up with some girl and she'd left it there.,Neutral,MELD
Yes that would have made more sense.,Sadness,MELD
"Y'know, I-I don't even feel like I know you anymore man!",Anger,MELD
"All right, look, I'm just gonna ask you this one time.",Neutral,MELD
"And whatever you say, I'll believe ya.",Neutral,MELD
"Were you, or were you not on a gay cruise?",Anger,MELD
"Oh hey! There's some kids playing in the street, you wanna go down there and give them a project, ruin their day?",Anger,MELD
"Hey, if they have a ball maybe you can stick razor blades in it and teach them a new game, Gonna Need Stitches Ball.",Neutral,MELD
She said what?,Surprise,MELD
"She said, ""If Im not gonna be happy getting married somewhere that we find in a day, well then we should just postpone it.""",Neutral,MELD
Postpone it?,Joy,MELD
"Emily, do you think Monica realises how much our parents spent on this wedding?",Anger,MELD
"Do you my sisters teeny-tiny little brain comprehends that people took time out of their lives to fly thousands of miles to be here, huh?",Anger,MELD
This isnt right.,Neutral,MELD
"I realize that people are going to be disappointed. But, Im sure theyll come back when we can do it right.",Sadness,MELD
I cant ask people to do that? Would you ask people to do that?,Anger,MELD
Dont you point your pants at me!,Anger,MELD
We have no choice!,Anger,MELD
"Anywhere thats half-decent wouldve be booked months ago, Ross dont you understand?",Anger,MELD
This is our wedding Im talking about.,Anger,MELD
The only thing I understand is postponing it is not an option. This is when were getting married.,Neutral,MELD
So what are you saying? Its now or never?,Anger,MELD
No. Im saying its now.,Neutral,MELD
Or?,Anger,MELD
Theres no or in mind. What is wrong with these pants?!!,Anger,MELD
Its not the pants.,Anger,MELD
Its you that is backwards.,Anger,MELD
"And if, and if you dont understand how important this is to me, well then, perhaps we shouldnt get married at all!",Anger,MELD
"No, wait! Emily! No, wait, stop! Emily, please",Sadness,MELD
"Hi, honey.",Neutral,MELD
See you later.,Neutral,MELD
"What? I-I bought groceries, I was gonna make you dinner!",Joy,MELD
Well next time ask! Or at least wait for me to ask!,Anger,MELD
"Hi, this is Heldi from the Morgan Chase museum. Im calling for Monica Geller.",Neutral,MELD
Oh no!,Surprise,MELD
"I want to let her know that there was a cancellation and if shes still interested in having the Bing-Geller wedding at our facility, it is available",Neutral,MELD
"Oh please, he didnt hear it! He didnt hear it!!",Fear,MELD
This is Chandler Bing! This is Chandler Bing!,Surprise,MELD
NOOOO!!!!!!!!,Anger,MELD
Ma! What're you doing here?,Surprise,MELD
I came to give you this  and this.,Neutral,MELD
Oww! Big ring!,Surprise,MELD
"Yeah, all the time. I want the baby to know my voice.",Neutral,MELD
"Do you uh, do you talk about me?",Neutral,MELD
"Yeah, yeah, all the time.",Neutral,MELD
Really?,Surprise,MELD
"But um, we just refer to you as Bobo the Sperm Guy.",Neutral,MELD
Would you look at this dump? He hated us. This is his final revenge!,Disgust,MELD
Have you ever seen so much crap?,Disgust,MELD
"Actually, I think this apartment sullies the good name of crap",Anger,MELD
Check this out. Can I have this?,Neutral,MELD
What?,Neutral,MELD
"I'm at work, ordinary day, you know, chop chop chop, sauti, sauti, sauti.",Neutral,MELD
"All of a sudden, Leon, the manager, calls me into his office.",Neutral,MELD
"It turns out they fired the head lunch chef, and guess who got the job.",Joy,MELD
"If it's not you, this is a horrible story.",Sadness,MELD
"Fortunately, it is me.",Joy,MELD
"And, they made me head of purchasing, thank you very much.",Joy,MELD
"Anyway, I just ran into Ross and Chandler downstairs, and they think we should go out and celebrate.",Joy,MELD
"Y'know, someplace nice.",Neutral,MELD
"Yeah, someplace nice.",Neutral,MELD
Yeah!,Joy,MELD
How much do you think I can get for my kidney?,Neutral,MELD
"So, what do you think?",Neutral,MELD
I think It's the most beautiful table I've ever seen.,Joy,MELD
I know!,Joy,MELD
"So how does this work, you going to balance the plates on these little guys' heads?",Neutral,MELD
"Who cares, we'll eat at the sink! Come on, let's play!",Joy,MELD
Heads up Ross!  Score!  You suck!,Joy,MELD
Thank you. Just make yourself comfortable.,Neutral,MELD
Gotcha.,Neutral,MELD
This place is really my Grandmothers.,Neutral,MELD
"I got it from her when she moved to Florida, otherwise I could never afford a place like this.",Neutral,MELD
"So if the landlord ever asks, Im 87 year old woman, whos afraid of her VCR.",Neutral,MELD
So are you thirsty?,Neutral,MELD
"Oh, you bet I am!",Joy,MELD
"Okay, heres your penis!",Surprise,MELD
"Ohh, okay.",Neutral,MELD
"Oh my God, what a great surprise! This is such a beautiful house.",Joy,MELD
"Thank you, its my moms. So this is the kitchen.",Neutral,MELD
"Hey, ready for dinner?",Neutral,MELD
"Ooh, absolutely!",Joy,MELD
Great! How about you wanted to go the Italian place down on Bleaker Street right?,Joy,MELD
"Ooh, I love that place!  So, no.",Neutral,MELD
How about Mama Lisettie's?,Neutral,MELD
Enh. Sure!,Neutral,MELD
I wonder how long that milk  has been setting out.,Disgust,MELD
"Oh, no-no, this place is totally healthy!",Neutral,MELD
Thatthis milk is mine.,Neutral,MELD
"I bought this today, 'cause I was thirsty for milk, y'know.",Neutral,MELD
"Okay, let's go!",Joy,MELD
"Hey, buddy!  Are you familiar with Section 11-B of the Health Code that requires all refuse material out the",Anger,MELD
But then I'd have to go all the way around the dry cleaner place.,Neutral,MELD
"Oh, so you're saying you'd choose convenience over health?!",Disgust,MELD
"Okay, stop!",Anger,MELD
"Larry, okay, can't you just be Larry and not Larry the health inspector guy?",Neutral,MELD
"Y'know I mean it was really exciting at first but now it's like, okay, so where are we gonna eat ever?",Anger,MELD
"Well, I suppose I could give him a warning.",Neutral,MELD
Thank you.,Joy,MELD
Go!,Neutral,MELD
Go!,Anger,MELD
"Now, if after dinner you still really need to bust someone, I know a hot dog vendor who picks his nose.",Disgust,MELD
"No! No! Phoebe, come on! I dont want to switch! Please come on! I can throw wet paper towels here!",Sadness,MELD
No but at Monicas you can eat cookies over the sink!,Joy,MELD
I know. Im sorry.,Sadness,MELD
All right fine! This looks like so much fun.,Neutral,MELD
Yeah.,Neutral,MELD
"God, what a mess.",Neutral,MELD
"Tell us what happened, Brown Bird Ross.",Neutral,MELD
"Well, I lost.",Sadness,MELD
"Some little girl loaned her uniform to her nineteen year old sister, who went down to the U.S.S.",Sadness,MELD
"Nimitz, and sold over 2,000 boxes.",Anger,MELD
Hey! Howd the interview go?,Joy,MELD
"Oh, I blew it. I wouldnt of even hired me.",Sadness,MELD
"Oh, come here sweetie, listen, youre gonna go on like a thousand interviews before you get a job.",Sadness,MELD
Thats not how that was supposed to come out.,Sadness,MELD
This is the worst Christmas ever.,Sadness,MELD
"Y'know what Rach, maybe you should just, y'know stay here at the coffee house.",Neutral,MELD
I cant!,Anger,MELD
Its too late!,Anger,MELD
Terry already hired that girl over there.,Sadness,MELD
"Look at her, shes even got waitress experience.",Sadness,MELD
Last night she was teaching everybody how to make napkin....  swans.,Sadness,MELD
That word was swans.,Neutral,MELD
What do we got there?,Surprise,MELD
"A piece of something: boxer shorts, greeting cards, and what looks like a half-charred pictureWow, that guy's hairier than the Chief!",Surprise,MELD
"You know, it's a really funny story how this happened.",Joy,MELD
It's all right.,Neutral,MELD
It's all right.,Neutral,MELD
You don't have to explain.,Neutral,MELD
This isn't the first boyfriend bonfire that we've seen get out of control.,Neutral,MELD
You're our third call tonight.,Neutral,MELD
Really?,Surprise,MELD
"Oh, sure, Valentine's is our busiest night of the year.",Neutral,MELD
"I'm so sorry, you guys. I didn't mean to bring you down.",Sadness,MELD
"No, you were right. I don't have a plan.",Neutral,MELD
Thank God. Food.,Joy,MELD
Phoebe?,Neutral,MELD
What?,Neutral,MELD
Do you have a plan?,Neutral,MELD
I don't even have a 'pl'.,Joy,MELD
"No, no, that's not what we ordered... We ordered a fat-free crust with extra cheese.",Sadness,MELD
Wait! Did you say 'G.Stephanopoulos?',Surprise,MELD
"Wait, was this a-a small mediterranean guy with curiously intelligent good looks?",Surprise,MELD
Was he wearing a stunning blue suit?,Joy,MELD
And-and a power tie?,Joy,MELD
Oh God.,Surprise,MELD
Are you nuts?! We've got George Stephanopoulos' pizza!,Surprise,MELD
"Uh, Pheebs? Who's George Snuffalopagus?",Neutral,MELD
Big Bird's friend.,Neutral,MELD
I see pizza!,Joy,MELD
"Oh, I wanna see! Lemme see! Lemme see!",Joy,MELD
Hello? Who are we spying on?,Sadness,MELD
"Hey, y'know what a really good rainy day game is?",Neutral,MELD
What?!,Neutral,MELD
"I mean naked game. Strip poker, we should totally play strip poker.",Joy,MELD
"No, no!",Disgust,MELD
What are you crazy?!,Disgust,MELD
"Come on! When you go away, you-you have to play, its like a law!",Sadness,MELD
Allll done!,Neutral,MELD
"Aww, thank you.",Joy,MELD
"Okay, whos next?!",Neutral,MELD
No-o-o!  No way!,Disgust,MELD
"Come on, please?! Im boredddd! You let me do it once before.",Neutral,MELD
"Yeah well, if ah, if thats the rule this weekend...  No!",Joy,MELD
Its beautiful! Its like the first bathroom floor there ever was.  Whoa! Are you going in there for?,Surprise,MELD
"What, like a number?",Neutral,MELD
Hey!,Joy,MELD
Hi! Bye!,Neutral,MELD
"Okay, Im done with my choices, these are final.",Neutral,MELD
"Well, its about time.",Anger,MELD
"Ooh, very official.",Neutral,MELD
"Oh, yeah, well y'know Chandler printed it up on his computer.",Neutral,MELD
And who laminated it?,Neutral,MELD
That would be me.,Neutral,MELD
"All right let me see.  Uma Thurman, Winona Ryder, Elizabeth Hurely, Michelle Pfieffer, and Dorothy Hammel?",Neutral,MELD
"Hey, its my list.",Anger,MELD
"Okay honey, you do realize she only spins like that on ice.",Neutral,MELD
"Okay, Phoebe, this Dr. Oberman. He has no strong feelings about Fonzie or any of the",Neutral,MELD
Hi! And you're going into what grade?,Surprise,MELD
"Umm, I'm actually a first year resident, but I get that a lot, you see, I-I graduated early",Joy,MELD
"Uh-huh, me too. Ross, maybe I should've specified that I'd be needing a grown up doctor.",Joy,MELD
"Oh no, I'm fully qualified to",Joy,MELD
Shh!,Anger,MELD
"Doogie, shh!",Anger,MELD
Doesn't anybody understand that I'm gonna be having babies soon?,Surprise,MELD
Huh?,Surprise,MELD
Go!,Anger,MELD
"Go little boy, go!",Anger,MELD
Oh cool! You made him cry!,Joy,MELD
"Hey, theres uh, some people outside, askin about candy.",Neutral,MELD
"Well, theyre just gonna have to wait arent they? Ive only got two hands!!",Anger,MELD
Need some help?,Neutral,MELD
No! You dont know the system! Therell be nobody messing with the system!,Anger,MELD
Your license please.,Neutral,MELD
You dont-you dont want to hear about my dream OfficerPretty?,Neutral,MELD
Its Petty.  Ill be right back with your ticket.,Neutral,MELD
You have a son!,Surprise,MELD
I know. I know.,Neutral,MELD
"Uh, like, could these margaritas",Neutral,MELD
"Hello, Mr. Bing.",Neutral,MELD
Loved your Stevie Wonder last night.,Joy,MELD
"Thanks. Listen, about the weekly numbers, I'm gonna need them on my desk",Neutral,MELD
Sure.,Neutral,MELD
No problem.,Neutral,MELD
"You have to give 'em something, you know.",Joy,MELD
"Okay, now that was Gerston, Santos, and who's the guy with the moustache?",Neutral,MELD
Petrie.,Neutral,MELD
"Petrie, right, right. Okay, some people gonna be working",Neutral,MELD
....right?,Anger,MELD
Right?,Anger,MELD
"I mean its pretty unbelievable y'know, I mean they just took off, took off without even looking back.",Anger,MELD
"Y'know I dont, I dont need them, huh, Ive got you guys now as friends, you and Susan.",Anger,MELD
"Ah, Susan will be so pleased.",Joy,MELD
"717?  Wheres 717?  Hey, youve have more of these for Susan right?",Surprise,MELD
"No. But its okay, Ill just put out pickles or something.",Neutral,MELD
"Ross, thank God.",Joy,MELD
"Pheebs? What, why are you whispering?",Surprise,MELD
I ate a bug.,Disgust,MELD
"Hey Rach, the tampons here are only a penny. Lets stock up.",Joy,MELD
"Listen Ross, we ran out of gas, and we dont know where we are, so we cant get a tow truck.",Fear,MELD
"Oh, now you want a favour?",Joy,MELD
"Yes, please.",Neutral,MELD
"Well, oh, Im sorry your car broke down Pheebs, but Im a little too busy with some of my real friends right now, but please call to let me know you got home safely okay?",Anger,MELD
"Phoebe, hang on a second.  Here, take my car, go pick up your friends.",Neutral,MELD
"No, Im not gonna pick them up.",Anger,MELD
"Listen, we both know youre gonna do it cause youre not a jerk.",Neutral,MELD
"So you can either sulk here for a half hour and then go pick them up, or save us both time and sulk in the car.",Anger,MELD
"No, Rachel doesnt want me to....",Anger,MELD
"Look, I-I-I am sorry that Rachel dumped you cause she fell in love with that Mark guy, and you are the innocent victim in all of this, but dont punish your friends for what Rachel did to you.",Neutral,MELD
"Yeah, youre right.",Neutral,MELD
"God, I feel so guilty about Ross.",Sadness,MELD
"Oh, I know.",Sadness,MELD
I kinda feel like it's my fault.,Sadness,MELD
Kind of? If you just kept this to yourself none of this would've happened.,Anger,MELD
"Well, I'm keeping so many things to myself these days, something was bound to slip out!",Anger,MELD
"Well, I think it's very brave what you said.",Anger,MELD
"All right, I can't sit here anymore. I have to walk places.",Neutral,MELD
"Pheebs, what are you doing with the coat? How about the whole animal rights thing?",Anger,MELD
"Well, I've been reading up and for your information, minks are not very nice.",Anger,MELD
"Okay, I admit it!",Anger,MELD
I love this coat!,Joy,MELD
"Okay, Iit's the best thing I've ever had wrapped around me, including Phil Huntley!",Joy,MELD
Remember Phil Huntley?,Neutral,MELD
He was fine!,Joy,MELD
So your dad dropped by. Hes a pleasant man!,Joy,MELD
Oh no,Fear,MELD
Id better go. (She goes and sits down in the,Neutral,MELD
"Ross Im so sorry. Okay. I-I will promise I will straighten this out with him tomorrow in person, or via e-mail.",Sadness,MELD
I dont care about your dad! I care about Mona! She was there and now shes totally freaked out!,Anger,MELD
"Oh okay, Ill fix that to. Whats her e-mail address?",Neutral,MELD
Rachel!,Anger,MELD
"All right, I promise. Ill fix this. I swear. Ill-Ill-Ill-Ill talk to her.",Fear,MELD
Okay!,Anger,MELD
Okay.,Neutral,MELD
Thank you!,Anger,MELD
Thats it?!,Anger,MELD
You call that a fight?,Surprise,MELD
Come on!,Anger,MELD
"""We were on a break!""",Anger,MELD
"""No we werent!""",Anger,MELD
What happened to you two?,Surprise,MELD
"Hi, could we get two burritos to go, please?",Neutral,MELD
I'm sorry.,Neutral,MELD
"But not that sorry, 'cause you don't have to live with it.",Neutral,MELD
"Um, we have a reservation under the name Chandler Bing.",Neutral,MELD
"Oh-kay, we'll have a table for you in about 45 minutes.",Neutral,MELD
Forty-five minutes? We have tickets to the,Surprise,MELD
"I'm sorry. Christmas is a very busy time, sir.",Neutral,MELD
Is this because of the burrito thing?,Sadness,MELD
You need to give him money.,Neutral,MELD
Give him money? It was a joke!,Surprise,MELD
"No, to get a table! Places like this are always shakin you down. Everybody wants to be paid off.",Anger,MELD
"Right, calm down, O'Mally. I'll slip him some money.",Neutral,MELD
You've got to be smooth about it.,Neutral,MELD
"Hey, I can be smooth.",Neutral,MELD
"Listen, we're a little bit in a hurry, so, if you can get us a table a little quicker, I'd appreciate it.",Neutral,MELD
"Of course, sir.",Neutral,MELD
Okay.,Neutral,MELD
Id better get back to my desk.,Neutral,MELD
"Okay, you hard worker! Ill remember to put that in your evaluation.",Joy,MELD
My what?,Surprise,MELD
"Well, youve been here for two months now and your boss is required to hand in a performance evaluation.",Neutral,MELD
"But yknow, there is one thing that I have yet to evaluate.",Neutral,MELD
Are you serious?,Surprise,MELD
"No, Ive just always wanted to do that. Can you help me clean this up?",Neutral,MELD
I can blow dry it.,Neutral,MELD
I can put gel on it.,Neutral,MELD
"It doesnt matter, I still wind up with this little  cowlicky thing on the middle part of my head.",Neutral,MELD
Its so annoying.,Disgust,MELD
Does it bug you?,Sadness,MELD
You bug me.,Disgust,MELD
Is there any chance you didnt see that?,Neutral,MELD
"Hey Joey, what cha doing?",Neutral,MELD
Sweepin. Why? Turn you on?,Neutral,MELD
No.,Neutral,MELD
Huh. What if I was sweeping a chimney?,Joy,MELD
"Joey, did",Neutral,MELD
Where are you going? The vicar wont be home for hours.,Joy,MELD
"Joey,  where did you learn that word?",Surprise,MELD
"Where do you think,  Zelda?",Neutral,MELD
You found my book?!,Anger,MELD
Yeah I did!,Joy,MELD
"Joey, what-what are you doing going into my bedroom?!",Anger,MELD
"Okay, look Im sorry, I went in there to take a nap and I know I shouldnt have, but you got porn!",Surprise,MELD
"Hey-hey, yknow what?",Anger,MELD
Theres nothing wrong with a woman enjoying a littleerotica.,Neutral,MELD
"Its just a healthy expression of female sexuality, which by the way, you will never understand.",Anger,MELD
You got porn!,Joy,MELD
"Well, I feel like a snack!",Joy,MELD
Do you want some shortbread? Eh thats Scottish like you are.,Neutral,MELD
Oh no thanks. I dont like,Neutral,MELD
What?!,Surprise,MELD
"Well its just my entire family was run out of Scotland byVikings. Anyway, lots of bad memories.",Sadness,MELD
"Oh well, it sounds to me like your family is ready to uh, rediscover its Scottish roots.",Neutral,MELD
You can not play bagpipes at the wedding!!,Anger,MELD
How did you know about that?!,Surprise,MELD
Hi!,Joy,MELD
Hi!,Joy,MELD
Come in.,Neutral,MELD
"Thanks for comin back, umm, okay there have been a lot of people interested in the room, but I have narrowed it down and",Neutral,MELD
Great!,Joy,MELD
"Okay now, before I make my final decision I uh, I just want to make sure our personalities match.",Neutral,MELD
"Okay, so I made up a little test.",Neutral,MELD
"Now, Im gonna say a word and then you say the first thing that comes to mind.",Neutral,MELD
I can do that.,Neutral,MELD
Okay! Here we go. Pillow.,Neutral,MELD
Fight.,Neutral,MELD
Very good! Okay. G.,Joy,MELD
String?,Neutral,MELD
"Excellent! Okay umm, doggy.",Joy,MELD
Kitten?,Neutral,MELD
"Ooh, sorry! No-no-no, so close though, butbye-bye!",Sadness,MELD
"Dad, please dont pick your teeth out here!",Disgust,MELD
"Alright, and if youre gonna put your feet up, why dont you sit on the-",Disgust,MELD
"Monica, leave him alone",Anger,MELD
Will you hurry up?,Sadness,MELD
Did you not hear me before when I told you that all of Janines friends are dancers?!,Surprise,MELD
And that theyre going to be drinking alot!,Anger,MELD
"No, I did, but tell me again, because its so romantic.",Neutral,MELD
Well youre whippin so slow! Cant you do it any faster?,Anger,MELD
Joey!,Anger,MELD
Come on!,Anger,MELD
"I dont wanna make any mistakes, alright?",Anger,MELD
"This is the only dessert and if I screw it up everybody's gonna be like Oh, remember that Thanksgiving when Rachel screwed up the trifle?",Fear,MELD
"So why dont you just let me worry about making the trifle and you just worry about eating it, alright?",Neutral,MELD
Oh I am!,Joy,MELD
"Ross, if you dont tell them, then I will!",Anger,MELD
"Okay, fine!",Anger,MELD
Ross! Can I talk to you for a second?,Neutral,MELD
"Oh, uh, can it wait a second Joey? I have to tell my parents something. No it cant? Okay.",Neutral,MELD
You are so cute! How did you get to be so cute?,Joy,MELD
"Well, my Grandfather was Swedish and my Grandmother was actually a tiny little bunny.",Joy,MELD
"Okay, now you're even cuter!!",Joy,MELD
Y'know that is a popular opinion today I must say.,Neutral,MELD
What?,Surprise,MELD
"The weirdest thing happened at the coffee house, I think, I think Phoebe was hitting on me.",Surprise,MELD
What are you talking about?,Surprise,MELD
I'm telling you I think Phoebe thinks I'm foxy.,Joy,MELD
That's not possible!,Joy,MELD
Ow!,Surprise,MELD
"I'm sorry it's just, Phoebe just always thought you were, you were charming in a, in a sexless kind of way.",Joy,MELD
"Oh, y'know I-I can't hear that enough.",Anger,MELD
"I'm sorry, I think that you just misunderstood her.",Sadness,MELD
"No, I didn't misunderstand, okay? She was all over me! She touched my bicep for crying out loud!",Anger,MELD
This bicep?,Surprise,MELD
Well it's not flexed right now!,Anger,MELD
It's Phoebe.,Neutral,MELD
"Umm, well I sorta have some bad news, can I come in?",Sadness,MELD
"Umm, well, umm Grandma died.",Sadness,MELD
"No, she just died today! Okay, umm, we're having a memorial service tomorrow.",Sadness,MELD
No you didn't!,Joy,MELD
"Well, lots of people! Look, are you coming to memorial service or not?",Anger,MELD
"Fine. Okay, enjoy your concert.",Disgust,MELD
"anyway, his name is Allan and weve been going out for three years.",Neutral,MELD
He was my first client when I became a party planner.,Neutral,MELD
He was planning a party for his girlfriend at the time.,Neutral,MELD
Oh well.,Neutral,MELD
And he was Theta Beta Pi at Syracuse.,Neutral,MELD
"Oh. Oh, thats great!",Joy,MELD
Really? Like how?,Surprise,MELD
"Well yknow, we would umm, repeat everything the other said, or uh, wed jump out of closets to scare each other, or switch the sugar for the salt so theyd put salt on their cereal.",Neutral,MELD
Thats a good one.,Joy,MELD
Yeah? You like that one?,Surprise,MELD
"Yeah, youre funny.",Joy,MELD
Im funny?,Surprise,MELD
Oh thank God!,Joy,MELD
"Well hey, Ive got a ton of these!",Joy,MELD
"Umm, oh hereDo you want a good one?",Neutral,MELD
"Umm, you uh, you take a quarter, take a quarter and, and you blacken the edge.",Neutral,MELD
Right?,Neutral,MELD
"And then you say to person, I bet you cant roll this quarter from your forehead to your chin without it leaving your face.",Neutral,MELD
"And then when they do it, theyre left with a big black pencil line right down the center of their face.",Neutral,MELD
Can I do it to you?,Neutral,MELD
"Yeah, I-I-I-Im funny Ben, but Im not stupid. Okay?",Joy,MELD
Chloe? Hi..,Neutral,MELD
Is this about me taking your watch?,Sadness,MELD
You took my watch?,Surprise,MELD
"Im sorry, I do that.",Sadness,MELD
"Just you keep it, listen did you, did you tell anyone about us?",Sadness,MELD
"Oh no. I feel it isnt really anybodys business, y'know.",Neutral,MELD
"Oh, one other thing. Hoshi thinks that you being ringside may have affected my concentration.",Neutral,MELD
Yeah. That-that was the problem.,Neutral,MELD
"Excuse me, Doug?  Hey there sports fan!!",Joy,MELD
Bing! You got those numbers for me?,Joy,MELD
So you still in touch with anyone from high school?,Neutral,MELD
"Umm. Well, theres Rachel, and umm, I think thats it. How bout you?",Neutral,MELD
"Oh yeah, I still hang with Simmons and Zana, y'know.",Neutral,MELD
I see Spindler a lot.,Neutral,MELD
"Devane, Kelly, and I run into Goldie from time to time.",Neutral,MELD
"Stick, Brown, Sulkov, McGuire, J.T., Beardsley.",Neutral,MELD
Is that all?,Neutral,MELD
"Ehh, y'know after high school, you just kinda lose touch. Oh yeah! I ran into Richard Dorfman.",Joy,MELD
"Ohh, how is he?",Surprise,MELD
"Not so good, Simmons and I gave him a wedgie.",Neutral,MELD
Isnt he an architect now?,Neutral,MELD
"Yeah, they still wear underwear.",Neutral,MELD
So the Porsche guy took his car back.,Neutral,MELD
But you found the keys to his clothes?,Neutral,MELD
"No. No, I just uh, I just loved the way it feels when everybody thinks I own a Porsche.",Joy,MELD
And people will think you own a Porsche because youre wearing the clothes?,Surprise,MELD
"Hey, Mon, I was just doing the dishes!",Neutral,MELD
Hey!,Joy,MELD
Oh! Its you.  Hi.,Surprise,MELD
What about me?! You-you just said I could!,Anger,MELD
"Im not even getting married! Okay, this is a question for science fiction writers!",Neutral,MELD
I cant believe youre not picking me.,Anger,MELD
"Hey, how can it",Neutral,MELD
Im not even Im not even,Neutral,MELD
"Fine, yknow what, thats it. From now on, Joey, I want you to be my best man.",Anger,MELD
Yes!  Shame about you man.,Joy,MELD
Hey-hey! Stanley! Hey-hey! You're leading man is here! Let's get to work.,Joy,MELD
"Umm, slight change of plans. We've shut down.",Sadness,MELD
Wh-what?! Why?!,Surprise,MELD
"It's a money thing, we don't have any.",Sadness,MELD
You're kidding right?,Surprise,MELD
No.,Neutral,MELD
What?!,Surprise,MELD
"It-it's probably just temporary. We're hoping to get some more money soon, so if could just uh, hang out.",Neutral,MELD
"Uh, hang out?! How long?",Sadness,MELD
I don't know.,Neutral,MELD
A week?,Anger,MELD
Maybe two?,Neutral,MELD
The money will turn up!,Neutral,MELD
People will always wanna invest in movies!,Neutral,MELD
"Hey, you're not rich are ya?",Neutral,MELD
No!,Anger,MELD
"Eh, worth a shot.  Look Joey, let me know where you're staying, okay?",Neutral,MELD
"Hey pal, are you Joey Tribbiani?",Neutral,MELD
Yeah.,Neutral,MELD
These got left for ya.,Neutral,MELD
Thanks.   Congratulations on your big break.,Sadness,MELD
"Rachel, do you have any muffins left?",Neutral,MELD
"Yeah, I forget which ones.",Neutral,MELD
"Oh, you're busy, that's ok, I'll get it. Anybody else want one?",Neutral,MELD
Hey.,Neutral,MELD
Hey!,Joy,MELD
So how was Joan?,Neutral,MELD
I broke up with her.,Neutral,MELD
"Dont tell me, because of the big nostril thing?",Surprise,MELD
"They were huge. When she sneezed, bats flew out of them.",Disgust,MELD
"Come on, they were not that huge.",Neutral,MELD
"I'm tellin' you, she leaned back; I could see her brain.",Disgust,MELD
How many perfectly fine women are you gonna reject over the most superficial insignificant things?,Surprise,MELD
"Hold it, hold it.",Neutral,MELD
I gotta side with Chandler on this one.,Neutral,MELD
"When I first moved to the city, I went out a couple of times with this girl, really hot, great kisser, but she had the biggest Adam's apple.",Disgust,MELD
It made me nuts.,Disgust,MELD
You or me?,Neutral,MELD
"I got it. Uh, Joey, women don't have Adam's apples.",Neutral,MELD
"You guys are messing with me, right?",Surprise,MELD
Yeah.,Neutral,MELD
"That was a good one. For a second there, I was like, ""whoa.""",Joy,MELD
Why do all youre coffee mugs have numbers on the bottom?,Surprise,MELD
"Oh. Thats so Monica can keep track. That way if one on them is missing, she can be like, Wheres number 27?!",Anger,MELD
Y'know what?,Neutral,MELD
"Come on, Lydia, you can do it.",Neutral,MELD
Push!,Joy,MELD
"Push 'em out, push 'em out, harder, harder.",Joy,MELD
"Push 'em out, push 'em out, way out!",Joy,MELD
"Let's get that ball and really move, hey, hey, ho, ho.",Joy,MELD
"Let's  I was justyeah, right.",Joy,MELD
Push!,Joy,MELD
Push!,Joy,MELD
Okay.,Neutral,MELD
"Ross, didn't you say that there was an elevator in here?",Neutral,MELD
"Uhh, yes I did but there isn't. Okay, here we go.",Sadness,MELD
"Okay, go left. Left! Left!",Surprise,MELD
"Okay, y'know what? There is no more left, left!",Anger,MELD
"Oh okay, lift it straight up over your head!",Anger,MELD
Straight up over your head!,Anger,MELD
You can do it!,Joy,MELD
You can do it!,Joy,MELD
Okay.,Neutral,MELD
You got it?,Neutral,MELD
"Oh, okay, I get it.",Neutral,MELD
"No wait, look. Look! I'm sorry, it's just I've never even",Fear,MELD
Howard's the,Neutral,MELD
"Yes but too me he's just, man.",Neutral,MELD
"Okay, fine, whatever. Welcome to the building.",Anger,MELD
"Ugh, can you believe that guy!",Disgust,MELD
Yeah. I really like his glasses.,Neutral,MELD
Ohh!,Surprise,MELD
What?,Neutral,MELD
It kicked! I think the baby kicked!,Surprise,MELD
Oh my God!,Surprise,MELD
"Oh no wait, oh no, the elastic on my underwear busted.",Neutral,MELD
Oh my God! I overslept! I was supposed to be on the set a half an hour ago! I gotta get out of here!,Fear,MELD
"Oh wait, Joey, you cant go like that! You stink!",Disgust,MELD
"Look, I know I feel asleep before I could shower and now I dont have time!",Anger,MELD
"Theyre just ten blocks away, if I run, I can make it.",Neutral,MELD
Youre coming on to the entire room!  Im Chandler.,Anger,MELD
Hi.,Neutral,MELD
Hi.,Neutral,MELD
You mind if I,Neutral,MELD
"No, please.",Neutral,MELD
"So uh, what are you in for?",Neutral,MELD
I talk in my sleep.,Neutral,MELD
"What a coincidence, I listen in my sleep.",Neutral,MELD
So why dont you give me your number?,Neutral,MELD
Previously on Friends.,Neutral,MELD
I dont know exactly. Its-its sorta like wrestling.,Neutral,MELD
Oh?!,Surprise,MELD
"Yeah, but without the costumes.",Neutral,MELD
Oh.,Neutral,MELD
"And its not fake, its totally brutal.",Neutral,MELD
"Yeah, its two guys in a ring, and the rules are: Theyre",Neutral,MELD
"So you can like, bite, and pull peoples hair and stuff?",Surprise,MELD
"Yeah, anything goes, except ah, eye gouging and fish hooking.",Neutral,MELD
Whats fish hooking?,Surprise,MELD
"Huh, whats fish hooking...   Thanks man, that would have been really hard to describe. What is that taste?",Neutral,MELD
"What? My hands are totally clean, I just gave the duck a bath.",Neutral,MELD
"Oh, Bob, he was nothing compared to you. I had to bite my lip to keep from screaming your name.",Sadness,MELD
"Well, that makes me feel so good.",Joy,MELD
It was just so awkward and bumpy.,Neutral,MELD
Bumpy?,Surprise,MELD
"Well, maybe he had some kind of uh, new, cool style, that you're not familiar with.",Neutral,MELD
And uh maybe you have to get used to it.,Neutral,MELD
"Well there really wasn't much time to get used to it, you know what I mean?",Joy,MELD
Coming through!  Oh! Coming through!  Oh! Hello! Hi!  No! Right! Coming through!,Fear,MELD
"Oh well, its not so bad.",Neutral,MELD
"Yeah, most of the damage is pretty mostly contained in the bedrooms.",Sadness,MELD
Oh!,Surprise,MELD
My God!,Surprise,MELD
"Hey buddy, do you think I can borrow your uniform this Thursday?",Neutral,MELD
Excuse me?,Surprise,MELD
Joey! Hes working!  You would look,Anger,MELD
"Oh, how bad is it?",Sadness,MELD
"Oh, its bad. Its really bad. The only thing in there that isnt burned is an ass. Which I do",Sadness,MELD
Hows your room Rach?,Neutral,MELD
Everythings ruined. My bed. My clothes. Look at my favorite blue sweater.,Sadness,MELD
Isnt that mine?,Neutral,MELD
Fine! Im sorry for your loss!,Anger,MELD
"So uh, youre not gonna be able to live here for a while, you ladies have a place to stay?",Neutral,MELD
"Wow! Oh-okay, look pal, I am",Joy,MELD
"Yes, they can stay with us.",Neutral,MELD
Have you figured out what started the fire Mr. Fireman?,Neutral,MELD
Theres just so much pressure.,Anger,MELD
"I mean no offense, but what you guys do is very different.",Neutral,MELD
I dont know if youd understand.,Neutral,MELD
"Yeah, none of us have to deal with pressure at our jobs.",Neutral,MELD
"Well Phoebe, we gotta do something!",Sadness,MELD
I mean theres no way Joeys gonna make it in time.,Fear,MELD
So Im gonna go through the hotel and see if theres any other weddings going on.,Neutral,MELD
Okay. Oh but dont tell them Monicas pregnant because they frown on that.,Neutral,MELD
Okay.,Neutral,MELD
"Whats all this about you guys fighting?! Is this really over a room?! I mean, that is so silly!",Anger,MELD
"Ross, we can handle this.",Neutral,MELD
"Well, apparently not, and I cant just stand by and watch two people I care about very much be hurt over something that is so silly.",Sadness,MELD
"I mean, enough of the silliness!",Anger,MELD
"Well, why dont you tell her to stop being silly!",Anger,MELD
Okay-okay!,Anger,MELD
"Two very good points, look Ive known you both a long time, and Ive never seen either of you one/millionth as happy as youve been since youve got together.",Sadness,MELD
Do you really want to throw that all away over a room?,Sadness,MELD
That is so silly.,Joy,MELD
"Now wh-what is more important, love or silliness?",Neutral,MELD
"Well, we are fond of the silliness, but we also have a soft spot for the love.",Neutral,MELD
Love is the best medicine.,Joy,MELD
Thats laughter.,Joy,MELD
Why do you do it?,Neutral,MELD
I dont know.,Neutral,MELD
"Okay! All right! Now, Chandler you-you wanna live with Monica, right?",Neutral,MELD
"Yeah, I do.",Neutral,MELD
"And Mon, you wanna live with Chandler, dont ya?",Neutral,MELD
Yes.,Neutral,MELD
Good! A verbal contract is binding in the state of New York!,Joy,MELD
Oh.,Neutral,MELD
"But I don't. Me, Phoebe.",Neutral,MELD
"Well, I'm not I'm not at all surprised they feel that way.",Neutral,MELD
"You're not? See, that's why you're so great!",Surprise,MELD
"Actually it's, it's quite, y'know, typical behaviour when you have this kind of dysfunctional group dynamic.",Neutral,MELD
"Y'know, this kind of co-dependant, emotionally stunted, sitting in your stupid coffee house with your stupid big cups which, I'm sorry, might as well have nipples on them, and you're like all 'Oh, define me!",Anger,MELD
Define me!,Anger,MELD
"Love me, I need love!",Anger,MELD
Have you really done this before?,Surprise,MELD
Yeah!,Joy,MELD
Yeah!,Joy,MELD
Yeah!,Joy,MELD
"You just take a big, big swing.",Neutral,MELD
"Now, dont hold back.",Neutral,MELD
Hey!,Joy,MELD
Hey-hey-hey!,Joy,MELD
What are you doing?,Neutral,MELD
Were just celebrating that Joey got his health insurance back.,Joy,MELD
"Oh, all right.",Neutral,MELD
"Yeah! Sure! Yep!  Oh, y'know what? If I heard a shot right now, I'd throw my body on you.",Joy,MELD
Oh yeah? Well maybe you and I should take a walk through a bad neighborhood.,Joy,MELD
Okay!,Joy,MELD
Bye!,Neutral,MELD
Bye!,Neutral,MELD
Cut it out Ross! I hate to have to save your life and kick your ass in the same day!,Anger,MELD
"Hey, Joey, could you pass the cheese?",Neutral,MELD
"Listen uh, Id prefer it if you didnt call me Joey.",Neutral,MELD
"Since I dont know anyone here, I thought itd be cool to try out a cool work nickname.",Neutral,MELD
"Hey, dragon! Heres your tips from Monday and Tuesday.",Neutral,MELD
Theres like-theres like 300 bucks in this one!,Surprise,MELD
"Yeah, people get pretty generous around the holidays. And it never hurts to wear tight trousers.",Neutral,MELD
Could the waiters gather around to hear tonights specials?,Neutral,MELD
"Okay, first there is a Chilean Sea Bass prepared with a Mango relish on a bagWhy is nobody writing these down?",Neutral,MELD
Because we can remember them.,Neutral,MELD
Because your all gonna make up fake specials and make me cook them like you did the other night?,Anger,MELD
Hey. When you guys were kids and you played,Neutral,MELD
I was always Joanne.,Neutral,MELD
"Question. Was ah, Egg the Gellers! the war cry of your neighbourhood?",Neutral,MELD
Ewww! Oh! Its the Mattress King!,Disgust,MELD
Dont look honey. Change the channel! Change the channel!,Disgust,MELD
"Wait! Wait! I wanna see this. After I divorce him, half of that kingdom is gonna be mine.",Joy,MELD
What a wank!,Anger,MELD
"Oh, I cannot believe hes using our divorce to sell mattresses.",Anger,MELD
I know!,Anger,MELD
"And four ninety-nine for a pillow top queen set, who cares about the divorce, those babies will sell themselves.",Anger,MELD
And Im appalled for you by the way.,Anger,MELD
"You had to do it, didnt you? You couldnt just leave it alone.",Sadness,MELD
Four percent. Okay. I tip more than that when theres a bug in my food.,Disgust,MELD
"Ross, tonight was about the two of you getting along.  Oh, would you just see my chiropractor, already.",Anger,MELD
"Yeah, Im gonna go to a doctor who went to school in a mini-mall.",Disgust,MELD
"Hey Pheebs, what are you doing?",Neutral,MELD
"Im, Im freaking out!",Fear,MELD
Monica kinda trusted me with something and she shouldnt have!,Fear,MELD
"All right, I havent lived here in a while, so I have to ask you something.",Neutral,MELD
Does Monica still turn on the lights in her bedroom?,Neutral,MELD
Um. yeah.,Neutral,MELD
I am,Neutral,MELD
"All right, look, heres the bottom line Ross, this is fixable, if we act fast, okay.",Neutral,MELD
"So, Ill invite him to brunch tomorrow and you can make nice.",Neutral,MELD
"Look, honey, I have tried to make nice, it doesnt work.",Anger,MELD
"Okay, look, Ross, I realise that my Father is difficult, but thats why you have got to be the bigger man here.",Neutral,MELD
"Look sweetie, I could be the bigger man, I could be the biggest man, I could be a big, huge, giant man, and it still wouldnt make any difference, except that I could pick your Father up and say Like me!",Anger,MELD
Like me tiny doctor!,Anger,MELD
"Okay, well cant you just try it one more time Ross? For me? For me?",Sadness,MELD
"Rachel one brunch is not gonna solve anything. You gotta face it, okay were never gonna get along.",Anger,MELD
"Okay, well you are just gonna have too, okay.",Anger,MELD
"Because I already got a Mother and a Father who cannot stay in the same room together, okay, I dont wanna have to have a separate room for you too!",Anger,MELD
"Okay, okay, okay.  Ill get the bagels.",Neutral,MELD
"Okay now Joey, y'know that since you're returning all of this stuff right after the audition you're gonna have to wear underwear?",Neutral,MELD
"All right, then you'd better show me some of that too then.",Neutral,MELD
"Okay, it's missing something. Ooh, I know! Umm, okay.",Neutral,MELD
Really? A purse?,Surprise,MELD
It's not a purse! It's a shoulder bag.,Anger,MELD
It looks like a women's purse.,Neutral,MELD
"No Joey, look. Trust me, all the men are wearing them in the spring catalog. Look.  See look,",Neutral,MELD
"See look,",Neutral,MELD
Exactly! Unisex!,Neutral,MELD
Maybe you need sex.,Neutral,MELD
No! No Joey! U-N-I-sex.,Joy,MELD
"Well, I ain't gonna say no to that.",Neutral,MELD
"So, um, have you told your parents?",Neutral,MELD
"No, but it'll be OK, they're pretty cool, my brother's straight so. . .",Neutral,MELD
Here you go.,Neutral,MELD
"You know what, I just have one more question, um, if you had figured this out sooner and um, I had been around, do you think that I would have been the one who.",Neutral,MELD
"no, um, I'm sorry, don't tell me, I don't think either answer would make me feel better.",Sadness,MELD
I love you Phoebe.,Joy,MELD
So your brother's straigh huh? Seriously.,Surprise,MELD
Hey!,Joy,MELD
Hi.,Neutral,MELD
"I just came over to drop offnothing. So that weekend kinda sucked, huh?",Neutral,MELD
"Yeah, it did.",Joy,MELD
"So, I guess this is over.",Sadness,MELD
What?,Neutral,MELD
"Well, y'know, you and me, it had to end sometime.",Sadness,MELD
"Why, exactly?",Surprise,MELD
"Because of the weekend, we had a fight.",Sadness,MELD
Chandler that's crazy!,Surprise,MELD
If you give up every time you'd have a fight with someone you'd never be with anyone longer thanOhhh!,Anger,MELD
"So, this isn't over?",Neutral,MELD
You are so cute!,Joy,MELD
No.,Joy,MELD
"No, it was a fight.",Neutral,MELD
You deal with it and move on!,Joy,MELD
It's nothing to freak out about.,Neutral,MELD
Really? Okay. Great!,Joy,MELD
"Ohh, welcome to an adult relationship!",Joy,MELD
We're in a relationship?,Surprise,MELD
I'm afraid so.,Neutral,MELD
Okay.,Neutral,MELD
Hi!,Joy,MELD
So you like the short hair better.,Neutral,MELD
What? YetiI mean Danny?,Neutral,MELD
Can I tell you a little secret?,Neutral,MELD
Yeah!,Joy,MELD
I want to keep one.,Neutral,MELD
"Ohh, I'm gonna be on the news!",Joy,MELD
What? Honey.,Neutral,MELD
"Oh, I am, my side still hurts from when you crashed into me yesterday.",Neutral,MELD
"Oh God, Im so sorry.",Sadness,MELD
I know.,Neutral,MELD
Ow!!,Anger,MELD
Oh God!,Surprise,MELD
"Hey, you guys! Guess what?",Joy,MELD
Got a job on a river boat?,Neutral,MELD
"Y'know what I didnt wear this suit for a year because you hated it. Well, guess what? Youre not my girlfriend anymore so...",Anger,MELD
"Oh I see, so this suit is making a point.",Neutral,MELD
"Now that youre on youre own, youre free to look as stupid as you like.",Anger,MELD
You like it right?,Neutral,MELD
Oh absolutely. I like it even more on you than I did on Colonel Sanders.  Ross! Ross! Im kidding!,Neutral,MELD
"Yeah, come here!",Neutral,MELD
What-what was it you were gonna tell us?,Neutral,MELD
Yeah. Oh! Was how you invented the cotton gin?!,Neutral,MELD
"Okay, good bye!",Anger,MELD
Hey I got one! I got one!,Joy,MELD
Hi!,Joy,MELD
Hi.,Neutral,MELD
"Oh uh, up or down?",Neutral,MELD
Oh down please.  I-I hate to be a ball buster can I just do it?,Joy,MELD
Could you press up too please?,Neutral,MELD
Sure! I feel so bad for you. I broke my leg once too.,Sadness,MELD
Oh yeah? Howd yours happen?,Neutral,MELD
"Well, its a long story.",Neutral,MELD
Its kind of embarrassing.,Neutral,MELD
Lets just say there was a typographical error with a sex manual.,Joy,MELD
How about you?,Neutral,MELD
Car accident.,Sadness,MELD
"Oh, let me guess some idiot on a cell phone wasnt paying attention?",Neutral,MELD
"Yeah. Me.  Oh hey, thats me.  Hey uh, I take it youre just visiting someone.",Neutral,MELD
"Uh-huh, yeah.",Neutral,MELD
"Well umm, if you have sometime yknow and maybe you might want to visit someone else",Neutral,MELD
Oh yeah! I-I would like that.,Joy,MELD
Wait! What?! No!! Elevator!! No!,Anger,MELD
"Uh, you gotta press the button.",Neutral,MELD
"Oh we did, and you still have all your lamps.",Neutral,MELD
"Oh, I didn't factor in the room tax.",Surprise,MELD
"Oh dude, don't worry about it, I found an unattended maid's car.    We're way ahead of the game.",Neutral,MELD
Oh my god.,Surprise,MELD
What?,Surprise,MELD
There's something new in the bowl.,Surprise,MELD
"Look, we have enough, just walk away.",Fear,MELD
"No, but I want...I want the pinecones!",Joy,MELD
There's a forest right outside.,Neutral,MELD
It's not the same.,Neutral,MELD
"Ok, go quick!",Fear,MELD
Thank you for a delightful stay.,Joy,MELD
"Oh, my maple candy!",Joy,MELD
"Oh my God, what happened?",Surprise,MELD
"Oh. God, crazy Chandler. He spun me...off...the...bed!",Joy,MELD
Wow! Spinning that sounds like fun.,Joy,MELD
"Oh,  I wish. No, you know he was just trying Ross's Hug and Roll thing.",Joy,MELD
Ross's what?,Surprise,MELD
"You know what, where he hugs you and kinda rolls you away and... Oh... my....God.",Disgust,MELD
"Whoops.  Oh, hey, do you need help with that?",Neutral,MELD
"Yes!! Yes! Yes! Yes!! Thats my Dad, thats Frank! Yeah! Im sorry Im getting all flingy.",Surprise,MELD
"Take it easy--if you want, theres cookies on the counter, or, or--sangria!  I can make sangria!",Joy,MELD
"No-no, sorry. Cookies are good, thanks.",Neutral,MELD
Oh.,Neutral,MELD
"Well, so, umm, anyway umm, Ive been, Ive been looking for my Father, and umm, have you heard from him, or seen him?",Neutral,MELD
"Oh no, I-Im sorry, I guess we lost track of everybody after high school.",Sadness,MELD
"Oh, okay. Well, so tell me everything about my parents. Everything.",Neutral,MELD
"Ohh, well. Y'know we were always together, in fact the had a nickname for the three of us.",Neutral,MELD
"Oh, what? What was it?",Surprise,MELD
The three losers.,Sadness,MELD
"Oh, poor Lily.",Sadness,MELD
"Ohh, y'know I-I heard about what happened, that must have been just terrible for you, losing your mother that way.",Sadness,MELD
"Yeah, no, it was great.",Joy,MELD
"Well, alright, we already tried feeding her, changing her,  burping her, oh try this one!",Sadness,MELD
Go back in time and listen to Phoebe!,Anger,MELD
"Alright here’s something, it says to try holding the baby  close to your body and then swing her rapidly from side to side.",Neutral,MELD
Ok.,Neutral,MELD
It worked!,Surprise,MELD
Oh  oh no just stopped to throw up a little bit.,Sadness,MELD
"Oh come on, what am I gonna do, its been hours and it  won’t stop crying.",Sadness,MELD
"Umm, she Rach, not it, she.",Neutral,MELD
"Yeah, I’m not so sure.",Neutral,MELD
"Oh my god, I am losing my mind.",Anger,MELD
"Yeah, no kidding, this just proves no good can come from  having sex with Ross!",Anger,MELD
"Well, youre not.",Neutral,MELD
"Oh, its so easy for you I mean, youre not married, you get to have sex with who ever you want!",Disgust,MELD
"Yeah I can!  And dont think I dont, because I do! I mean all the time, you betcha!",Joy,MELD
"Monica. Youve, youve done it right?",Surprise,MELD
"Of course I have! What do you think, Im some 30 year old virgin?",Anger,MELD
Oh my God! Youre a 30 year old virgin!,Surprise,MELD
"Say it louder, I dont think the guy all the way in the back heard you!",Disgust,MELD
"Its not like, I havent any opportunities.",Anger,MELD
"I mean, yknow, Im just waiting for the perfect guy.",Neutral,MELD
"Im seeing this guy Roger, all right?",Neutral,MELD
"Hes not perfect, but umm, I think maybe I should just get it over with.",Neutral,MELD
"Yknow, give him my flower.",Neutral,MELD
"Oh my God!! Do it!! Honey, youve waited",Surprise,MELD
Yknow what? You are right?!,Surprise,MELD
I mean sex does not have to be a big deal!,Anger,MELD
There shouldnt be all this rules and restrictions!,Anger,MELD
"Yknow, people should be able to sleep with who ever they want, whenever",Neutral,MELD
Rachel! Im never gonna think its okay for you to cheat on your husband!,Anger,MELD
Oh what do you know? Virgin!,Anger,MELD
"Push, push!",Neutral,MELD
We're here!,Joy,MELD
Where have you been?,Neutral,MELD
"Long story, honey.",Neutral,MELD
"All right, Carol, I need you to keep pushing. I need Excuse me, could I have this?",Neutral,MELD
C'mon up.,Neutral,MELD
Behind my brother's back?  ... is exactly the kind of crazy thing you won't be hearing from me.,Anger,MELD
"So, I hear, you hate me!",Anger,MELD
"I, ah, I never said hate, I was very careful about that.",Neutral,MELD
A little birdie told me something about you wanting to rip your arm off and throw it at me.,Anger,MELD
And you got a 'hate' from that?! Your taking a big leap there...,Fear,MELD
"All right, fine, fine, fine, fine, fine, we've got to do something about our little situation here Joey.",Anger,MELD
"So, this is my idea: you and me spending some quality time together.",Neutral,MELD
But what does that gonna do...,Anger,MELD
For Chandler!,Anger,MELD
"Guess what, I got an audition!",Joy,MELD
"Awww, one of my students got an audition. Im so proud.",Joy,MELD
I was wondering if you would consider coaching me for it?,Neutral,MELD
You bet! Whats the part?,Joy,MELD
"Oh its great, its a role on",Joy,MELD
"Hi!  Hi!  Hi. Has umm, anyone seen Chandler?",Neutral,MELD
I thought he was with you.,Neutral,MELD
"He-he was with me umm, were playing a little game, yknow? Hide and seek.",Neutral,MELD
"You cant ask us son, thats cheating.",Neutral,MELD
"Youre right, thanks for keeping me honest dad.",Neutral,MELD
"Well, he better not come by here. He cant see the bride in the wedding dress.",Neutral,MELD
"As I recall when we got married, I saw the groom in the wedding dress.",Joy,MELD
"But that was after the wedding, its not bad luck then.",Neutral,MELD
"Honey, it isnt good luck.",Neutral,MELD
Oh my God! Monica!,Surprise,MELD
"I know! Hey, hows Chandler doin?",Neutral,MELD
Great. Hes doing great. Dont you worry about Chandler.,Neutral,MELD
Yeah baby!,Joy,MELD
"Im really glad you guys are okay but, I just keep thinking what would happen if-if you two  actually had hooked up.",Neutral,MELD
"So, we did okay at the strip club, right?",Neutral,MELD
"Oh yeah, that was great. Thanks to you, the hottest cocktail waitress there is quitting to teach the third grade!",Anger,MELD
I cant believe it! He still hasnt called.,Anger,MELD
"Who, Josh?",Surprise,MELD
Its Joshua.,Anger,MELD
"What, he doesnt like Josh?",Surprise,MELD
"No, I dont.",Disgust,MELD
"All right, well Im gonna put my sweats back on.",Neutral,MELD
Oh no!,Surprise,MELD
Wait!,Surprise,MELD
"Okay, yknow what, you were right, you were right.",Sadness,MELD
"We really werent great at being guys, but you know why?",Sadness,MELD
Because were girls.,Neutral,MELD
"Thank you, thanks.",Joy,MELD
"Yeah, I lost it.",Sadness,MELD
"Yknow, Im not gonna play anymore,  would you, can you finish my set?",Neutral,MELD
"After that? Yeah! No, I mean if I can help.",Surprise,MELD
"Yeah, like I could",Neutral,MELD
What?,Surprise,MELD
I played bad on purpose guys.,Joy,MELD
"Okay, so you were trying to play bad this whole time.",Surprise,MELD
"Yeahno, just that last song.",Neutral,MELD
"Oh, I was thinking about having people over for the game.",Neutral,MELD
"Oh yeah, whos playing?",Neutral,MELD
The players.,Neutral,MELD
Somebody seems to be missing being the hostess.,Neutral,MELD
"Please, its a relief is what it is, is what it is.",Neutral,MELD
"All right Pheebs, stick out your plate!",Neutral,MELD
Oh.,Neutral,MELD
Whose is it?,Neutral,MELD
I dont want to say.,Neutral,MELD
"Oh, come on! I dont care! Come on! Whose is it?",Joy,MELD
Diane Keaton.,Neutral,MELD
Phoebe! Come on! Lets go!  Come on!  Why arent you dressed yet?!,Anger,MELD
"Im sorry, but I just wrote the best dance song for your wedding. Check this out.",Neutral,MELD
"No, Phoebe, Ill tell you what, if you get ready now Ill let you play it at the wedding.",Neutral,MELD
Really?!,Surprise,MELD
Oh thats so exciting!,Joy,MELD
Thanks Mon!,Joy,MELD
"Oh but Mon, if you touch my guitar again Ill have to pound on you for a little bit.",Anger,MELD
"Fair enough, now go get ready!",Neutral,MELD
"Ill get everybody else , finally we can start celebrating my Im sorry, uh apparently Ive opened the door to the past.",Neutral,MELD
"My best shoes, so good to me.",Joy,MELD
I wear them everyday.,Joy,MELD
"Down at the heel, holes in the toes.",Joy,MELD
Dont care what people say.,Joy,MELD
"My feets best friends, pals to the end.",Joy,MELD
With them Im one hot chicky.,Joy,MELD
"Though late one night, not much light, I....",Neutral,MELD
I stepped in something icky.,Joy,MELD
"Sticky shoes, sticky shoes, always make me smile. Sticky shoes, sticky shoes, next time Ill.... avoid the..... pillleeeee.",Joy,MELD
"God, its gonna so weird like when I come home and youre not here.",Sadness,MELD
No more Joey and Chans.,Sadness,MELD
No more J and Cs.,Sadness,MELD
"""You wanna go over to Joey and Chandlers?""",Neutral,MELD
"""Cant, its not there.""",Neutral,MELD
"Look, Im just gonna be across the hall, we can still do all the same stuff.",Neutral,MELD
Yeah but we wont be able to like get up in the middle of the night and have those long talks about our feelings and the future.,Sadness,MELD
Not once did we do that.,Neutral,MELD
Hi.,Neutral,MELD
Hey!,Neutral,MELD
Hi.,Neutral,MELD
"So I, I told Rachel it was just gonna be the two of us.",Neutral,MELD
"Oh yeah? Well, howd she take it?",Neutral,MELD
"Really well. Yeah. Surprisingly well. Yeah, she didnt cry. She wasnt angry or sad.",Neutral,MELD
"Okay, if you need the vacuum, its in my closet on the left-hand side. Ah, the garbage bags are next to the refrigerator",Neutral,MELD
"Okay, okay, but Rachels gonna be here too, cant I just ask her this stuff?",Neutral,MELD
"Yeah, okay, give that a try!",Neutral,MELD
All right! Lets do it!,Joy,MELD
Woo-hoo!!,Joy,MELD
"Yeah, cheerie-o!",Joy,MELD
London baby!,Joy,MELD
Hi!,Joy,MELD
Hi!,Joy,MELD
Monica? What time is it?,Neutral,MELD
"Uhh, 9.",Neutral,MELD
But it's dark out.,Neutral,MELD
"Well that's because you always sleep to noon, silly! This is what 9 looks like.",Neutral,MELD
I guess I'll get washed up then. Watch that sunrise.,Neutral,MELD
I'm,Neutral,MELD
"I know, me too.",Neutral,MELD
Hey!,Joy,MELD
Y'know what if we went away for a whole weekend?,Neutral,MELD
Y'know we'd have no interruptions and we could be naked the entire time.,Joy,MELD
All weekend? That's a whole lotta naked.,Surprise,MELD
"Yeah, I can say that I have a conference and you can say you have a chef thing.",Neutral,MELD
"Ohh, I've always wanted to go to this culinary fair that they have in Jersey!",Joy,MELD
"Okay, y'know your not though. Let's go.",Neutral,MELD
Wait! What about Joey?,Neutral,MELD
"Oh umm, theres also a book here by a woman named Wendy Bagina.  What is that?",Neutral,MELD
Sounds like two people are really enjoying the Dewey decimal system.,Neutral,MELD
Im so sorry!,Fear,MELD
You didnt bring,Neutral,MELD
Hey!,Joy,MELD
Hi!,Joy,MELD
"Oh you know uh Kash, really liked you the other day. He said he thought you were charming.",Neutral,MELD
Okay I-I just have to stop by my place first.,Neutral,MELD
"To tape the game? You do this every time Ross, youre",Disgust,MELD
"No-no, I-I have to see if this apartment became available.",Neutral,MELD
"Oh, youre switching apartments?",Surprise,MELD
"Its not for me, its for Rachel.",Neutral,MELD
But Rachel has an apartment.,Neutral,MELD
"Yeah, but when the baby comes shes gonna want to move.",Neutral,MELD
She is?,Surprise,MELD
"Yeah, you didnt expect her to live there with a baby did you?",Surprise,MELD
I guess I didnt really think about it.,Neutral,MELD
Ezel!  Hey Gunther! Youre an ezel!,Anger,MELD
Damnit!,Anger,MELD
Look what I got! Look what I got! Look what I got!  Can you believe they make these for little people?,Surprise,MELD
Little village people.,Neutral,MELD
"Okay, look at this one. This is my favourite.",Joy,MELD
"Oh, that is so sweet!",Joy,MELD
I know! Phoebe is gonna love dressing them in these!,Joy,MELD
"Huh. Except, Phoebes not gonna be the one that gets to dress them.",Neutral,MELD
Because shes not gonna get to keep the babies.,Sadness,MELD
Oh my God! We are throwing the most depressing baby shower ever!,Sadness,MELD
Wait a minute!,Surprise,MELD
"Unless, we give her all gifts she can use after shes done being pregnant.",Joy,MELD
"Like-like umm, regular coffee, Tequila.",Neutral,MELD
"Oh, and somebody can get those leather pants shes always wanted!",Joy,MELD
"Oh, shes gonna love that!",Joy,MELD
Okay you two are asking the court for an annulment?,Neutral,MELD
"Yes your honor, and here are, are forms, all filled out.",Neutral,MELD
So based on your petition you are seeking an annulment on the grounds that Mr. Geller is mentally unstable.,Neutral,MELD
"Fine, Im mentally unstable.",Anger,MELD
And based on the fact that Mr. Geller is intravenous drug user.,Neutral,MELD
What?!,Surprise,MELD
"Uh yes, heroin and crack.",Neutral,MELD
Crack isnt even an intravenous drug!,Anger,MELD
"Well, you would know.",Neutral,MELD
Now it also says here that you lied about your sexual preference before marriage?,Neutral,MELD
"Oh, come on!",Sadness,MELD
"Ross, please, I found the magazines!",Sadness,MELD
Phoebe just because I'm alone doesnt mean I wanna walk around naked.,Neutral,MELD
"I mean, you live alone, you don't walk around naked.",Neutral,MELD
Uh-huh! Why do you think it takes me so long to answer the door?,Joy,MELD
"I know, I lied! I didnt want her to think I was a terrible mother! I cant even see my own baby!",Sadness,MELD
"Oh sure, come here!  Sure you can! Uh, look come here look,  its-its-its, its right there .",Neutral,MELD
"Oh. Oh, its beautiful. I see it now.",Joy,MELD
Do you really?,Neutral,MELD
"No, I dont see it!",Anger,MELD
"Come on! Come on! Here, okay-okay, you see this?  This tiny thing that looks like a peanut?",Joy,MELD
Yeah.,Neutral,MELD
Sweetie thats it.,Joy,MELD
"Thats it? Well I saw that! Ohh-ohh-oh, thank you.",Joy,MELD
Youre welcome.,Neutral,MELD
Wow! I cant believe thats our baby.,Surprise,MELD
"Yeah, thats our baby.",Joy,MELD
Gin.,Neutral,MELD
"We were playing Gin? Y'know if we were a couple, we could play this game naked.",Joy,MELD
Will you stop!,Joy,MELD
Okay. All right.,Neutral,MELD
"Okay, all right, I think youre great, I think youre sweet, and youre smart, and I love you.",Joy,MELD
But you will always be the guy who peed on me.,Disgust,MELD
Hey!,Joy,MELD
Hey!,Joy,MELD
Let me tell you about this chick I scored with last night! Oh no wait a minute that was you!,Joy,MELD
"Hey, check me out, Im a slut!",Joy,MELD
"So you uh, want to do something tonight?",Neutral,MELD
Oh I cant. Dr. Roger is coming over again.,Neutral,MELD
Oh.,Neutral,MELD
Oh right!,Surprise,MELD
Right!,Surprise,MELD
"Because youre still seeing him and uh, hes a good guy.",Sadness,MELD
"I mean, I remember a time when",Sadness,MELD
Are you okay?,Neutral,MELD
"Yeah! Totally! Totally, and you?",Joy,MELD
"Great! Its so amazing! I mean, last time Dr. Roger came over, I was",Joy,MELD
I bet he can.,Neutral,MELD
"Yknow, I dont have an appointment, but I sure could use a physical.  Are you sure youre okay?",Neutral,MELD
"Oh yeah! Yeah! Dont worry about me, Ill be fine!",Sadness,MELD
You got the clothes clean. Now that's the important part.,Neutral,MELD
"Oh, I guess. Except everything looks like jammies now.",Neutral,MELD
"Whoa, I'm sorry. Excuse me. We had this cart.",Anger,MELD
"Yeah, but what if it's not? What if there    is a reason why we can't have a baby?",Fear,MELD
"Oh, Chandler, look. You and Monica are meant to have children.    I am sure it's gonna be just fine.",Neutral,MELD
"oh, oh, yeah, ok, thanks.",Joy,MELD
I can't believe    I didn't even think of that.,Surprise,MELD
I guess I was just so worried about having to...    come here and do... 'that'...,Sadness,MELD
"What, you can do it in the parking lot of a Taco Bell, but you    can't do it at a doctor's office?",Anger,MELD
"It was a ""Wendy's!!    """,Anger,MELD
"...and then Zana, just let one rip!!",Surprise,MELD
"Look, not that I enjoy talking about people who I went to high school with, cause I do, but umm, maybe we could talk about something else?",Disgust,MELD
"Like you, I dont even know where you work?",Surprise,MELD
Yeah.,Neutral,MELD
"Yeah. Well, I think our second fight is going to be a",Anger,MELD
Hey.,Neutral,MELD
Hey!,Neutral,MELD
"So, you stole my joke, and you stole my money.",Anger,MELD
"Well, I was going to stick it in the ATM, but now I think Ill show the sexy teller that I am a published writer.",Neutral,MELD
"Well, she is going to know that you stole the joke.",Anger,MELD
"Oh, what are you going to do, follow me down there?",Anger,MELD
Yeah!,Anger,MELD
"Well, Im not going to go now anyway .",Neutral,MELD
Okay .,Neutral,MELD
Here you go.,Neutral,MELD
"Ah, Gunther, I cant pay for this right now because Im not working, so Ive had to cut down on some luxuries like uh, payin for stuff.",Neutral,MELD
"Well, if you want, you can work here.",Neutral,MELD
"Uh, I dont know.",Neutral,MELD
"Ya see, its just, see I was a regular on a soap opera yknow?",Neutral,MELD
"And to go from that to this, I just Plus, Id have to wait on all my friends.",Sadness,MELD
"Okay, but the moneys good, plus you get to stare at Rachel as much as you want.",Neutral,MELD
What?!,Surprise,MELD
Flexible hours.,Neutral,MELD
Maybe I could be a waiter. Could I use the phone?,Neutral,MELD
I have no name.,Neutral,MELD
"All right, so, what are we supposed to call you?",Neutral,MELD
"Okay uh, for now, temporarily, you can call me, Clint.",Neutral,MELD
No way are you cool enough to pull of Clint.,Disgust,MELD
"Okay, so what name am I cool enough to pull off?",Surprise,MELD
"Umm, Gene.",Neutral,MELD
Its Clint. Its Clint!,Anger,MELD
"See you later, Gene.",Neutral,MELD
"Bye, Gene.",Neutral,MELD
Its Clint!,Anger,MELD
Whats up with Gene?,Surprise,MELD
Welcome to Las Vegas.,Neutral,MELD
Thank you!  Enjoy your flight?,Joy,MELD
"Yes, I did. Thank you very much, it was excellent.",Joy,MELD
Hope you had a nice flight.,Neutral,MELD
"Ohh, it was the best!",Joy,MELD
"Oh, Larry.",Neutral,MELD
"Umm, do health inspectors work on commission?",Neutral,MELD
"No, bribes.",Neutral,MELD
It's okay to laugh right?,Joy,MELD
Come on Joey!!!,Anger,MELD
"Rach, I told you everything I knew last night!",Anger,MELD
"Look, it's not that big of a deal, so Monica and Chandler are doing it.",Neutral,MELD
I can't believe you would say that!,Sadness,MELD
Sorry. Monica and Chandler are making love.,Neutral,MELD
No! I mean come on! This is a,Anger,MELD
I don't know.,Neutral,MELD
Is he romantic with her?,Joy,MELD
I don't know.,Neutral,MELD
Are they in love?,Joy,MELD
I don't know.,Neutral,MELD
You don't know anything.,Anger,MELD
"Ohh, I know one thing!",Joy,MELD
What?,Joy,MELD
They did it right there on the couch.,Neutral,MELD
"Excuse me, look, we've been here for over an hour, and a lot of people less sick than my friend have gone in.",Anger,MELD
"I mean, that guy with the toe thing?",Anger,MELD
Who's he sleeping with?,Neutral,MELD
"Oh, c'mon Dora, don't be mad...",Neutral,MELD
"I know we both said some things we didn't mean, but that doesn't mean we still don't love each other.",Neutral,MELD
"Y'know, I feel like I've lost her..  Ba-!",Joy,MELD
"So you see, Molly, what people don't understand is that acting    is a discipline. It takes a lot of hard work.",Neutral,MELD
So where did you study?,Neutral,MELD
"Oh, I didn't go to college.",Neutral,MELD
"No, where did you study acting?",Neutral,MELD
Molly ... people don't study acting ...,Neutral,MELD
"Molly, ah, do you mind giving us just a minute?",Neutral,MELD
"Sure, I'll go check on Emma.",Neutral,MELD
Thanx.,Neutral,MELD
Will the stable boy never get the princess??,Sadness,MELD
"What do you think you're gonna do, have sex with her right here    on my couch?",Disgust,MELD
No ... the leather sticks to my ass.,Disgust,MELD
"You know, this isn't fair.",Anger,MELD
What makes you think that I'm just gonna sleep with her and then blow her off?,Anger,MELD
Huh?,Anger,MELD
"Can't you guys open your minds to the possibility that I actally like her,    and might want something real?",Anger,MELD
"Look, the truth is, I haven't felt this    way about anyone since Rachel, ok?",Sadness,MELD
I didn't think I could ever love again.,Sadness,MELD
Come on! Joe!,Joy,MELD
"Hi, is Molly here?",Neutral,MELD
"Yeah, come on in. Molly?",Neutral,MELD
"Hey! Guys, this is Tabatha .  I'll see you tomorrow.",Neutral,MELD
"Ok ...  Well, uh, Joey, I guess    we have no problem.",Neutral,MELD
"It's like my favorite fairy tale come true!  The princess, the stable boy and the lesbian!",Joy,MELD
"And whats cool is, the character is from Naples, right?",Joy,MELD
Yeah.,Neutral,MELD
My whole familys from Naples!,Joy,MELD
"Oh thats great! Okay, well Ive heard everything I need to hear. I just need to uh, Leslie",Surprise,MELD
"Joey, this is the awkward part.",Joy,MELD
Oh!,Surprise,MELD
Hey right!,Surprise,MELD
Not a problem.,Neutral,MELD
I totally understand.,Neutral,MELD
You need to yknow make sure I dont have any horrible scars or tattoos.,Neutral,MELD
Dont you worry. I have nothing to hide.,Neutral,MELD
"So there you go, thats me.",Neutral,MELD
One hundred percent natural!,Joy,MELD
"I tell ya, that has never happened before.",Fear,MELD
This rooms available.,Neutral,MELD
Okay!,Joy,MELD
Okay wait!,Anger,MELD
You listen to me!,Anger,MELD
You listen to me!,Anger,MELD
"Since I have been waiting four women, thats four, one higher than the number of centimeters that I am dilated, have come and gone with their babies!",Anger,MELD
Im next!,Anger,MELD
Its my turn!,Anger,MELD
Its only fair!,Anger,MELD
And if you bring in one woman and she has her baby before me Im going to sue you!,Anger,MELD
"Not this hospital, Im going to sue you!",Anger,MELD
And my husband  hes a lawyer!,Anger,MELD
Uh Rach,Neutral,MELD
Go get back on that case honey!,Anger,MELD
I dont think the next patient is very far along.,Neutral,MELD
"Okay, well then bring her in.",Neutral,MELD
OH.MY.GAWD!!!,Surprise,MELD
"Ross-Ross-Ross-Ross! Stay away from that guy , and that guy . And that oneDude! Theyre all huge!",Fear,MELD
They dont look any bigger than me!,Neutral,MELD
"Well, maybe thats because youre closer to you. So you look bigger to you from where you are.",Anger,MELD
Im just going to say hi to the lads. All right?,Neutral,MELD
All right.,Neutral,MELD
Okay.,Neutral,MELD
Hi.,Neutral,MELD
Whoa!  I kinda liked it.,Joy,MELD
"Okay, I know what I have to do. Ive got to go Red Ross.  Yknow, Red Ross!",Anger,MELD
I totally dont know what youre talking about.,Neutral,MELD
Come on! The time we were all waiting in line for,Anger,MELD
Y'know you guys were a lot more supportive when I wanted to make denim furniture.,Joy,MELD
"No, Pheebs, listen, if you decide to do this, well be supportive like crazy.",Neutral,MELD
We just want you to think it through.,Neutral,MELD
"Yeah, honey, maybe you can talk to somebody whos had a baby. Like your mom?",Neutral,MELD
My mom never gave birth. Oh! But my birth mom did.,Neutral,MELD
"Umm, thank you for meeting with me.",Neutral,MELD
Thank you. All right.,Neutral,MELD
"Come, sit.",Neutral,MELD
Sit.,Neutral,MELD
Sit!,Anger,MELD
"Umm, all righty, before we get started I justI need you to state for the official record that you are in fact Frank Buffay.",Neutral,MELD
Lucky sixes....,Neutral,MELD
"Everybody, this is Paolo. Paolo, I want you to meet my friends. This is Monica.",Neutral,MELD
Hi!,Neutral,MELD
And Joey....,Neutral,MELD
Hi!,Neutral,MELD
And Ross.,Neutral,MELD
Hi!,Neutral,MELD
He doesn't speak much English.,Neutral,MELD
Look at that!,Surprise,MELD
"So, um... where did Paolo come from?",Neutral,MELD
"Oh... Italy, I think.",Neutral,MELD
"No, I mean tonight, in the building. Suddenly. Into our lives.",Neutral,MELD
"Well, the cat... the cat turned out to be Paolo's cat!",Neutral,MELD
"That, that is funny... .... and Rachel keeps touching him.",Neutral,MELD
Alright. I looked all over the building and I couldn't find the kitty anywhere.,Neutral,MELD
"Oh, I found him. He was Paolo's cat.",Neutral,MELD
Ah! Well! There you go! Last to know again! And I'm guessing... since nobody told me... this is Paolo.,Joy,MELD
"Ah, Paolo, this is Phoebe.",Neutral,MELD
You betcha!,Joy,MELD
"Okay, where in the hell did you get that?!",Surprise,MELD
"When Mom and Dad drove you to the hospital to get your nose fixed, I swam into the lake and fished it out.",Neutral,MELD
That cup is mine!,Anger,MELD
"No its not! You want it, youre gonna have to win it!",Anger,MELD
"All right, so are we not having dinner at all?",Sadness,MELD
Why?,Sadness,MELD
Because I don't work at the Szechwan Dragon.,Neutral,MELD
"You really, really need to get some sleep, honey.",Neutral,MELD
I know I do.,Neutral,MELD
Hi.,Neutral,MELD
Hi.,Neutral,MELD
Guess what?,Neutral,MELD
They published my paper.,Joy,MELD
"Oh, really, let me see, let me see.",Joy,MELD
"Rach, look!  Oh, hi! Where is my strong Ross Skywalker to come rescue me.  There he is.",Joy,MELD
"You know what this is, this is us getting ready for the prom.",Neutral,MELD
Oh.,Neutral,MELD
What?! You got us evicted!!,Anger,MELD
I told you not to go down there!,Anger,MELD
Well he made Rachel cry!,Disgust,MELD
Rachel always cries!,Anger,MELD
Thats not true!,Anger,MELD
"Now Joey, you go down there and you suck up to him. I mean you suck like youve never sucked before!",Neutral,MELD
"All right! Ill try! But if I cant, you can stay with Chandler and I until you get settled.",Neutral,MELD
Go!!,Anger,MELD
"All right, all right, all right.",Neutral,MELD
"I mean Ill have to check with him first, but Ill think hell be cool with it.",Neutral,MELD
"So, hes just a nice guy. You really think this Mark doesnt want anything in exchange for helping him?",Joy,MELD
"Well, I assume Ill have to take showers with him, but y'know, thats true of any job.",Neutral,MELD
How ya feelin?,Neutral,MELD
"Well, my apartment isnt there anymore, because I drank it.",Neutral,MELD
Whered you get too? We lost you after you opened up all the presents.,Neutral,MELD
Yeah.,Neutral,MELD
"Yeah, I ended up in the storage room, and not alone.",Neutral,MELD
Woooo hoooo!!!,Joy,MELD
"Ow, no woo-hooing, no woo-hooing.",Anger,MELD
"Why, what happened?",Surprise,MELD
"Ah, I fooled around with Joeys sister.  Well, thats not the worst part.",Sadness,MELD
What is the worse part?,Neutral,MELD
I cant remember which sister.,Sadness,MELD
You see what men do! Dont tell me men are not nice!  This is men!!,Anger,MELD
Whats wrong with you?,Anger,MELD
Nothing!,Anger,MELD
"Well, I-I got this blinding pain in my stomach when I was lifting weights before, then I uh passed out and uh, havent been able to stand up since.",Sadness,MELD
"But um, I dont think its anything serious.",Neutral,MELD
This sounds like a hernia. You have toyou-youGo to the doctor!,Surprise,MELD
No way!,Anger,MELD
"Kay look, if I have to go to the doctor for anything its gonna be for this thing sticking out of my stomach!",Anger,MELD
Why did I have to start working out again?,Disgust,MELD
Damn you 15s!,Anger,MELD
Its a trifle.,Neutral,MELD
Its got all of these layers.,Neutral,MELD
"First theres a layer of ladyfingers, then a layer of jam, then custard, which I made from scratch.",Neutral,MELD
"[Joey and Ross make impressed faces] Then raspberries, more ladyfingers, then beef sautéed with peas and onions, [Joey and Ross look like somethings wrong.]",Neutral,MELD
"then a little more custard, and then bananas, and then I just put some whipped cream on top!",Neutral,MELD
It tastes like feet!,Disgust,MELD
I like it.,Joy,MELD
Are you kidding?,Surprise,MELD
Does anyone else think David Copperfield is cute?,Neutral,MELD
"No, but he told me, he thinks your a fox.",Neutral,MELD
"Welcome everybody, welcome to Amazing Discoveries!",Joy,MELD
"Oh, oh! It's on again!",Joy,MELD
"You guys, can we please not watch this all right.",Disgust,MELD
Shhhh!,Anger,MELD
"Folks, has this ever happened to you.",Neutral,MELD
"You go to the refrigerator to get a nice glass of milk,  and these darn cartons are so flingin'-flangin' hard to open.",Neutral,MELD
"Oh, you said it Mike.  Aw! There's got to be a better way!",Anger,MELD
And there is Kevin.,Neutral,MELD
Can we please turn this off?,Sadness,MELD
"Noo way, Kevin.",Joy,MELD
There is a revolutionary new product that guarantees that you'll never have to open up milk cartons again. Meet the Milk Master 2000.,Neutral,MELD
Are you intrigued?,Surprise,MELD
You're flingin'-flangin' right I am!,Joy,MELD
"Keep in mind, he's never used this product before, you're gonna see how easy this is to do.",Neutral,MELD
Go ahead.,Neutral,MELD
This works with any milk carton.,Neutral,MELD
"Wow, it is easy.  Now, I can have milk everyday.",Surprise,MELD
"Well, you might want to tell him it sounds like his wife is  gay.",Neutral,MELD
She is not  Shes gay. Oh my God. She is,Anger,MELD
Good day for married people huh?,Surprise,MELD
Im sorry your husband cheated on you.,Sadness,MELD
Im sorry your wife is gay. I guess women arent that great either.,Sadness,MELD
Try telling my wife that.,Sadness,MELD
"Hey Ross, will you pass me that knife?",Neutral,MELD
I can't wait to be with you!,Joy,MELD
I'll sneak over as soon as Ross picks up Ben.,Neutral,MELD
I'll just tell Rachel I'm gonna be doing laundry for a couple of hours.,Neutral,MELD
Laundry. Huh. Is that my new nickname?,Joy,MELD
"Awww, y'know what your nickname is, Mr. Big",Joy,MELD
Arghh!!,Disgust,MELD
I cant believe Im going to lose this job!,Sadness,MELD
Oh Im so sorry man! Is there anything I can do?,Sadness,MELD
Yeah! Help me get this mini-fridge past the security guard.,Neutral,MELD
"Hey Joey, I want to talk to you.",Neutral,MELD
Yeah?,Neutral,MELD
"Oh, Chandler, Wayne.",Neutral,MELD
"Wayne, Chandler.",Neutral,MELD
"Hi, how are ya?",Neutral,MELD
"Joey, Joey, I-I-Ill g-get you your job back if you help me out.",Neutral,MELD
Why should I help you?!,Anger,MELD
The reason he just said.,Neutral,MELD
What do you need?,Neutral,MELD
"I-I-I saw you on stage talking to that beautiful woman, yknow Sarah?",Neutral,MELD
What?,Surprise,MELD
And I too am just a love machine.,Neutral,MELD
"Ross, let me show you where the guest room is.",Neutral,MELD
"Oh, I thought this was your party and it turns out its a party for Howard. He's just the sweetest little man!",Surprise,MELD
"See ya Phoebe! Oh and hey, thanks for chipping in!",Joy,MELD
You chipped in?!,Surprise,MELD
"Yeah, uh-huh, a 100 dollars.",Neutral,MELD
Phoebe! I can't believe you gave them money! I thought you agreed it was totally unreasonable that they asked me for that money!,Surprise,MELD
"Yeah, but they didn't ask me!",Anger,MELD
Y'know?,Neutral,MELD
"This way I'm just y'know, the exotic, generous stranger.",Joy,MELD
That's always fun to be.,Joy,MELD
"Yeah, but you're making me look bad!",Anger,MELD
No I'm not.,Neutral,MELD
No!,Surprise,MELD
If anything I'm making you look better!,Joy,MELD
They'll see you talking to me and that's--I'm a hit!,Joy,MELD
"Oh hey, Pheebs!",Joy,MELD
Hey!,Joy,MELD
"Oh hey, Ross.",Neutral,MELD
"Umm, see, I was thinking maybe you two could switch apartments because Phoebe's more our kind of people.",Fear,MELD
Something to think about.,Neutral,MELD
"Yeah, okay, my bad.",Joy,MELD
Here. I need to borrow some moisturizer.,Neutral,MELD
For what?,Neutral,MELD
Whaddya think? Today's the big day!,Joy,MELD
"Oh my God. Okay, go into the bathroom, use whatever you want, just don't ever tell me what you did in there.",Disgust,MELD
Thank you!,Joy,MELD
Where's Joey? His mom's on the phone.,Neutral,MELD
He's in the bathroom. I don't think you wanna go in there!,Anger,MELD
"C'mon, we're roommates!  My eyes!! My eyes!!",Disgust,MELD
I warned you...,Neutral,MELD
Who is being loud?,Anger,MELD
"Oh, that would be Monica.",Neutral,MELD
"Hey, listen, I wanna borrow a coupla things, Aurora spent the night, I really wanna make her breakfast.",Neutral,MELD
"Oh, you got the whole night, huh?",Surprise,MELD
"Yeah, well, I only have twenty minutes until Ethan, so, y'know..",Neutral,MELD
"Ooh, do I sense a little bit of resentment?",Surprise,MELD
"No, no resentment, believe me, it's worth it.",Neutral,MELD
'Kay?,Neutral,MELD
Y'know in a relationship you have these key moments that you know you'll remember for the rest of your life?,Neutral,MELD
"Well, every- single- second is like that with Aurora.. and I've just wasted about thirty-five of them talking to you people, so, uh.. Monica, can you help me with the door?",Neutral,MELD
"Oh, um, Chandler?",Neutral,MELD
"Y'know, the-the old Monica would-would remind you to scrub that Teflon pan with a plastic brush...But I'm not gonna do that.",Neutral,MELD
"Hey Monica, it's Joey!",Joy,MELD
"Hey Joey! Aww, you remembered even though you're a big star!",Joy,MELD
"Aw, come on! It'll be years before I forget you!",Neutral,MELD
"Joey, what's it like on a movie set, huh?",Neutral,MELD
Do you have a dressing room?,Neutral,MELD
Do you have a chair with your name on it?,Neutral,MELD
"Uh, well yeah-yeah, I've got all of that going on.",Neutral,MELD
"Yeah, listen uh, I want you to make sure you tell Chandler that he couldn't have been more wrong!",Neutral,MELD
Uh-oh!,Fear,MELD
"I gotta go Monica, my uh, my sushi's here!",Neutral,MELD
Sorry about that. Thanks for waitin'.,Neutral,MELD
"Everybody smile!  Okay, thanks a lot! Enjoy your stay at",Joy,MELD
"Wow, this is so cool, you guys. The entire city is blacked out!",Surprise,MELD
"Mom says it's all of Manhattan, parts of Brooklyn and Queens, and they have no idea when it's coming back on.",Anger,MELD
"Wow, you guys, this is big.",Surprise,MELD
Pants and a sweater?,Anger,MELD
"Why, mom?",Anger,MELD
Who am I gonna meet in a blackout?,Anger,MELD
Power company guys?,Anger,MELD
Eligible looters?,Anger,MELD
Could we talk about this later?,Anger,MELD
OK.,Neutral,MELD
Can I borrow the phone? I want to call my apartment and check on my grandma.  What's my number?,Neutral,MELD
"Well, I never call",Neutral,MELD
What cha doing?,Neutral,MELD
Having a swim.,Neutral,MELD
What about the chick?,Neutral,MELD
Chicks dont swim.,Neutral,MELD
Are you sure?,Neutral,MELD
I dont know. Should we try it?,Neutral,MELD
Sure.,Neutral,MELD
"See, I told you they dont swim.",Neutral,MELD
Wait. Give him a minute.,Neutral,MELD
"Noo!  Oh, its okay, its okay, baby, baby, baby.",Fear,MELD
"Me taking care of you is no problem, huh?",Neutral,MELD
You guys feel safe.,Neutral,MELD
Right?,Neutral,MELD
"Okay, Im gonna take that spit bubble as, ""Yeah, I do!""",Neutral,MELD
"Okay, after I get rid of this dirty diaper Leslie, Ill set you up with a clean one.",Neutral,MELD
"Okay, Im sorry.",Sadness,MELD
I didnt mean to scare you.,Sadness,MELD
I just have to clean that up.,Neutral,MELD
Okay?,Neutral,MELD
"Cause lets face it, were at Monicas.",Neutral,MELD
I broke it.,Sadness,MELD
All right.,Neutral,MELD
"Well, thats just the way that goes.",Neutral,MELD
"Okay, good.",Neutral,MELD
Why are there only two of you?,Fear,MELD
Where is Leslie?,Fear,MELD
"Well, you cant answer.",Neutral,MELD
Leslie?,Neutral,MELD
Where are you Leslie?,Fear,MELD
"Leslie, now would be a",Sadness,MELD
Hey!,Joy,MELD
Hey.,Neutral,MELD
"Hey, why are you mopping your ceiling?",Sadness,MELD
"Oh, theres banana on it.",Neutral,MELD
You said she was bald.,Anger,MELD
"Yeah, she was bald, shes not now.",Neutral,MELD
How could you not tell me that she has hair?,Surprise,MELD
"I dont know, I hardly ever say that about people.",Neutral,MELD
"Ohh, well, this is just perfect!",Anger,MELD
"Well Im sorry, I thought you said it was okay.",Sadness,MELD
"Yeah, I said what was okay when I thought she was some weird bald chick. I mean, y'know, that girl has hair got",Anger,MELD
"Well, maybe it wont work out. Maybe Ross wont like her personality.",Sadness,MELD
"Why, does she have a bad personality?",Neutral,MELD
"Oh no, Bonnies the best!",Joy,MELD
Hey!,Joy,MELD
Hey.,Neutral,MELD
"Do you have a minute? Id like to talk to you about something Im, Im really uncomfortable talking about.",Fear,MELD
"Sure. What? About uh, you showering with your mom?",Surprise,MELD
"I actually had a topic in mind! Im, Im kinda going through a dry spell, sex wise.",Anger,MELD
"Whoa, for like months?",Surprise,MELD
"Excellent! Excellent! And uh, finally, are you into any weird stuff yknow, sexually?",Joy,MELD
No!,Surprise,MELD
"Oooh, wrong answer.",Neutral,MELD
"Ow! My ass. Okay. Okay.  Oh, shhh!",Anger,MELD
No! No!! Its me! Its me! I-I didnt want to make any noise!,Fear,MELD
Then don't break in!!,Anger,MELD
"Oh yeah, Smokey Joe here got half way to the highway and collapsed.",Anger,MELD
I have the lung capacity of a two year old.,Neutral,MELD
Then why are you smoking?,Disgust,MELD
Well its very unsettling.,Sadness,MELD
"Honey, I was wondering....",Neutral,MELD
Hmm?,Neutral,MELD
"Do you still have that, um, Navy uniform?",Joy,MELD
"Nooo, I had to return it to the costume place.",Sadness,MELD
Hmm.,Neutral,MELD
I think I have an old band uniform from high school.,Joy,MELD
"You remember not having sex in high school, right?",Sadness,MELD
Yeah.,Sadness,MELD
"Well honey, what about you?",Neutral,MELD
What?,Neutral,MELD
"I mean do you have any fun, you know, fantasy type things?",Neutral,MELD
No.,Neutral,MELD
Come on you gotta have one!,Surprise,MELD
Ugh!,Disgust,MELD
"I mean if you buy a bed from Janices ex-husband, thats like betraying Chandler.",Anger,MELD
Not at these prices.,Anger,MELD
Hi. Y'know in England this car would be on the other side of the store.  Woo!,Joy,MELD
"Oh! Ohhhhh! Oh! Phoebe, come here. Aw, this is my new bed. You gotta feel this bad boy.",Joy,MELD
"Eh, Monica it, it feels so weird, y'know, Chandlers your friend...  Oh!",Surprise,MELD
Oh my God!,Surprise,MELD
"Aw, all right take this bed, you can make other friends.",Joy,MELD
"You know, ever since I was little, I've been able to pick up quarters with my toes.",Joy,MELD
"Good for you.  Uh, quarters or rolls of quarters?",Joy,MELD
"By the way, Chandler. I cut you out of all my pictures. So if you want, I have a bag with just your heads.",Anger,MELD
That's OK.,Neutral,MELD
"Oh, are you sure?",Surprise,MELD
"Because you know, you could make little puppets out of them, and you could use them in your theater of cruelty.",Anger,MELD
We can't do that.,Neutral,MELD
What? What can't you do?,Surprise,MELD
She really said that?,Surprise,MELD
"Well, I added the 'exactly like me' part...",Neutral,MELD
"But she said she's looking for someone, and someone is gonna be there tonight.",Neutral,MELD
'Tonight' tonight?,Surprise,MELD
"Well, I think it's perfect.",Joy,MELD
"Y'know, it's just gonna be the two of us, she spent all day taking care of my monkey...",Neutral,MELD
I can't remember the last time I got a girl to take care of my monkey.,Sadness,MELD
"Anyway, I figured after work I'd go pick up a bottle of wine, go over there and, uh, try to woo her.",Joy,MELD
"Hey, y'know what you should do? You should take her back to the 1890's, when that phrase was last used.",Disgust,MELD
"Car's waiting downstairs, I just wanted to drop off these copies of my book for your friends. Anything you want from Lisbon?",Neutral,MELD
"No, just knowing you're gonna be there is enough.",Neutral,MELD
"Alright, well, be good, I love you.",Joy,MELD
You kissed my best Ross! ...Or something to that effect.,Anger,MELD
"O-kay. Look, it, it was stupid.",Sadness,MELD
Really stupid.,Anger,MELD
Really stupid.,Sadness,MELD
And I don't even know how it happened.,Sadness,MELD
"I'm sorry, honey, I promise it will never happen again.",Sadness,MELD
Are we okay now?,Fear,MELD
Yeah. No. No...,Anger,MELD
"Ah, the forbidden love of a man and his door.",Neutral,MELD
"Shh. He did it. He told her off, and not just about the kiss, about everything.",Neutral,MELD
You're kidding.,Surprise,MELD
"No, no. He said ""When are you gonna grow up and start being a mom?""",Neutral,MELD
Oh there it is.,Neutral,MELD
Thats not your regular dry cleaners.,Neutral,MELD
"I know, but that creep that I went on that date with goes to there so I have to find a new one.",Disgust,MELD
"I also have to find a new video store, a new bank, a new adult bookstore, a new grocery store",Disgust,MELD
What?!,Surprise,MELD
A new grocery store.,Neutral,MELD
The universe said I was going to meet a nice guy and thats what they gave me?,Anger,MELD
When I get up there Im going to kick some ass.,Anger,MELD
"Dont worry Phoebe, youre gonna meet someone. If I can meet a great guy, so can you.",Neutral,MELD
"Yeah, we both can. And we both will.",Neutral,MELD
"Oh, you didnt have to come in with me.",Neutral,MELD
Are you kidding? This is where they get out stains! Okay? This is like,Joy,MELD
"Oh, excuse me! I think you dropped s Wow!",Surprise,MELD
What?,Surprise,MELD
"Im sorry, its just that youre so incredibly beautiful.",Surprise,MELD
"Oh yeah well, Im sorry about that too, but what are you going to do?",Neutral,MELD
"I hope you dont think Im crazy but I feel like I was meant to pick this up, do you believe in that kind of thing?",Joy,MELD
A little.   Now youre talking.,Neutral,MELD
Would you like to go out and have a cup of coffee?,Neutral,MELD
I-I-Id love to. Let me just tell my friend.,Joy,MELD
"Ooh, an ink stain! Hey, can I watch how you get this out?",Joy,MELD
She mustve left.,Neutral,MELD
Monica! Stop throwing it so hard! We're on the same team!,Anger,MELD
Four hours? You guys have been doing this for four hours?,Surprise,MELD
That's right baby.,Joy,MELD
"All right, let me in.",Neutral,MELD
No-no! Don't do it! Don't!,Fear,MELD
What?,Surprise,MELD
He's a dropper!,Anger,MELD
"Oh yeah, that's right!",Anger,MELD
I'm not a dropper!,Anger,MELD
"It's really a uh-uh three person game, y'know?",Neutral,MELD
It's throwing and catching!,Anger,MELD
All right.,Neutral,MELD
Oh! Oh! That's so hard.,Surprise,MELD
"Whoa-whoa you guys, it's not a cat!",Anger,MELD
Oh myOh good God!,Surprise,MELD
"I give up you guys, I don't know what I'm going to do with this thing!",Anger,MELD
"Baking it didn't help, huh?",Neutral,MELD
"All right, well the place was closed. Ill just copy it later.",Neutral,MELD
"Or not. Uh, Rach, why dont you just move in with me?",Neutral,MELD
"Whoa! Whoa! Whoa, Joey!",Surprise,MELD
"No-no-no-no-no-no-no-no Its okay, I mean Ilook Rach, I know I scared you off with that whole Naked Thursdays thing, but we dont have to do that!",Neutral,MELD
"Well, it would be easier to move just right across the hall. Wait a minute, unless youre thinking about Naked Wednesdays.",Neutral,MELD
"Thursdays clearly not good for ya, pick a day!",Joy,MELD
"So thats two boxes of the Holiday Macaroons. On behalf of the Brown Birds of America, I salute you.",Joy,MELD
"Just admit it Chandler, you have no backhand.",Neutral,MELD
"Excuse me little one, I have a very solid backhand.",Anger,MELD
Shielding your face and shrieking like a girl... is not a backhand.,Disgust,MELD
I was shrieking... like a Marine.,Neutral,MELD
All right here. Watch me execute the three Ps of championship play. Power.  Precision.  and penache.,Neutral,MELD
She's not much of a phone person.,Neutral,MELD
"Yeah, so, uh, so, uh, what's the deal with this father guy, I mean, if someone was havin' my baby somewhere, I'd wanna know about it, you know?",Neutral,MELD
"Hey, Knick fan, am I interested in your views on fatherhood? Uh, no.",Anger,MELD
"Ok, look, maybe I should just go.",Neutral,MELD
Maybe you should.,Anger,MELD
"Good luck, and uh, take care, huh?",Sadness,MELD
You know what the Celtics problem is? They let the players run the team.,Neutral,MELD
"Oh, that is so not true.",Neutral,MELD
"Oh, it is.",Neutral,MELD
It isn't.,Neutral,MELD
It is.,Neutral,MELD
Isn't!,Anger,MELD
"Okay ladies, that ends todays class, and lets remember, lets be safe out there.",Neutral,MELD
Its a great class.,Joy,MELD
Thanks.,Neutral,MELD
"Yeah, yeah, I was watching.",Neutral,MELD
"Umm, hey, a couple of questions though.",Neutral,MELD
"Umm, about that-that-that last move where the woman tripped you and then pinned you to the floor, what-what-what-what would you do next?",Fear,MELD
"Well, she would take her keys and try to jam them",Neutral,MELD
No. No-no. No. What would,Anger,MELD
Who? Me the attacker?,Surprise,MELD
"Im sorry Chandler, yknow you are such a sweet guy and I, I dont want to hurt you.",Sadness,MELD
"Oh, I wish there was something I can do to make you feel better.",Sadness,MELD
No-noReally?!,Surprise,MELD
Of course!,Joy,MELD
"Well, it just hurts so bad. I uh",Sadness,MELD
"Ohh, Im sorry.",Sadness,MELD
Well maybe there is one thing you can do.,Neutral,MELD
What?! Anything! Anything!,Joy,MELD
"Well, I umm, I mean this is just off the top of my head now, umm but I have this friend.",Neutral,MELD
"This actor friend and he would kill me if he thought I was doing this umm, but umm would it be possible for him to get an audition for your movie say on Thursday?",Fear,MELD
Absolutely! But you-you would really feel better about me rejecting you if your actor friend can audition for my movie?,Surprise,MELD
"Well, the heart wants what it wants. Ill see you later.",Neutral,MELD
"Okay, I got that. Ill escape over there. Ill come back over here. All right, come on",Neutral,MELD
"Hey, you guys. Listen, Im sorry that I was hogging the game beforeOh my God! Your friends have some unfortunate initials!",Sadness,MELD
Theyre all Chandler.,Neutral,MELD
Chandler sucks! He couldnt have gotten this good!,Surprise,MELD
I did.  But it came at a price.,Neutral,MELD
But Ben is coming over tonight and he cant see this.,Fear,MELD
"Oh come on, by age seven kids have already seen orgies.  Was it just me?!",Surprise,MELD
Sure!,Joy,MELD
"Okay, I was thinking we should have a beautiful guest room, right?",Neutral,MELD
With a mahogany sleigh bed and bedside tables with flowers on them all the time!,Joy,MELD
And we could have a roll top desk with comment cards on them so people could say how much they loved staying here!!,Joy,MELD
"Okay, whatever, I really havent thought about it that much.",Neutral,MELD
"Well, I like that idea.",Joy,MELD
Obviously!,Joy,MELD
"I was thinking maybe-maybe-maybe it could be a game room, yknow?",Neutral,MELD
"I mean you can buy old arcade games like uh, like",Neutral,MELD
No.,Disgust,MELD
"Okay so you mean no as in, ""Gee Chandler, what an interesting idea. Lets discuss it before we reject it completely.""",Joy,MELD
"Oh, Im sorry. Of course I mean that. Interesting idea, umm, talk about it, but no.",Disgust,MELD
"So, thats it?",Surprise,MELD
I just dont think arcade games go in the beautiful guest room. The beautiful guest room is gonna be filled with antiques.,Neutral,MELD
Which is why,Neutral,MELD
What do you have against the beautiful guest room?,Anger,MELD
"I dont have anything against the beautiful guest room, especially since everybody we know lives about 30 seconds away!",Anger,MELD
Are you mocking me?,Anger,MELD
"No, Im not mocking you,  or you beautiful guest room.",Neutral,MELD
"Y'know, I love doing crossword puzzles with you honey!",Joy,MELD
"Aww, me too. Now let's finish this and go to bed.",Joy,MELD
"Okay! There's only one left, three letter word, not dog but",Neutral,MELD
Cat.,Neutral,MELD
Yes! You are so smart!  I love you.,Joy,MELD
I love you too.,Joy,MELD
"I never sucked, I actually didn't want you to know how good I was!",Neutral,MELD
Why?,Surprise,MELD
I don't know.,Neutral,MELD
This is so great! Now we can enter into doubles tournaments!,Joy,MELD
That's,Neutral,MELD
"Hey. Okay, I gave him another chance, but Tim has",Neutral,MELD
But,Neutral,MELD
"No! No-no! He is totally incompetent. I called the chef who recommended him to me. He said, ""Ha-ha! Gotcha!""",Disgust,MELD
"Okay. Okay, but you cant fire him today.",Neutral,MELD
Why not?!,Anger,MELD
Because Im dumping him today.,Neutral,MELD
What?! You said he was sweet!,Surprise,MELD
He,Neutral,MELD
Just dont pick up your phone.,Neutral,MELD
"Then he comes over!  ""Im so worried about you."" Uck! Be a man!",Disgust,MELD
What? So now Im not allowed to fire him?,Surprise,MELD
"You cant fire him and dump him the same day, hell kill himself.",Sadness,MELD
"Okay well then, Ill fire him today and you go out with him for another week.",Neutral,MELD
"Are you kidding?! Another week with that sip, Ill kill",Disgust,MELD
"Okay well, then well both do it today and hell just have to deal with it!",Neutral,MELD
Okay. But the question is whos gonna go first. Cause whoever goes second is the bitch.,Sadness,MELD
This is the final boarding call for Flight 664 to Yemen.,Neutral,MELD
"Well, I-I guess I gotta go.",Sadness,MELD
"Oh, my Bing-a-ling. Ill wait for you. Do you even know how long youre going to be gone?",Sadness,MELD
"Well, just until we find an energy source to replace fuel.",Neutral,MELD
"Oh. Well, Ill right you everyday.  15 Yemen Road, Yemen.",Neutral,MELD
"Okay, good-bye. Good-bye.",Sadness,MELD
Chandler?,Neutral,MELD
No!,Anger,MELD
Chandler!,Surprise,MELD
Janice!,Surprise,MELD
There you are!,Surprise,MELD
There you are!,Surprise,MELD
"I had to have one last kiss, and also-also you said that you were going to leave right after I got on the plane!",Sadness,MELD
No! No! I wanna see you take-off.,Neutral,MELD
"Well, I then guess Im going to Yemen! Im going to Yemen!  When we get to Yemen, can I stay with you?",Joy,MELD
Hi!,Joy,MELD
Hey.,Neutral,MELD
"HeyOoh, hows Hilda? Is she working out?",Neutral,MELD
"Ohh, my new assistant is working out, yes.",Neutral,MELD
Was she happy you gave her the job?,Neutral,MELD
"Oh, my-my new assistant was very happy that I hired my new assistant.",Neutral,MELD
Hello?,Neutral,MELD
Oh hey!,Surprise,MELD
"Can you, can you hang on a second?",Neutral,MELD
Its the producers over at Mac and C.H.E.E.S.E.,Neutral,MELD
can you excuse me for a minute?,Neutral,MELD
"Hey, funny you should call.",Joy,MELD
I was just looking over next weeks script.,Neutral,MELD
Canceled?!,Surprise,MELD
Like theyre taking it off the air?,Surprise,MELD
Ohh.,Neutral,MELD
"All right, see you Monday.",Neutral,MELD
Were not even shootin them anymore?!!,Surprise,MELD
"All right, bye!",Anger,MELD
They canceled Mac and C.H.E.E.S.E!,Anger,MELD
Sorry.,Sadness,MELD
Im sorry Joey.,Sadness,MELD
Why would they do that?! It was a good show right?!,Surprise,MELD
Its so secluded up here.,Neutral,MELD
I know. I like it up here.,Joy,MELD
I feel like were the only two people in the world.  Oops. Sorry.,Joy,MELD
Whats the matter honey? Did you see a little mouse?,Neutral,MELD
"No-no! Big bear! Big bear outside! I think I-Iwould youactually, would you go check on that?",Fear,MELD
"Honey, we dont have any bears here.",Neutral,MELD
"Well, okay. Would-would you get me a",Neutral,MELD
Okay. Ill be right back.,Neutral,MELD
Okay.  What?! What are you doing here?!,Surprise,MELD
What are,Neutral,MELD
I came with Paul!,Anger,MELD
"Yeah, I recognize the ankles!",Neutral,MELD
Get up!,Anger,MELD
Here you go honey!,Joy,MELD
Ahh. Thank you!,Joy,MELD
Diet Coke,Neutral,MELD
What the hell was that?!,Anger,MELD
A lesson in the importance of unagi.,Neutral,MELD
"Ohh,",Neutral,MELD
"Perhaps. Now Im curious, at what point during those girlish screams would you have begun to",Neutral,MELD
"All right, so we werent",Neutral,MELD
"Im sorry I had to take such drastic measures to make my point, but Ilook, I just want you guys to be safe.",Neutral,MELD
What are you doing?,Neutral,MELD
Im leaning. This is where I lean.,Neutral,MELD
Okay. (Goes over and fluffs up the pillows on the couch.,Neutral,MELD
Brenda a bee!,Fear,MELD
What?,Surprise,MELD
Yes! Its flown into your blouse and youd better undo your buttons lest it sting you!,Anger,MELD
I think I know whats going on here.,Disgust,MELD
You do?,Neutral,MELD
"Look, I know it must be hard that your wife is a lesbian, but its wrong. Youre married.",Disgust,MELD
I totally understand.  Can I,Neutral,MELD
"All right, let's do it!",Joy,MELD
"No, no, no. What was that?",Surprise,MELD
"I know, it was the best I could get out of them.",Neutral,MELD
"Well, people!",Sadness,MELD
"People, people, people.",Neutral,MELD
"Let's try it again, and this time let's watch everybody watch Joey.",Neutral,MELD
Show 'em how it's done.,Neutral,MELD
Count it off.,Neutral,MELD
So what did he decide? Does your Uncle Nathan get an invite or not?,Neutral,MELD
"Ohh, God, nobody likes him, and hes so cheap, hed never fly to London in a million years.",Disgust,MELD
"Yeah, invite him?",Neutral,MELD
"Hey, did I do these neat enough?",Neutral,MELD
"Yeah, theyre fine.",Neutral,MELD
Yeah?,Joy,MELD
"If anyone asks, well just say Ben addressed them.  Oh! So you invited Rachel then?",Surprise,MELD
Sure. Why not?,Neutral,MELD
Really?,Surprise,MELD
Yeah?,Neutral,MELD
I dont think Id be comfortable with any of my old lovers there.,Sadness,MELD
"Wait-wait-wait, do you, do you think, maybe we shouldnt invite her?",Fear,MELD
"Oh, no-no, yknow I absolutely adore Rachel its just that, well it might be a awkward for you.",Sadness,MELD
But its absolutely your decision.,Neutral,MELD
More tea?,Neutral,MELD
Yeah sure.,Neutral,MELD
Earl Grey?,Neutral,MELD
"Huh? Yeah, fine, invite whoever you want.",Neutral,MELD
Hi.,Neutral,MELD
Hey!,Joy,MELD
Hey! So how was the doctor?,Neutral,MELD
"Oh, everything went great.",Joy,MELD
Good.,Neutral,MELD
"Oh hey, show them the picture of your uterus.",Neutral,MELD
Oh.,Joy,MELD
I dont see the baby. Where is it?,Neutral,MELD
"Oh no, I know I couldnt see it either at first, but its right umm  Ross, I lost it again.",Joy,MELD
Could you help me with something?,Neutral,MELD
The patient Im looking for has a broken leg and is in a wheelchair.,Neutral,MELD
"And umm, hes like early to mid-thirties, very attractive.",Neutral,MELD
I think I know who youre talking about.,Neutral,MELD
"Oh yay! Great! Okay, what room number is he in?",Joy,MELD
"Im sorry, that information is restricted to hospital staff",Neutral,MELD
"Uh, shes with me.  Dr. Drake Remoray.",Neutral,MELD
Dr. Drake who?,Neutral,MELD
Remoray. Its Portuguese. We need that information. Im a doctor.,Neutral,MELD
A doctor at this hospital?,Surprise,MELD
Damnit woman were losing precious time! Now do you want this mans blood on your head?,Anger,MELD
Hands.,Neutral,MELD
Hands!,Neutral,MELD
It is absolutely essential that you tell me what room the man my assistant described is staying in.,Neutral,MELD
"Hes a patient of mine, Ive been treating him for years!",Neutral,MELD
Hes in room 816.,Neutral,MELD
"816, thank you!",Joy,MELD
Thank you.,Neutral,MELD
And what is his name?,Neutral,MELD
No!,Surprise,MELD
Hi!,Joy,MELD
Hi!,Joy,MELD
Rachel was just helping me out. My head got all sunburned.,Neutral,MELD
Awww.,Joy,MELD
Thanks a million.,Joy,MELD
"Oh, youre welcome a million.",Joy,MELD
"Okay, Ill see you in our room.",Neutral,MELD
Yeah.,Neutral,MELD
Oh my God.,Surprise,MELD
I know.,Neutral,MELD
"Okay, I gotta go.",Neutral,MELD
Whoa! What?! Why?!,Surprise,MELD
"Well, I-I gotta go break up with Bonnie.",Sadness,MELD
Here?! Now?!,Surprise,MELD
"Well, yeah.",Neutral,MELD
"I cant-I cant stay here all night, and if I go in there shes-shes gonna wanna... do stuff.",Fear,MELD
What happened?,Surprise,MELD
"Hes not gonna make it, hes stuck in Chicago.",Sadness,MELD
"Ohh, man! Chicago, is sooo lucky!",Joy,MELD
"Stupid, useless Canadian money!",Anger,MELD
"Rachel, one of your customers seems to have left his billfold. A Joshua Bergen.",Neutral,MELD
Really?,Surprise,MELD
Will you call him?,Neutral,MELD
Yes!,Joy,MELD
I will!,Joy,MELD
Absolutely!,Joy,MELD
Oh my God! That is so good!,Joy,MELD
"Im full, and yet I know if I stop eating this, Ill regret it.",Neutral,MELD
Hey!,Neutral,MELD
Hey!,Neutral,MELD
What do you got there?,Neutral,MELD
"Oh its umm, its tofu cake. Do you want some?",Neutral,MELD
What are you doing tonight?,Neutral,MELD
Huh? Uh,Neutral,MELD
Dude! Dude!,Surprise,MELD
"Oh!  Sorry. Uh, Ive got those plans with Phoebe, why?",Neutral,MELD
"Oh really? Uh, Monica said she had a date at 9:00.",Surprise,MELD
What?! Tonight?!,Surprise,MELD
Thats what Monica said.,Neutral,MELD
After she gave me that big speech?!,Surprise,MELD
She goes and makes a date with a guy on the same night she has plans with me?,Anger,MELD
I think shes trying to pull a fast one on Big Daddy!,Anger,MELD
"Okay, is this lamp in the same place?",Neutral,MELD
Who cares? I repel women.,Disgust,MELD
No-no-no-no-no-no-no-no!!! You can't come in here! R-r-r-r-Ross is naked.,Surprise,MELD
What?!,Surprise,MELD
Its yours!,Neutral,MELD
"Yeah well, Im-Im a slut.",Sadness,MELD
Me too.,Neutral,MELD
Hi Jill!,Joy,MELD
Hey!,Joy,MELD
Hi .,Neutral,MELD
Rachel.,Neutral,MELD
"Rachel! Well, you-youre not at home, youre-youre-youre right here.",Surprise,MELD
"Yeah I know, and I bet you thought it would be weird. But its not!",Joy,MELD
"Okay. So well Ill umm,  Ill have her home by midnight.",Neutral,MELD
That part was perfect for me! I can't believe I didn't get it!,Anger,MELD
"I'm sorry, man.",Sadness,MELD
"Hey, y'know what you should do?",Neutral,MELD
You should make something happen for yourself.,Neutral,MELD
"Y'know, like-like write a play.",Neutral,MELD
Write a movie!,Joy,MELD
Huh?,Neutral,MELD
"I mean, what about those",Neutral,MELD
"Come on Ross be realistic, y'know? If I did write something, what are the chances I could get those guys to star in it?",Sadness,MELD
"Wait a second, I could star in it!",Joy,MELD
Or that.,Neutral,MELD
I can't write!,Anger,MELD
"Y'know I mean I-I-I'm an actor, I don't have the discipline that takes, y'know?",Sadness,MELD
I can't do it.,Sadness,MELD
I'll help you.,Neutral,MELD
"Yeah, I'll make up a schedule and make sure you stick to it.",Neutral,MELD
"And plus, it'll give me something to do.",Neutral,MELD
"Soo, ah, Eric, what kind of photography do ya do?",Neutral,MELD
"Oh, mostly fashion, so there may be models here from time to time, I hope thats cool.",Neutral,MELD
"Yes, that is cool. Because I have models here y'know......never.",Neutral,MELD
"Oh, yeah, during the summer, I spend most weekends at my sisters beach house, which you are welcome to use by the way.",Neutral,MELD
"Although, I should probably tell you, shes a porn star.",Neutral,MELD
"Well, listen I ah, still have one more person to ah meet, but unless it turns out to be your sister, I think youre chances are pretty good.",Neutral,MELD
All right.,Neutral,MELD
"As bad as that went, I actually enjoyed myself. I think that Im going to apologize for all of the stupid things I do.",Neutral,MELD
Why dont you just stop doing stupid things? Then you wouldnt have to apologize.,Neutral,MELD
I would really love it if I could do both.,Neutral,MELD
"All right, II have to ask.",Sadness,MELD
What?,Neutral,MELD
Are you gonna break up with me if I get fat again?,Fear,MELD
What?!,Surprise,MELD
"Well, you broke up with Julie Grath! How much weight could she have gained?",Anger,MELD
A hundred and forty-five pounds.,Disgust,MELD
"Yes, yes it is. Its uh  Every time on the lips! Why?! Why on lips?!",Anger,MELD
"Heres Frannie. Hmm, wont she be happy to see me?",Joy,MELD
"Now wait a minute, you be nice! All right? I didnt bring you here so you can ambush her.",Anger,MELD
Frannie was the one who found your,Neutral,MELD
That bitch!,Anger,MELD
Monica! What,Surprise,MELD
Am I doing here? Why? Surprised to see me? Ross brought me. How do you like that?!,Anger,MELD
"Hi Frannie, congratulations.",Neutral,MELD
"You invite my brother, you invite my whole family, and not me?!",Anger,MELD
Why?!,Surprise,MELD
WhatWhy wouldnt you want me at your wedding?,Anger,MELD
What could I have possibly done?!,Anger,MELD
Stuart!,Anger,MELD
I believe you know my husband.,Neutral,MELD
So its really a question of,Neutral,MELD
Hey ladies! What are you in here for?,Neutral,MELD
"Hey Chandler, what are you doing here?",Surprise,MELD
"Gary, I'm here to report a crime.",Neutral,MELD
Yeah?,Surprise,MELD
It is a crime that you and I don't spend more time together.,Neutral,MELD
What's up?,Neutral,MELD
"Well, I heard that you thinking about asking Phoebe to move in with you and I thought maybe, we should have a talk.",Neutral,MELD
"Man to uh, me.",Neutral,MELD
Sure. Okay.,Neutral,MELD
"Uh, are you crazy? Are you insane? If you live with Phoebe, you two are gonna be y'know, live-living together!",Surprise,MELD
"Yeah, I-I considered that. I just know it would make me happy.",Neutral,MELD
You mean scared.,Neutral,MELD
"No, I mean happy.",Neutral,MELD
"Hey! Oh listen, I was just clearing some space for your stuff.",Joy,MELD
"Oh thanks, but listen, I was just at Monicas and she and Chandler had a big fight and theyre not moving in.",Sadness,MELD
"What do you mean, theyre not moving in? They-theyre still moving in right?",Surprise,MELD
"No-no, they just had a big blowout over what to do with my room.",Neutral,MELD
What?! Over a stupid room!,Surprise,MELD
"Yeah, I feel kinda bad for them, but Im also really psyched cause I dont have to move in here!",Joy,MELD
"Oh no, yeah no, that parts great!",Joy,MELD
Shut-out!!,Surprise,MELD
"Where are you guys going? Come on, one more game!",Surprise,MELD
"Uh, it's 2:30 in the morning!",Sadness,MELD
"Yeah, get out!",Anger,MELD
You guys are always hanging out in my apartment!,Anger,MELD
"Come on, I'll only use my left hand, huh?",Anger,MELD
"Come on, wussies!",Anger,MELD
"All right, ok, I gotta go.",Neutral,MELD
"I'm going,  and I'm gone.",Neutral,MELD
One more game?,Neutral,MELD
Oh yeah!,Joy,MELD
Im sorry.,Sadness,MELD
Ohhh. Dont go.,Sadness,MELD
"No, I-I-I gotta go.",Sadness,MELD
No. No! No! No!,Sadness,MELD
"Honey, honey, people are looking.",Sadness,MELD
I dont care!  I dont care!!,Anger,MELD
"Yeah, um, Im, Im leaving now.",Sadness,MELD
You cant leave! I have your shoe!,Sadness,MELD
Good-bye Chandler Bing.,Sadness,MELD
Rachel has those in burgendy.,Neutral,MELD
"Oh, ew!",Disgust,MELD
What?,Neutral,MELD
Yeah I know what I wanted to ask you.,Neutral,MELD
"Um, can you roll your tongue?",Neutral,MELD
"Because I can, and my Mom couldnt, and I thought y'know, I figured that was something I got from our Dad.",Neutral,MELD
"What, wait, you mean like this?",Neutral,MELD
"Yeah, yeah. You can do it to.",Surprise,MELD
Your not doing it.,Neutral,MELD
"Oh right, yeah okay, my Mom could, and I cant. We dont have that....",Neutral,MELD
Where there is no fear of commitment.,Neutral,MELD
Do we have any... Do we have any thoughts here?,Neutral,MELD
"Well, I've never been through the tunnel myself, 'cause as I understand it, you're not allowed to go through with more than one girl in the car, right.",Neutral,MELD
"But, it seems to me it's pretty much like anything else, you know, face your fear.",Neutral,MELD
"It have a fear of heights, you go to the top of the building!",Fear,MELD
If you're afraid of bugs.....get a bug.,Neutral,MELD
Right.,Neutral,MELD
"In this case, you have a fear of commitment, so I say you go in there and be the most committed guy there ever was.",Neutral,MELD
"Amazingly, that makes sense.",Joy,MELD
You think?,Neutral,MELD
"Oh, yeah. Go for it man, jump off the high dive, stare down the barrel of the gun, pee into the wind!",Joy,MELD
"Yeah, Joe, I assure you if I'm staring down the barrel of a gun, I'm pretty much peeing every which way.",Fear,MELD
Hey!  Hey!,Joy,MELD
Hi!,Joy,MELD
Hi! Look! I got our pictures developed from Rockefeller Center.,Joy,MELD
"Oh great! Hey-hey Joey, do you want to check out pictures of me and Mona ice skating?",Joy,MELD
"Oh uh, ordinarily I would love too, but I am just swamped right now.",Neutral,MELD
Hey where-where are the pictures that creepy pretzel vendor took of us together?,Neutral,MELD
"Oh yeah, probably at the end.  Oh my God! He only took pictures of my breasts!",Surprise,MELD
Im missin picture time?!,Joy,MELD
Yknow she has a face Ross!,Anger,MELD
"Okay. Okay, heres a good one of us.",Joy,MELD
Wow!,Joy,MELD
That is a good one!,Joy,MELD
"Wow, it looks like a, like a holiday card yknow, with the tree in the middle and the skaters and the snow.",Joy,MELD
"Yknow, every year I say Im gonna send out holiday cards and I never do it.",Neutral,MELD
"Do you wanna, do you wanna send this one out together?",Neutral,MELD
Together? Like-like to people?,Surprise,MELD
"Yeah, yknow. Happy holidays from Mona and Ross. Itll be cute, okay?",Joy,MELD
Okay.,Joy,MELD
"Oh, I gotta get to work. So call me later?",Neutral,MELD
"Uh sure, sure.",Neutral,MELD
Bye guys.,Neutral,MELD
"I mean, I dont feel like I even have a girlfriend anymore.",Anger,MELD
You want me to just quit my job so that you can feel like youve got a girlfriend?,Anger,MELD
Is this about Mark?,Neutral,MELD
Oh my God.,Surprise,MELD
"Okay, its not, its not.",Neutral,MELD
"Oh my God. I cannot keep having this same fight with you Ross! Look, urrgh, maybe we should take a break.",Sadness,MELD
"Fine, youre right.",Neutral,MELD
"Lets ah, lets take a break,  lets cool off, okay, lets get some frozen yoghurt, or something..",Neutral,MELD
No. A break from us.,Sadness,MELD
"Bing! Were all set for tonight, 8 oclock.",Joy,MELD
"Oh uh, as it turns out, we cant do it. Monica has to work.",Joy,MELD
"Oh, my ex-wife didnt work, unless you call turning into her mother work. Fine. Tomorrow night then.",Neutral,MELD
Oh uh well tomorrows no good for her either.,Neutral,MELD
Oh? Why not?,Neutral,MELD
Its the semi-finalsof herbotchy ball tournament.,Neutral,MELD
"Whats going on Bing? Does uh, your wife have a problem with me or something?",Anger,MELD
Well now-now youre just talking crazy.,Joy,MELD
So why cant the three of us go out together?,Neutral,MELD
Because uhwe-wewe split up. Monica and I split up. Hold me.,Sadness,MELD
"Good God Bing Iwell I cant say Im altogether surprised, I saw the way she looked at you, and there was no love there.",Sadness,MELD
"And the way she looked at me, pure lust.",Joy,MELD
Yknow what would really help me through this tough time is choking something. Can I choke ya?,Anger,MELD
"Bing my boy, were gonna get you over this.",Neutral,MELD
"Now heres the plan, grab your coat, were going to a strip club.",Joy,MELD
"Oh no-no-no, Monica would freak.  But to hell with that bitch.",Anger,MELD
"Look at you, all sweet and innocent, sleeping like an angel...    with Emma's chubby little hands wrapped around ya.",Neutral,MELD
"It's    okay, Emma, you stay asleep.",Neutral,MELD
": Step away from the crib,    I have a weapon!",Anger,MELD
"It's okay, it's okay Rach, it's me. Put down the scrunchy.",Neutral,MELD
What are you doing?,Neutral,MELD
"Well, I heard Emma stirring, so I came to make sure she could    reach Hugsy.",Neutral,MELD
"Oh, oh thanks. Alright well, now that I'm up I'm going to go    to the bathroom.",Neutral,MELD
There you go sweetie...     This isn't over.,Neutral,MELD
Did he call?,Neutral,MELD
No. Sorry.,Sadness,MELD
Why?! Why?! He said hed call. Why hasnt he called?,Sadness,MELD
"Maybe hes intimated by really smart, strong, successful women.",Neutral,MELD
"Sophie, would you please climb out of my butt. Why hasnt he called, Rachel? Why?",Anger,MELD
"Okay, okay. Umm, well ah, maybe he, maybe he feels awkward because you are my boss.",Neutral,MELD
Awkward? Why should he feel awkward?,Surprise,MELD
"The only person that should feel awkward is you, and you didnt tell him not to call me, did you?",Anger,MELD
"Because if you feel uncomfortable with your friend dating someone you work for, there are always ways to fix...that.",Anger,MELD
And youre upset because you didnt make your best friend cry?,Sadness,MELD
"I mean, all Im asking for is just a little emotion!",Anger,MELD
Is that too much to ask after six years?!,Anger,MELD
I mean what?,Anger,MELD
Are-are-are Rachel and I not as close as you guys?!,Anger,MELD
I mean do we not have as much fun?!,Anger,MELD
Dont I deserve a few tears?!!,Sadness,MELD
"I mean we-we told Joey, he cried his eyes out!",Sadness,MELD
Hey!,Anger,MELD
I did not cry my eyes out!!,Anger,MELD
Come on!,Sadness,MELD
Its like the end of an era!,Sadness,MELD
No more J-man and Channies!,Sadness,MELD
"Okay, I gotta ask, who calls us that?!",Anger,MELD
Do I know why were rushing?,Neutral,MELD
"Yeah, y'know the ah, the girlfriend I told you about last night?",Neutral,MELD
"Well it turns out she ah, she wants to get back together with me.",Neutral,MELD
"Oh, I found it!",Joy,MELD
Thats so great for you guys!,Joy,MELD
"Good luck, with your girlfriend.",Neutral,MELD
"Oh, thank you.  Hey, hey.  Rachel!!!!",Joy,MELD
"Hi. Ohhh, you got my message.",Neutral,MELD
"Yeah, oh hey, you are right on time.",Neutral,MELD
So what do you say? Can I be your girlfriend again?,Neutral,MELD
"Yes, you can, very much.",Joy,MELD
Ahhhh!!,Surprise,MELD
"Ooh! I'm sorry! I think, I THINK, that may have missed the table!",Joy,MELD
Do,Neutral,MELD
"Ah,",Neutral,MELD
Do,Neutral,MELD
"Ah,",Neutral,MELD
DO YOU?,Anger,MELD
Yknow I dont understand why they didnt cry. It was a beautiful speech.,Sadness,MELD
"Oh, come on.",Disgust,MELD
Hey!,Sadness,MELD
"All that stuff you said about true love, you were right, I mean, we did learn a lot from Mom and Dad!",Joy,MELD
And that picture of Chi-Chi with her mischievous grin.,Neutral,MELD
And what you said about Nana.,Neutral,MELD
"Ohh, yeah she really wouldve wanted to be there.",Sadness,MELD
And you know what?,Neutral,MELD
I think she was.,Neutral,MELD
"Oh good God, Ross! How the hell do you do it?",Surprise,MELD
You forget how many great songs Heart had.,Neutral,MELD
Yeah.,Neutral,MELD
"You know, Barracuda was the first song I learned to play on the keyboard.",Neutral,MELD
"So, you heard it, you repeated it, so that must mean you wrote it.",Neutral,MELD
"Oh, you guys, with this joke. I gotta say, I know I cracked up, but Im not even sure I got it.",Neutral,MELD
"What, you didnt get it? The doctor is a monkey.",Neutral,MELD
And monkeys cant write out prescriptions.,Neutral,MELD
You are not allowed to laugh at my joke.,Anger,MELD
"Your joke? Well, I think the Hef would disagree, which is why he sent me a check for one hundred ah-dollars.",Neutral,MELD
I cant find garbage bags!,Anger,MELD
"Oh, I think I saw some in here.",Neutral,MELD
What is it?!,Surprise,MELD
"I dont know! But maybe if we keep that drawer shut, itll die.",Disgust,MELD
I cant believe were living here!,Sadness,MELD
You still haven’t told Rachel you weren’t really  proposing?,Surprise,MELD
"No! She had the ring on, she seemed so excited, and then she  took her breast out.",Anger,MELD
"Joey, you have to tell her what’s going on! And what did it  look like?!",Surprise,MELD
I didn’t look at it. Stupid baby’s head was blocking most of  it.,Anger,MELD
Go and tell Rachel right now before Ross finds out.,Sadness,MELD
"Look, it’s not that easy. She said she wanted to marry me. I  don’t want to hurt her.",Sadness,MELD
"Okay, look, just do it gently.",Neutral,MELD
You’re right.,Neutral,MELD
You’re right.,Neutral,MELD
I-I’ll go tell her now before Ross  finds out and I’ll be gentle.,Neutral,MELD
I can do that.,Neutral,MELD
I am a gentle person.,Neutral,MELD
"Oh, by the  way.",Neutral,MELD
Two people screwing in there  if you want to check that out.,Neutral,MELD
"Okay, umm, it's this tragic love story between Cathy and Heathcliff and umm, it takes place on like these really creepy mores in England.",Sadness,MELD
Which,Neutral,MELD
"How would you characterize the theme of this book, uh let's see here , Rachel Green?",Neutral,MELD
"Umm, well I would have to say that it's a, it's tragic love story.",Neutral,MELD
"Well, that's sort of a given, but yes. Anyone else?",Neutral,MELD
"Oh-oh-oh, symbolism! And uh, the-the uh, wildness of the mores, which",Joy,MELD
Excellent! What Rachel has shrewdly observed here,Joy,MELD
You completely stole my answer!,Anger,MELD
"Well, honey that was pretty obvious.",Sadness,MELD
Well how would you know?! You didn't even read it!,Anger,MELD
What do you think? You in the blue shirt.,Neutral,MELD
"I think that uh, yours is a question with many answers.",Neutral,MELD
Would ya care to venture one?,Neutral,MELD
Would,Neutral,MELD
Are you just repeating what I'm saying?,Anger,MELD
"All right, let's move on.",Neutral,MELD
Okay then.,Neutral,MELD
"All right, okay, this is great, uh, Chandler, you get behind the desk.",Neutral,MELD
"And-and when she comes in hopefully, she wont recognise you because, well, why would she?",Neutral,MELD
"Uh, okay, and then you buzz Ross and I.",Neutral,MELD
"You be Mr. Gonzalez, and Ill be uh, Mr. Wong.",Neutral,MELD
Diverse.,Neutral,MELD
Did anybody call for security?,Neutral,MELD
You be cool.,Neutral,MELD
"Okay, which one of you guys is Gunther Central-Perk?  Hey, Joey?",Neutral,MELD
Wheres my ring? My dead grandmothers wedding ring? Where is it? Where is it?,Fear,MELD
"Way to be cool, man.",Neutral,MELD
Whats he talking about?,Neutral,MELD
"There was a ring, in a box, on my nightstand, after you left, it was gone!",Anger,MELD
"Wait, you guys think I stole some ring?",Surprise,MELD
We know you took so just-just save yourself the time and confess!,Anger,MELD
"Okay, who are you?",Surprise,MELD
The Hardy boys?,Anger,MELD
"Look, I dont need to steal some stupid ring, all right?",Anger,MELD
"I make $1,600 a week doing what I do; any of you guys make that?",Anger,MELD
Marry me.,Neutral,MELD
Oh my God! Joey!,Surprise,MELD
Hell yeah! Ill marry you!,Joy,MELD
You cant marry him!,Anger,MELD
"Hey lady, your days over! Its my turn!",Anger,MELD
Phoebe!,Surprise,MELD
Why?! Why cant she marry me?!,Surprise,MELD
I can and I will!,Anger,MELD
Shes not pregnant. Its Rachel. Rachels the one whos pregnant.,Neutral,MELD
Oh my God.,Surprise,MELD
Hey!,Anger,MELD
Phoebe I think he would notice if you didnt have a baby in nine months!,Anger,MELD
Its Joey!,Surprise,MELD
Now I cant believe it! What? Rachels pregnant?  Whos the father?,Surprise,MELD
We dont know.,Neutral,MELD
Ohh I wonder if that dude.,Neutral,MELD
Theres a dude?,Surprise,MELD
Yeah.,Neutral,MELD
Who? Who is it?,Surprise,MELD
"About a month ago this guy spent the night with Rachel, I didnt see who it was but",Disgust,MELD
Was that story over?,Neutral,MELD
The guy left this.,Neutral,MELD
Oh my God! I know who the father is,Surprise,MELD
People have got to finish their stories!,Anger,MELD
"Oh my God, youre back!",Surprise,MELD
"Ohh, let me see it! Let me see your hand!",Surprise,MELD
Why do you want to see my hand?,Neutral,MELD
I wanna see whats in your hand. I wanna see the trash.,Disgust,MELD
"Eww! Oh, its all dirty. You should throw this out.",Disgust,MELD
No!,Anger,MELD
Me too!,Joy,MELD
"Hey, when the music starts up again, I was thinking of maybe goind into the robot, yknow?",Neutral,MELD
"Ross, I think we should stick to the routine, we dont wanna look stupid!",Joy,MELD
Alright were back! Ten seconds left here we go! Ten! Nine! Eight! Seven!,Joy,MELD
"Three, Two, One!",Neutral,MELD
Cut!,Neutral,MELD
No! Year! Happy No Year!,Joy,MELD
"Okay, heres where we go to the live shot of Times Square, nice work everyone thats a wrap!",Joy,MELD
"So Lizzie, are-are-are you planning on staying the night?",Neutral,MELD
"Oh no-no believe me, Im leaving as soon as possible!",Neutral,MELD
"Good. Good. Not that we dont want you to stay, obviously youre welcomeHow much more homework do you have?",Neutral,MELD
"I see. Yknow umm, Phoebe makes sock bunnies.",Neutral,MELD
No!,Surprise,MELD
"No, she doesnt.",Neutral,MELD
"Uh Phoebe, what she makesthats uhtheyre sock rabbits.",Neutral,MELD
They are completely differentOkay!,Anger,MELD
Okay!,Surprise,MELD
Okay!,Surprise,MELD
I didnt make it!,Sadness,MELD
Im sorry!,Sadness,MELD
I totally forgot about tonight and the fact that were supposed to,Neutral,MELD
"Oh, its okay. I dont",Neutral,MELD
"No-no, its not okay!",Sadness,MELD
Its not!,Sadness,MELD
I mean you were just Youre so incredible!,Sadness,MELD
You went through all this time and effort to make this tape for me!,Sadness,MELD
"Yknow Im just gonnaI, I am gonna make this up to you!",Joy,MELD
I will!,Sadness,MELD
I-I am going to,Neutral,MELD
"Well, I did put a lot of thought in the tape.",Neutral,MELD
"No.  And then I called him, and he wasnt there.",Neutral,MELD
"Well, then hes, hes probably just, out.",Neutral,MELD
"Oh, thank you thats very helpful, Im glad you came over.",Neutral,MELD
Hello.,Neutral,MELD
Hi! Its me.,Sadness,MELD
"Hi! Oh, Im so glad you called.",Joy,MELD
"Really? Ive been thinking, this is crazy, I mean dont, dont you think we can work on this?",Sadness,MELD
"Hey, what do you want to drink?",Neutral,MELD
Whos that?,Surprise,MELD
Nobody.,Neutral,MELD
Is it okay if I finish the apple juice?,Neutral,MELD
Is that Mark?,Neutral,MELD
"Umm, honey, look he just came over to....",Neutral,MELD
Yeah! Got it!,Anger,MELD
"Hey, dinosaur guy, look at you, so sad. Come dance.",Neutral,MELD
"Ah, thats okay, thanks.",Sadness,MELD
"Hey, you dont have to smile. You just have to dance.",Neutral,MELD
"Look, I dont feel like dancing, I feel like having a drink. Okay?",Sadness,MELD
"Oh, okay.  Hey, two beers.",Neutral,MELD
You wanna go in the bedroom? Its a little more comfortable.,Neutral,MELD
Sure.,Neutral,MELD
"Okay.  Oh wait! Umm, did you send those contracts to Milan?",Surprise,MELD
If this is your idea of sexy talk?,Surprise,MELD
"No seriously, yknow the contracts I gave you, did you overnight them?",Fear,MELD
What contracts?,Neutral,MELD
Okay please tell me that this is just one of your jokes that you do that I dont get.,Joy,MELD
Like what?,Neutral,MELD
"Yknow, like the thing when you put the phone in your pants?",Disgust,MELD
Tag!,Anger,MELD
Im serious!,Anger,MELD
This isnt funny!,Anger,MELD
Those contracts absolutely had to go out today!,Anger,MELD
"Rach, Im sorry, but you didnt give me any contracts!",Surprise,MELD
Yes I did! And I put a little,Anger,MELD
"Im telling you, you never gave them to me.",Neutral,MELD
"Yknow what Tag, if we went down to the office you would see those contracts sitting on your desk.",Anger,MELD
"No, I would see you looking embarrassed because they are",Anger,MELD
Or maybe you would see me looking embarrassed because you are talking on the phone with your crotch!,Disgust,MELD
You wanna go down to the office right now?,Neutral,MELD
"No! Come on its late, were not gonna go down to the office.",Anger,MELD
Okay I understand.  I wouldnt want to be proved wrong either.,Neutral,MELD
Okay get your coat!  Oh! When did you unhook this?  Nice work!,Joy,MELD
"Hey Ross, this is one of my co-stars, Dirk.  Dirk, this    is my good friend Ross.",Neutral,MELD
Nice to meet you.,Neutral,MELD
Oh and I need to talk to you.,Neutral,MELD
About what?,Neutral,MELD
To see if know what these guys are talking about.,Neutral,MELD
"Pheebs, hows it going?",Neutral,MELD
Im doing okay. I think its going well. Do you think theyre having fun? Am I talking to fast?,Neutral,MELD
"Nope, sound like me. Pheebs, its going great. Look at Chandler with little baby girl Chandler.",Joy,MELD
"Little baby girl Chandler, where I have heard that before?",Neutral,MELD
"Oh right, Coach Ruben.",Neutral,MELD
Do you know what Pheebs?,Neutral,MELD
"When youre done over there, we kinda have a situation over here too.",Fear,MELD
"Na-uh, no, we are all responsible for our own babies.",Neutral,MELD
See thats where I think that youre wrong. Weve been playing these babies man for man. we should really be playing a zone defense.,Neutral,MELD
What do you mean?,Surprise,MELD
Forgive me? You haven't been taking my calls in a week!,Anger,MELD
"Well, I'm totally over it Chandler. Friends forever! Don't come out here!",Anger,MELD
"Uh, what was that?",Surprise,MELD
"Uh,",Neutral,MELD
"...I'm, I'm okay.",Neutral,MELD
"That sounds good. I'll call you- or you call me, whatever...",Neutral,MELD
Okay.,Neutral,MELD
Bye.,Neutral,MELD
Whoo-hoo!,Joy,MELD
"Yeah, there you go!",Joy,MELD
Second date!,Joy,MELD
...I dunno.,Neutral,MELD
"Well, she seems very nice and everything, but that whole thing about her coming all the way down here, just to see if I was okay?",Anger,MELD
"I mean,... how needy is that?",Disgust,MELD
Remember when you where a kid and your Mom would drop you off at the movies with a jar of jam and a little spoon?,Neutral,MELD
You're so pretty.,Joy,MELD
Hi!,Joy,MELD
"Hey, Phoebe.",Neutral,MELD
"Hey, oh, you know that guy who's been following me? I talked to him today.",Neutral,MELD
You talked to him. Are you crazy?,Surprise,MELD
"Thank you, Happy Holidays.",Joy,MELD
"Now, that's trash. Young lady, you can't  Hey! Stop that young lady, she donated trash!",Anger,MELD
Hey!!,Anger,MELD
The charity's on fire!,Fear,MELD
Help!,Fear,MELD
Oh good!,Joy,MELD
"Thank you, I need that.",Joy,MELD
Whoa!,Surprise,MELD
What is that?!,Surprise,MELD
It's nine o'clock in the morning!,Surprise,MELD
Can I help you?,Neutral,MELD
"Uh yeah, where-wheres the guy who decides whos pictures go up on the wall?",Neutral,MELD
Hes not here right now.,Neutral,MELD
"Oh, youre kidding me!",Anger,MELD
"All-all right, well make sure you tell him that Joey Tribbiani stopped by to drop off all of these clothes.",Neutral,MELD
Okay?,Neutral,MELD
Im an actor. Im kinda getting my picture up there on the wall.,Neutral,MELD
"Yknow, there are two people who could put your picture up there.",Neutral,MELD
"Oh really? Well, maybe you and I go out for drinks?  Youre the other one right?",Neutral,MELD
"Yeah, and it really freaked me out! And after a while I even tried to hurt you and it just spurred you on.",Sadness,MELD
What?! Youre crazy! Theres nothing sexual about the noises I make!,Surprise,MELD
Theres nothing sexual about this?,Anger,MELD
Oo God!,Sadness,MELD
What are you looking at?!,Anger,MELD
I mean hi.,Neutral,MELD
"Oh myThis is so embarrassing. Oh my God, Im never gonna get massaged again!",Fear,MELD
"No, you cant let this stop you from getting massages!",Sadness,MELD
"No look, I have, I have lots of clients that make the same noises you do!",Neutral,MELD
Really?!,Surprise,MELD
"Well not clients, lovers. But lets just yknow, try it again. Come back and-and well work through it.",Neutral,MELD
Are you sure?,Surprise,MELD
Yes.,Neutral,MELD
I guess.,Neutral,MELD
"Great! Okay, if youll just excuse me.  So, did you hear something you liked?",Joy,MELD
"Thanks for the coffee, or bedankt voor de koffie, Gunter.",Neutral,MELD
"Yeah, were done.",Neutral,MELD
Ezel? Ezel? Ezel?,Surprise,MELD
"Hey Ross! Listen, do you want to go see that new Imax movie on tide pools?",Joy,MELD
Really?!,Surprise,MELD
"No. But I got Knicks tickets for you, me, and Chandler.",Neutral,MELD
Sweet!,Joy,MELD
"All right, well finish your coffee; lets go.",Neutral,MELD
"Ah, no-no-no just Ross. Ross and Joey is embarrassing enough.",Disgust,MELD
"Uh actually, sorry I cant even make it. Im seeing Mona again tonight.",Neutral,MELD
I understand: who would cancel an actual date to go to a fake bachelor party?,Neutral,MELD
Im sorry I gotta cancel tonight baby,Sadness,MELD
"So it's down to these two, Nancy I know you like this one and I think I agree. Rachel, what do you think?",Neutral,MELD
"Well umm, that one is pretty but uh, I just, I just love this fabric  Sorry.",Neutral,MELD
"Oh don't be sorry, that's part of your job here to give your opinions and then I take credit for them--I'm kidding.",Neutral,MELD
"She is kidding, but don't ever disagree with her again. Okay, now I'm kidding!",Joy,MELD
"Oh, what a fun office.",Joy,MELD
"I don't know which one, but I do know I need a cigarette.",Neutral,MELD
"So what do you say we take a break, we go outside, and we'll figure this out when we come back?",Neutral,MELD
Rachel? Do you smoke?,Neutral,MELD
"Oh no, my dad's a doctor and he would always tell me just horror storiesabout ghosts and goblins who totally supported the princess's right to smoke.",Neutral,MELD
What?,Neutral,MELD
Peach pit.,Neutral,MELD
"Yes, Bunny?",Neutral,MELD
"Peach pit. That night we, uh- we had-",Neutral,MELD
-Peaches?,Neutral,MELD
"Actually, nectarines, but basically...",Neutral,MELD
Could've been a peach.,Neutral,MELD
"Then, uh, then we got dressed, and I-I... I walked her to the-  -the bus stop... I'm fine.",Neutral,MELD
"Hey, that woman's got an ass like Carol's!  What? Thought we were trying to find stuff.",Joy,MELD
All right!,Joy,MELD
Westminster Abbey!,Joy,MELD
"Hands down, best Abbey Ive ever seen.",Joy,MELD
Hey!,Joy,MELD
Okay.,Neutral,MELD
"What do you think of the Abbey, Chandler?",Neutral,MELD
"I think its great. Its great. Yknow, theyre thinking of changing the name of this place.",Neutral,MELD
Really? To what?,Surprise,MELD
To Put the Camera Away!!!,Anger,MELD
"Man,",Neutral,MELD
"Y'know, I can't believe I'm getting my nails done!  And",Surprise,MELD
"Chandler, theres a guy right over there.",Neutral,MELD
Thats a mailman! Thats,Surprise,MELD
"Chandler, dont worry! This doesnt make you any less of a guy!",Neutral,MELD
"Hey, you know who used to have nails like that?",Neutral,MELD
"Eh..., I dont, I dont know.",Sadness,MELD
What?,Neutral,MELD
"Well, as old as he is in dog years, do you think Snoopy should still be allowed to fly this thing?",Sadness,MELD
Rachel?,Neutral,MELD
Yeah.,Neutral,MELD
"Do you remember when you first came here, how you spent two weeks getting trained by another waitress?",Neutral,MELD
"Oh, sure! Do you need me to train somebody new?",Joy,MELD
"Good one. Actually, ah, Terry wants you to take the training again, whenever.",Neutral,MELD
"Eh, do you believe that?",Surprise,MELD
Yeah?,Neutral,MELD
"Hey honey, you got the kind with the little girl, you said we were gonna to get the kind with the baby.",Anger,MELD
"No, you said the baby creeps you out.",Neutral,MELD
"No, the little girl creeps me out.",Anger,MELD
You said the baby.,Neutral,MELD
Why would the baby creep me out?,Anger,MELD
Why would the little girl creep you out?,Anger,MELD
"You guys, Im sorry, could you please talk a little slower?",Neutral,MELD
This is going in your book?,Surprise,MELD
"Yeah, its about relationships. Yknow? The traps, the pitfalls, what not to do, keep going. This stuff is great!",Joy,MELD
What?! Excuse me!,Surprise,MELD
And how none of it matters when the people really love each other.,Neutral,MELD
And how people will believe anything you tell them as long as its a compliment.,Neutral,MELD
"Yes, I made it!",Joy,MELD
Im on time!,Joy,MELD
"Okay, why dont we all uh,  open our books to page 23.",Neutral,MELD
Where  Where you will seea uha bunch of uhred spots.,Neutral,MELD
"Okay,  umm, why dont, why dont you all start to read, while I",Neutral,MELD
"Yeah, all right. All right! Just keep walkin'! All right?",Anger,MELD
"Ross! What are you I'm sorry sir. I just, I think he just really likes you.",Neutral,MELD
Hey! Y'know that teacher who had a baby with her student?,Neutral,MELD
What the? What,Surprise,MELD
Miss? May I help you?,Neutral,MELD
"Okay look, don't...don't be mad okay?",Fear,MELD
"But after I unpacked the boxes I wanted to do something nice for you, so, I-I-I cleaned the apartment.",Neutral,MELD
"So I moved everything around and then I forgot where it, where it went back and I'm sorry, I'm very sorry, I'm sorry, I'm sorry.",Sadness,MELD
"It's okay. Chandler, are you afraid of me or something?",Neutral,MELD
Do you want me to be afraid of you?,Neutral,MELD
Of course not.,Neutral,MELD
"I mean gosh, Chandler what you did, it's, it's a wonderful thing and I really appreciate it.",Joy,MELD
"I know I have this weird thing where I want everything to be in the perfect place, but I'd never expect you to worry about that.",Joy,MELD
Really?,Surprise,MELD
Of course!,Neutral,MELD
Oh well you're the best. You come here to me.,Joy,MELD
"All right, hold on okay? First thing's first.  Okay, now did Ross sit",Neutral,MELD
"Okay, that's it. I cannot make this decision! It is",Anger,MELD
"A Magic Eight ball?! You can't be serious, you can't make this decision with a toy!",Disgust,MELD
"Ooh, it's not a toy.",Anger,MELD
"Well, I don't know what else to do.",Sadness,MELD
"I mean, I either keep my wife and lose one of my-my-my best friends or I keep my friend and get divorced the second time before I'm 30!",Anger,MELD
"So-so if anyone has-has a better suggestion, let's hear it!",Anger,MELD
'Cause I-I got nothing!,Anger,MELD
"All right, don't be shy, any suggestion will do.",Anger,MELD
Okay then.,Neutral,MELD
Here we go.,Neutral,MELD
"Magic 8 Ball, should I never see Rachel again?",Neutral,MELD
Ask again later.,Neutral,MELD
Later is not good enough.,Anger,MELD
Ask again later.,Neutral,MELD
What the hell!,Anger,MELD
This is broken!,Anger,MELD
It-it is broken!,Anger,MELD
"All right, let me see.  Will Chandler have sex tonight?  Don't count on it. Seems like it works to me.",Neutral,MELD
Excuse me.,Neutral,MELD
Yeah?,Neutral,MELD
Are you Phoebe Buffay?,Neutral,MELD
Yeah.,Neutral,MELD
"Can-can I get your autograph, Im your biggest fan.",Joy,MELD
"I think she took it pretty well. You know Paolo's over there right now, so...",Neutral,MELD
"Ah...ooh! Well, looks like, uh, we kicked your butts.",Joy,MELD
"No-no, she kicked our butts. You could be on the Olympic standing-there team.",Anger,MELD
"Come on, two on one.",Neutral,MELD
"What are you still doing here? She just broke up with the guy, it's time for you to swoop in!",Surprise,MELD
"What, now?",Surprise,MELD
"Yes, now is when you swoop!",Joy,MELD
"You gotta make sure that when Paolo walks out of there, the first guy Rachel sees is you, She's gotta know that you're everything he's not!",Joy,MELD
"You're like, like the anti-Paolo!",Anger,MELD
My Catholic friend is right.,Neutral,MELD
She's distraught.,Neutral,MELD
You're there for her.,Neutral,MELD
"You pick up the pieces, and then you usher in the age of Ross!",Joy,MELD
"Well, I just called Joshua",Neutral,MELD
"Oh, how did it go?",Sadness,MELD
"Well, I did my best to convince him that Im not some crazy girl who is dying to get marriedIm just going through a hard time.",Neutral,MELD
What did he say?,Neutral,MELD
"Well uh, his answering machine was",Sadness,MELD
"Ohh, sweetie!  Hey, I bet you anything that hes gonna call you again.",Sadness,MELD
"Yeah, maybe, but I dont think I even care.",Sadness,MELD
I dont think hes the one Im sad about.,Sadness,MELD
"Yknow, I know that I said that I am totally okay with Ross getting married, but as it turns out, I dont think Im handling it all that well.",Sadness,MELD
"Yeah, maybe.",Sadness,MELD
And I-I am just trying to figure out why.,Sadness,MELD
Any luck?,Sadness,MELD
"Well, yeah, yknow how Ross and I were on again, off again, on again, off again?",Sadness,MELD
"I guess I just figured that somewhere down the road, we would be on again.",Sadness,MELD
Again. Yknow what? I think we all did.,Sadness,MELD
Hey!,Joy,MELD
I dont get it!,Surprise,MELD
It was in my room all night!,Anger,MELD
"And if she didnt take it, and I didnt take it; and you  didnt take it, then who did?",Anger,MELD
Shh!,Anger,MELD
Were trying to think!,Anger,MELD
"This is the unit for you my friend. Sturdy construction, tons of storage compartments, some big enough to fit a grown man.",Neutral,MELD
What?!,Surprise,MELD
Oh yeah!,Joy,MELD
I got in there myself once.,Neutral,MELD
"My roommate bet me five bucks that I couldnt, and then he stuck a board through the handles that locked me in.",Neutral,MELD
Yeah.,Neutral,MELD
It was funny til I started feeling like I was in a coffin.,Neutral,MELD
"No, you, you cant fit in that thing. Thats not deep enough.",Neutral,MELD
"Oh yeah?  If I cant, Ill knock five bucks off the price off the unit.",Anger,MELD
"All right, you have yourself a deal.",Neutral,MELD
Okay.  See?! I told ya!,Surprise,MELD
"Sometimes I get in here just to get away from it! Hey, a nickel!!",Anger,MELD
Hey! Whats up?,Neutral,MELD
Hey!,Joy,MELD
"Hey-hey, whos your friend?  Hey!!",Joy,MELD
Hey Joey!,Joy,MELD
Erin! Still here!,Joy,MELD
"Yeah, we ended up spending the day together and had such a great time!",Joy,MELD
Why wouldnt ya? Erin is great! Then-then theres you guys.,Joy,MELD
"Ohh, listen. Ive got to get going. Today was great, thanks!",Joy,MELD
I think I brought back half of the beach in my hair. It was so much easier when I used to shave my head.,Anger,MELD
"Y'know, I gotta tell ya, I just",Neutral,MELD
Really?!,Surprise,MELD
Ohh!,Surprise,MELD
Because I think about shaving it all off again sometime.,Neutral,MELD
Really?!,Surprise,MELD
Yeah!,Joy,MELD
I mean you definitely should do that.,Neutral,MELD
"Y'know what, I should do it.",Joy,MELD
Yeah!,Joy,MELD
"Yeah, thank you Rachel, you are soo cool.",Joy,MELD
"Awww, stop. Come on. Now go shave that head!",Neutral,MELD
All right.,Neutral,MELD
"Oh, Monica. You are not still going over that thing.",Sadness,MELD
This woman's living my life.,Anger,MELD
What?,Surprise,MELD
"She's living my life, and she's doing it better than me!",Anger,MELD
"Look at this, look.",Anger,MELD
She buys tickets for plays that I wanna see.,Anger,MELD
"She, she buys clothes from stores that I'm intimidated by the sales people.",Anger,MELD
She spent three hundred dollars on art supplies.,Anger,MELD
You're not an artist.,Neutral,MELD
"Yeah, well I might be if I had the supplies! I mean, I could do all this stuff. Only I don't.",Anger,MELD
I can't believe you would actually say that. I would much rather be Mr.Peanut than Mr.Salty.,Surprise,MELD
"No way! Mr.Salty is a sailor, all right, he's got to be, like, thetoughest snack there is.",Anger,MELD
"I don't know, you don't wanna mess with corn nuts. They're craaazy.",Neutral,MELD
Oh my God. You guys! You gotta come see this! There's some creep out there with a telescope!,Fear,MELD
I can't believe it! He's looking right at us!,Surprise,MELD
"Oh, that is so sick.",Disgust,MELD
I feel violated. And not in a good way.,Disgust,MELD
"How can people do that?...  Oh, you guys, look! Ugly Naked Guy got gravity boots!",Surprise,MELD
Man that was great! Huh? Can you believe how long we threw that ball around?,Joy,MELD
"Yeah, it is amazing it lasted that long.",Neutral,MELD
I know. My arm is killing me.,Neutral,MELD
"No, I meant with the dropper over here.",Neutral,MELD
"Y'know, how did I get this reputation as a dropper? Okay? I'm",Anger,MELD
"Ah, oh God. Oh, honey, oh that's OK.",Sadness,MELD
"What. Oh no, you just rolled over the juice box.",Sadness,MELD
Hey.,Neutral,MELD
I just saw a woman breast feeding both of her twins at the same time. it is like a freak show up here.,Neutral,MELD
Whats the matter?,Neutral,MELD
Nothing.,Neutral,MELD
What is it? Hey!,Sadness,MELD
Really its nothing. Im just,Sadness,MELD
"Rach come on, what?",Neutral,MELD
Ive just been thinking about how my baby and I are gonna be all alone.,Sadness,MELD
What are you talking about alone? What about Ross?,Surprise,MELD
"Oh please, hell be with his real family, the twins and little miss new boobs.",Sadness,MELD
"Okay, how long was I watching that woman?",Neutral,MELD
"Im just saying that yknow, someday Ross is gonna meet somebody andhes gonna have his own life. Right?",Sadness,MELD
"Yeah, I guess so.",Neutral,MELD
I just never thought I would raise this baby all by myself. Pretty dumb huh?,Sadness,MELD
Bob. Bob! Bob!!!  What the hell are you doing?!,Surprise,MELD
"I just found out this is Chandlers office! Come on Toby, give me a hand!",Joy,MELD
"Chandler, we said we would meet at the coffeehouse at six.",Anger,MELD
We said seven!,Anger,MELD
We said six!,Anger,MELD
"The only way that I said six would be if the sevens, let meet at seven, not at six.",Neutral,MELD
"Yeah and if I had seven, maybe I wouldve said something like this, ""Wow! My boyfriends such a wise assseven!""",Anger,MELD
Hi!,Joy,MELD
Oh my good God.,Disgust,MELD
I know what time you said.,Joy,MELD
What?!,Surprise,MELD
"Well actually, I know what time Chester and Marcia said.",Neutral,MELD
"You, get out of my shop!",Anger,MELD
"Well, what did he do?",Surprise,MELD
He went out with my wife!,Anger,MELD
Joey!,Surprise,MELD
"Whoa-whoa-whoa-whoa, I-IHey! I did",Anger,MELD
Thats my wife!!! Get out!,Anger,MELD
"Well, we should go.",Neutral,MELD
Yeah.,Neutral,MELD
"Yknow you, really didnt have to take me to the airport.",Neutral,MELD
Oh please.,Neutral,MELD
Every moment is precious.,Sadness,MELD
Yknow?,Neutral,MELD
"Besides, somebody had to ride in that other taxi with the rest of your luggage, and your friends dont really seem to care too much that youre leaving.",Sadness,MELD
"Well, were really not that close.  Okay, so I guess this is uh, good-bye then.",Neutral,MELD
"On no! No! Its not good-bye, Im not leaving until you get on that plane.",Sadness,MELD
"No, Im afraid I wont be able to make love as well as him.",Anger,MELD
"Yeah, I was going for the metaphor.",Neutral,MELD
"Yes, and I was saying the actual words.",Neutral,MELD
"So big deal, so Joeys had a lot of girlfriends, it doesnt mean hes great in bed.",Neutral,MELD
"We share a wall! So either hes great in bed, or she just likes to agree with him a lot.",Neutral,MELD
"Sweetie, with you its gonna be different. The sex is gonna be great, cause you-you guys are in love.",Joy,MELD
Yeah?,Surprise,MELD
Yeah!,Joy,MELD
Just go for it Chandler.,Neutral,MELD
"Yeah, you should.",Neutral,MELD
"Yeah, you should, really.",Neutral,MELD
"All right, all right, Ill go sleep with my girlfriend. But Im just doing it for you guys.",Neutral,MELD
": Im sure as hell a dancer, its no use Marge will never go for me.",Sadness,MELD
"Come on Treeger, dont say that.",Sadness,MELD
"You just ahh, you just need more practice.",Neutral,MELD
"Here, come on, lets ahh, lets try it again.",Neutral,MELD
"Plus, it was, it was probably mostly my fault, anyway.",Sadness,MELD
"I mean, yknow, Im not really that comfortable dancing with a We-he!!",Joy,MELD
Hey!,Joy,MELD
: Yeah!,Joy,MELD
Are you sure? Ill bet theres another flight to Minsk in like,Neutral,MELD
"July. Umm,",Neutral,MELD
Thats really beautiful. What does it mean?,Joy,MELD
"Please, clean my beakers. I dont get out of the lab much.",Neutral,MELD
"Thats good. I got to admit, I thought it was something else.",Joy,MELD
"Yeah, I Well I really actually wanted to say umm, that, but um, I figured I probably shouldnt because yknow, Ihave to leave.",Neutral,MELD
Youre right! Youre right. Dont say it.,Sadness,MELD
I-I do though.,Sadness,MELD
I do too.,Sadness,MELD
Bye Phoebe.,Neutral,MELD
"Okay, nows not the time Joey. All right? You can yell at me tomorrow.",Sadness,MELD
"Yeah, I-I heard.  I think its great!  Ohh, Im so happy for you!",Joy,MELD
I cant believe youre getting married!,Joy,MELD
Yeah.,Neutral,MELD
Monica and Rachel made out.,Neutral,MELD
Ohhh!,Surprise,MELD
Why are we in bed together?,Surprise,MELD
I dont know. Do-do you have any clothes on?,Neutral,MELD
Yeah.,Neutral,MELD
Really?!,Surprise,MELD
No!,Neutral,MELD
"But we-we didnt havesex-uh, did we?",Fear,MELD
"I mean, I dont remember much about last night, it was such a blur.",Neutral,MELD
Oh! I remember laughing! I laughed a lot.,Joy,MELD
And we didnt have sex.,Neutral,MELD
"Ohh, I mean, we were really drunk. Im just glad we didnt do anything stupid.",Neutral,MELD
Tell me about it.,Neutral,MELD
What are we gonna do?,Neutral,MELD
I say we go with,Neutral,MELD
Chandler?,Neutral,MELD
Did she see us yet? Did she see us?,Neutral,MELD
"Janice, what umm, what are you doing here?",Sadness,MELD
Whats that smell?,Disgust,MELD
I know!,Anger,MELD
"Hi, remember us?",Neutral,MELD
"Um, okay. You just called a little while ago about needing a signature on the admissions form. Well, it turns out we need a",Neutral,MELD
I am. I'm,Neutral,MELD
"Yeah, and and, I'm just gonna pay for this with a check.",Neutral,MELD
"Yeah, I know...  ..I'm I'm just not that bright either.",Sadness,MELD
"Hey, Mon, if you were hoping to sleep with Joshua the first time tonight, which one of these would you want to be wearing.",Neutral,MELD
Yknow what? It,Neutral,MELD
Sorry.,Neutral,MELD
Im so exited!,Joy,MELD
Ive been waiting for this for months!,Joy,MELD
I got my hair coloured!,Joy,MELD
I got new sheets!,Joy,MELD
Im making him a,Joy,MELD
What am I making him by the way?,Neutral,MELD
"Well, youre making him a frieze salad with goat cheese and pine nuts, wild nuts, wild rice, roast asparagus, and salmon au croup.",Neutral,MELD
I thought I was making him filet mignon?,Surprise,MELD
"Yeah, you were, but you decided to make salmon because you had some left over at the restaurant.",Neutral,MELD
"And then you realised if you  bitched about it, then you  would stop cooking, and you  would have to make your famous baked potato and Diet Coke.",Anger,MELD
"Wow, I really get crabby when I cook.",Surprise,MELD
"Chandler! It happens to lots of guys! You-you-you were probably tired, you had a lot of champagne, dont worry about it!",Sadness,MELD
"Im not worried, Im uh, Im fascinated.",Fear,MELD
"Yknow its like uh, Biology!",Neutral,MELD
"Which is funny because in high school I uh, I-I failed Biology and tonight Biology failed me.",Fear,MELD
"Check it out. Okay, I can play this when the guests are coming in. Okay.",Neutral,MELD
Phoebe!,Joy,MELD
"If you wouldve let me finish, it goes on to say that hes probably not gay.",Neutral,MELD
You are falling fast asleep.,Neutral,MELD
Deeper.,Neutral,MELD
Deeper.,Neutral,MELD
Deeper.,Neutral,MELD
You are now completely asleep.,Neutral,MELD
You dont need to smoke.,Neutral,MELD
Cigarettes dont control you.,Neutral,MELD
"You are a strong, confident woman, who does not need to smoke.",Neutral,MELD
"A strong, confident woman.",Neutral,MELD
"Thank you for your patience, youre the next caller.",Neutral,MELD
Yes!! Yes!! Im the next caller! You were gonna have me hang up.,Joy,MELD
Hey! Can you take a duck and a chick to the theatre?,Neutral,MELD
Of course not.,Sadness,MELD
No.,Neutral,MELD
Okay. I just wanted them to hear it from somebody else.,Neutral,MELD
So how are things going with Paul?,Neutral,MELD
Good.,Joy,MELD
"Although yknow, he-hes a private guy.",Neutral,MELD
"Yknow, I wish I could get him to open up a little bit, share some feelings.",Sadness,MELD
Thats easy! You just have to think of him as a-as a jar of pickles that wont open.,Neutral,MELD
So what are you saying.  I should run him under hot water and bang his head against a table?,Surprise,MELD
No thats what you do when you want to get the truth out of someone.,Neutral,MELD
Hi honey.,Neutral,MELD
Hi!,Joy,MELD
"Okay, Ben, I wont tell your daddy that you had ice cream for dinner, if you dont tell about our little bonking incident.",Fear,MELD
"Monica, number one, I dont think Ben understands the concept of bribery, and number two, I...   What?!",Surprise,MELD
You said number two.,Neutral,MELD
I also said number one.,Neutral,MELD
Remind me to review with you which pot is decaf and which is regular.,Neutral,MELD
Cant I just look at the handles on them?,Neutral,MELD
You would think.,Neutral,MELD
"Okay, fine.",Neutral,MELD
"Gunther, y'know what, I am a terrible waitress, do you know why Im a terrible waitress?",Anger,MELD
"Because, I dont care.",Neutral,MELD
I dont care.,Neutral,MELD
"I dont care which pot is regular and which pot is decaf, I dont care where the tray spot is, I just dont care, this is not what I want to do.",Anger,MELD
So I dont think I should do it anymore.,Sadness,MELD
Im gonna give you my weeks notice.,Sadness,MELD
What?!,Surprise,MELD
"Gunther, I quit.",Sadness,MELD
Does this mean were gonna have to start paying for coffee?,Surprise,MELD
"Ohh, I mean its just so realistic!",Joy,MELD
"I know.  Yeah, his name is Pat.",Neutral,MELD
Pat the dog. Oh! Oh! I get it!!,Joy,MELD
"Do you uh, do youready for a refill?",Neutral,MELD
"Oh, I probably shouldntso I will!  Oh! Wow! Its like its raining!",Surprise,MELD
"Pretty cool, huh?",Joy,MELD
"But if youre thinking you can put a fish in there and it wouldnt get sucked up into the mechanism, well youd be wrong.",Neutral,MELD
"Umm, can I use your bathroom?",Neutral,MELD
"Its uh, right through there.",Neutral,MELD
"Okay.  God yknow, if someone told me a week ago that I would be peeing in Joey Tribbianis apartment",Joy,MELD
"Yeah, lifes pretty great isnt it?",Joy,MELD
"You know, I think I was sixteen.",Neutral,MELD
"Please, just a little bit off the back.",Neutral,MELD
"I'm still on ""no.""",Neutral,MELD
"Uh, morning. Do you guys think you could close your eyes for just a sec?",Neutral,MELD
"No-no-no-no-no,  I'm not fallin' for that again.",Anger,MELD
What's goin' on?,Neutral,MELD
"Well, I sorta did a stupid thing last night.",Neutral,MELD
What stupid thing did you do?,Neutral,MELD
Ewww!,Disgust,MELD
I know.,Neutral,MELD
"See, yes.",Neutral,MELD
"Thats Yasmine Bleeth, shes a completely different kind of chick.",Neutral,MELD
I love you both.,Neutral,MELD
But in very different ways.,Neutral,MELD
Hey!,Surprise,MELD
Hey!,Surprise,MELD
"I did! But the store wouldnt take her back! So then I took her to the shelter, and you know what I found out?",Anger,MELD
"If they cant find a home for her, they kill her! And Im not gonna let that happen to little Yasmine!",Anger,MELD
"Okay, good, good, good, cause, good, cause I was kinda having second thoughts too.",Fear,MELD
Okay. And its not just chicks y'know? Its all kinds of other animals!,Disgust,MELD
"Thats horrible! Well, you did the right thing man.",Disgust,MELD
"Thanks, Im glad you see it that way.",Joy,MELD
"Ohhh-hoo, funny story!",Joy,MELD
"So Chandler, have you heard about Monica's secret boyfriend?",Neutral,MELD
"Uhh, yeah. She uh, she uh, she uh might've mentioned him.",Neutral,MELD
"So Mon, when are we gonna meet this new secret waiter man?",Neutral,MELD
"Ohh, he's really shy. I-I dont think he's up to meeting everyone yet.",Neutral,MELD
"Yeah, I don't think he's up to meeting everyone yet.",Neutral,MELD
I dont care! I wanna meet this guy who's the best sex she ever had!,Joy,MELD
Really?! That's what you heard?  You said that?,Surprise,MELD
I might've said that.  Why is that funny?,Neutral,MELD
Because I'm very happy for him!  And,Joy,MELD
Hi!,Sadness,MELD
Did you get all this stuff for Joey to try and drive me out of the apartment?,Anger,MELD
"Honey, if you wanted to do that, you might as well just gotten him a fish, you know how fish freaked me out!",Disgust,MELD
Fish!,Surprise,MELD
"It wouldn't have mattered anyway, Phoebe, you and I are, are gonna live together, we're roommates; that's the deal.",Neutral,MELD
"Yes, but I wanted you to want to live with me, but okay, if you're having so much fun over here",Sadness,MELD
"Oh, it's so much more fun with you.",Joy,MELD
"We did have fun, didn't we?",Joy,MELD
We did!,Joy,MELD
"Oh, anyway, they say, if we want, we can see it tonight.",Neutral,MELD
"Oh, I would love to!",Joy,MELD
"Yay, okay!",Joy,MELD
"Good, good, good, good, good.",Joy,MELD
"Great, all right, okay, and Monica ask me to make the drumming stop.",Neutral,MELD
Um...  Done!,Neutral,MELD
"Okay, its coffee.",Neutral,MELD
Ice coffee? Tell me its ice coffee!,Surprise,MELD
Its-its hot,Neutral,MELD
Hot coffee!!!,Surprise,MELD
You idiot!!,Anger,MELD
"You were gonna spill hot coffee all over me, huh?!!",Anger,MELD
"What are you just some big, dumb, stupid, doofy idiot, with a doofy idiot hairdo, huh?!",Anger,MELD
Huh?,Anger,MELD
Whats your favourite thing about summertime?,Neutral,MELD
"Umm, going to the beach. When it stays light real late.",Neutral,MELD
Yeah,Neutral,MELD
Hey!,Surprise,MELD
"Tommyyyy! Say, whats your favourite thing about summer?",Joy,MELD
"Ooh, I dont know. Probably the smell of freshly cut grass.",Neutral,MELD
"Ohh, thats a good one.",Joy,MELD
"OK, try this salmon mousse.",Neutral,MELD
Mmmm. Good.,Joy,MELD
Is it better than the other salmon mousse?,Neutral,MELD
It's creamier.,Neutral,MELD
"Yeah, well, is that",Neutral,MELD
"I don't know. We're talking about whipped fish, Monica. I'm just happy I'm keeping it down, y'know?",Disgust,MELD
My God! What happened to you?,Surprise,MELD
"Eight and a half hours of aptitude tests, intelligence tests, personality tests... and what do I learn?",Disgust,MELD
"""You are ideally suited for a career in data processing for a large multinational corporation.""",Anger,MELD
That's so great! 'Cause you already know how to do that!,Joy,MELD
"Can you believe it? I mean, don't I seem like somebody who should be doing something really",Anger,MELD
"Oh Chandler, I know, I know... oh, hey! You can see your nipples through this shirt!",Sadness,MELD
"Here you go, maybe this'll cheer you up.",Joy,MELD
"Ooh, you know, I had a grape about five hours ago, so I'd better split this with you.",Neutral,MELD
I thought it was gonna be a closed casket.,Neutral,MELD
"Well, that doesn't mean she can't look nice!",Sadness,MELD
"Sweetie, you think you can get in there?",Neutral,MELD
I don't see why not.,Neutral,MELD
Here's my retainer!,Neutral,MELD
Someone in there?,Neutral,MELD
No. This is just part of a dare devil game that I play called wait until the last moment before I burst and die.,Anger,MELD
"Jeez, man did you fall.. Hi! So ah, did ya, did-did-did ya fall high?",Surprise,MELD
"Someone was in the lady's room, I couldnt wait. I left the lid up for ya though.",Neutral,MELD
"Y'know what Gunther, go ah, go ahead, Im-Im talking to ah, .  This is the part where you say your name.",Neutral,MELD
Ginger.,Neutral,MELD
"Ginger. Im talking to Ginger, so....",Neutral,MELD
Dont you have to use the bathroom?,Neutral,MELD
"Nope, nope, Id just ah, Id rather talk to you.",Neutral,MELD
"Yes, I do.",Neutral,MELD
"Yes, I do have to go to the bathroom.",Neutral,MELD
Someone in here.,Neutral,MELD
"Im going to keep dating him Mother, and theres nothing you can do about it!",Anger,MELD
Oh yes there is!,Anger,MELD
What are you going to do? Kill him? Like you did with Charles?!,Anger,MELD
"Oh, my baby!",Sadness,MELD
That was a great scene! And-and-and that slap looks so real! How do you do that?,Surprise,MELD
"Oh, just years of experience.",Neutral,MELD
Can I get some ice here?!,Sadness,MELD
"Oh anyway, I just wanted to say how wonderful I think you are.",Joy,MELD
Youre not the fan whos dying are you?,Neutral,MELD
"No. No, Im Joey Tribbiani; we did a scene together yesterday. I-Im the guy in the coma!",Joy,MELD
Oh that was a real person?!,Surprise,MELD
"An-an-anyway I-I just wanted to say that since Im getting your brain when you leave the show, I was wondering if there was any tips you can give me",Neutral,MELD
I-I-Im leaving the show?,Surprise,MELD
I dont know. Why? Did you hear something?,Neutral,MELD
Who told you that?,Surprise,MELD
"Oh uh, one of the writers.",Sadness,MELD
Which one? Was it bald or was it tall?,Surprise,MELD
Feel better?,Neutral,MELD
Yeah!,Joy,MELD
Much!,Joy,MELD
"Listen uh, not that Im yknow insecure about my manhood or anything yknow, but I think I need to hook up with a woman like right now.",Neutral,MELD
"Yeah, I understand.",Neutral,MELD
Yeah! Okay!  Hey! Hi!,Joy,MELD
Hi!,Joy,MELD
"Yknow, you look familiar. Do I know you from somewhere?",Surprise,MELD
I dont think so.,Neutral,MELD
Oh! Maybe its because Im on television. Im an actor on,Joy,MELD
Wow!,Surprise,MELD
Yeah.,Neutral,MELD
Really?!,Surprise,MELD
$4.50 please.,Neutral,MELD
"Oh, let me get this.    These are for you.",Neutral,MELD
"Alright, alright, alright.",Neutral,MELD
It's been fourteen and a half minutes and you still have not said one word.,Anger,MELD
"Oh God, do something.",Anger,MELD
"Just make contact, smile!",Anger,MELD
There you go!,Joy,MELD
You're definitely scaring here.,Neutral,MELD
Would you like to call somebody?,Neutral,MELD
"Yeah, about 300 guys I went to high school with.",Neutral,MELD
"Okay! Feel free to look, but Im telling you those contracts are not on this desk.",Anger,MELD
Oh,Neutral,MELD
Its my sister.,Neutral,MELD
"Okay, very cute braces. Anyway yknow what, the",Neutral,MELD
So when do you imagine you gave them to me? In the morning or in the afternoon?,Anger,MELD
"In the afternoon. Mr. Zelner came into my office after lunch. He put them on my desk, and then I put a",Neutral,MELD
"Phoebe, she doesnt know that you sneak out every night, she doesnt know that you sneak back every morning, and she doesnt know that youve been living with your Grandmothers for a week now.",Neutral,MELD
"Okay, well maybe not on those levels.",Neutral,MELD
Hey.,Neutral,MELD
Hey.,Neutral,MELD
"Im never gonna find a roommate, ever.",Sadness,MELD
"Why, nobody good?",Neutral,MELD
"Well lets see, there was the guy with the ferrets, thats plural.",Disgust,MELD
The spitter.,Disgust,MELD
"Oh-ho, and yes, the guy that enjoyed my name so much he felt the need to make a little noise every time he said it.",Anger,MELD
"Nice to meet you, Chandler Bing",Neutral,MELD
So how many more do you have tomorrow?,Neutral,MELD
Two.,Neutral,MELD
"This photographer, who seemed really dull.",Neutral,MELD
"And this actor guy, who Im not sure about, because when he called and I answered the phone Chandler Bing, he said Whoa-whoa, short message.",Neutral,MELD
"Ross , foot on the floor or come over no more!",Neutral,MELD
"Sure, your dresser is missing but this she notices.",Anger,MELD
What?,Neutral,MELD
"I have to go. Yeah, Carol should be home by now, soo...",Neutral,MELD
"Umm, hows it going with you guys?",Neutral,MELD
"Oh, better, actually. Y'know I-I-I think I finally figured out why we were having so much trouble lately.",Neutral,MELD
"Oh, really?",Surprise,MELD
"Yeah, y'know how I have you guys, well she doesnt really have any close friends that are just hers, but last week she meet this woman at the gym, Susan something, and they really hit it off, and I-I-I think its gonna make a difference",Joy,MELD
Hey!,Neutral,MELD
Hi!,Neutral,MELD
What-what are-what are these?,Surprise,MELD
"Oh, just some pictures I made and hung up. I thought theyd brighten up the place. They do dont you think?",Joy,MELD
"No-no-no, no!",Fear,MELD
"Well, how-how come?",Neutral,MELD
Thats just the way it is.,Neutral,MELD
Thats crazy.,Surprise,MELD
"Maybe its crazy in a perfect world, a world without lab coats and blazers, but you not in a perfect world, you in a museum now.",Neutral,MELD
"See that scientist in the classes, he and I used to play together all the time in grade school, but now Peter!",Neutral,MELD
"Hey, Peter!",Neutral,MELD
Its me Rhonda!,Neutral,MELD
From PS-129!,Neutral,MELD
I shared my puddin which you man!,Anger,MELD
I gave you my,Neutral,MELD
I-I think everybodys pretending they dont hear you.,Neutral,MELD
"Anyway, look, I dont know about you and your jackets and your separate tables, but Ross is one of my best friends, and if I save him a seat, Im telling you, he",Neutral,MELD
"Thats okay, Im cool over here. Ill catch up with you later, Joey.",Neutral,MELD
"Op, this is saved.  Gift shop.",Neutral,MELD
"Hows that coffee comin, dear?",Neutral,MELD
"Yeah, right away Mr. Kaplan.",Neutral,MELD
"Im not supposed to drink coffee, it makes me gassy.",Neutral,MELD
I know!,Joy,MELD
"Ill bet your thinking, Whats an intelligent girl who wants to be in fashion, doing making coffee? Eh?",Surprise,MELD
Op.,Neutral,MELD
Eh.,Joy,MELD
"Oh, you got me.",Neutral,MELD
"Well, dont think I havent noticed your potential.",Neutral,MELD
"Well, Ive got a project for you thats a lot more related to fashion.",Neutral,MELD
How does that sound?,Neutral,MELD
"Oh, that sounds great.",Joy,MELD
"Come on over here, sweetheart.",Neutral,MELD
"Oh thank you so much Mr. Kaplan, thank you so much.",Joy,MELD
"Well, I y'know, I was just, umm, I was just thinking and hoping, that umm, maybe youd want to get back together?",Fear,MELD
No. But thanks.,Neutral,MELD
Aw come on Phoebe would you just think about it?,Sadness,MELD
Okay. No. But thanks.,Neutral,MELD
"Okay, ah, see ya Pheebs.",Neutral,MELD
"Wow, that was kinda brutal.",Surprise,MELD
"Well okay, let this be a lesson to all of you, all right.",Neutral,MELD
"Once you, once you betray me, I become like the ice woman, yknow.",Neutral,MELD
"Very cold, hard, unyielding, y'know nothing,",Neutral,MELD
Wow.,Surprise,MELD
"I'm, I'm really sorry.",Neutral,MELD
"Yeah, I'm sorry too. But, I gotta tell you, I am a little relieved.",Neutral,MELD
Relieved?,Surprise,MELD
"Yeah, well, I had a great time with you.. I just can't stand your friends.",Neutral,MELD
"Oh my God! If you say that one more time,",Anger,MELD
Fine!,Anger,MELD
Fine!,Anger,MELD
"But this break-up was not all my fault, and she, she says here,  If you accept full responsibility...  Full responsibility!",Anger,MELD
...I can begin to trust you again.,Anger,MELD
Does that seem like something you can do.,Anger,MELD
Does it?!,Anger,MELD
No?,Surprise,MELD
"Look, Ross, you have what you want, youre back with Rachel.",Neutral,MELD
If you bring this up now youre gonna wreck the best thing that even happened to you.,Neutral,MELD
"Yeah, I know.",Sadness,MELD
"I mean, no, youre right.",Sadness,MELD
Yeah I guess Ill let it go.,Neutral,MELD
But you-you understand how-how hard it is to forget about this.,Sadness,MELD
"Sure, its hard to forget!",Neutral,MELD
But that doesnt mean you have to talk about it!,Neutral,MELD
"A lot of things happened on that trip that we should never,  ever talk about.",Neutral,MELD
What the hell happened on that beach?!,Surprise,MELD
"Its between us and the sea, Ross!",Neutral,MELD
I didnt think you were gay. I do now.,Joy,MELD
"See my friend-my friend, Rachel, she wants to be set up.",Neutral,MELD
"Ahh, I just got out of a big relationship, Im not looking for any thing serious.",Sadness,MELD
"Oh, yknow what, that might be okay even if it was just kind of a fling, that might be all right with Rachel.",Neutral,MELD
"Whoa-whoa-whoa-whoa! Is this, hot Rachel, that you took to the Christmas party, Rachel?",Surprise,MELD
"Oh, by the way, that is her full name.",Neutral,MELD
Oh wow! Im free for her!,Joy,MELD
"Oh, wait a second! I didnt say I wasnt free!",Surprise,MELD
"Hey, Chandler, why dont we talk this over at the Ranger game tomorrow?",Neutral,MELD
"Hold on, yknow I",Neutral,MELD
"Oh well, thats uh, a little later than I uh, generally care to stay, but sure!",Joy,MELD
"Maybe, before the game we could enjoy some eight year old some small batch Basel Hadens.",Neutral,MELD
"Well, I dont really know what that is, but",Neutral,MELD
"Monica, let's go. Come on now people, woman in labor.",Neutral,MELD
"Hey Ross, look what I've got going here.",Neutral,MELD
"Yeah, save it for the cab, okay.",Disgust,MELD
What are you doing? We're going to a hospital.,Surprise,MELD
"What, so I can't lokk nice? There might be doctors there.",Neutral,MELD
"Joey, get out of the fridge.",Anger,MELD
"All right, all right.",Anger,MELD
What is that?,Surprise,MELD
For the ride.,Neutral,MELD
"Yeah, like in a cab...",Neutral,MELD
Save it.,Neutral,MELD
"Okay, hating this.",Disgust,MELD
"Monica, come on now. Let's go, baby coming.",Neutral,MELD
"I can't belive it, I'm gonna be an aunt. I'm gonna have like a nephew.",Joy,MELD
"That's nice. Get out Let's go, come on.",Disgust,MELD
"All right, I'm going. I'm going.",Anger,MELD
"Here we go, here we go.",Neutral,MELD
"Rossy, Rossy.",Neutral,MELD
WHAT IS IT?!,Anger,MELD
"Okay, I-I d'know, you-you just- you have a quality.",Joy,MELD
Yes. Absolutely. A quality.,Neutral,MELD
"Oh, oh, a quality, good, because I was worried you guys were gonna be vague about this.",Neutral,MELD
"Hello? Hello? Oh! Rachel, it's Paolo calling from Rome.",Joy,MELD
Oh my God! Calling from Rome!,Surprise,MELD
So he's calling from Rome. I could do that. Just gotta go to Rome.,Neutral,MELD
"Monica, your dad just beeped in, but can you make it quick? Talking to Rome.  I'm talking to Rome.",Joy,MELD
"Hey dad, what's up?  Oh God. Ross, it's Nana.",Sadness,MELD
"So um, so what's up, you came to see me yesterday.",Joy,MELD
"Oh, yeah, um, alright, I kinda need a divorce.",Neutral,MELD
"Oh, yeah, yeah, sure. We live in the building by the uh sidewalk.",Neutral,MELD
You know it?,Surprise,MELD
"Hey, look, since we're neighbors and all, what do you say we uh, get together for a drink?",Neutral,MELD
"Oh, sure, they love us over there.",Neutral,MELD
Ben! Ben! Ben!,Joy,MELD
How about Joey... Pepponi?,Neutral,MELD
"No, still too ethnic. My agent thinks I should have a name that's more neutral.",Neutral,MELD
Joey... Switzerland?,Neutral,MELD
"Plus, y'know, I think it should be Joe.",Neutral,MELD
"Y'know, Joey makes me sound like I'm, I dunno, this big.",Neutral,MELD
Which I'm not.,Neutral,MELD
Joe...Joe...Joe...Stalin?,Neutral,MELD
Stalin...Stalin...do I know that name? It sounds familiar.,Neutral,MELD
"Well, it does not ring a bell with me...",Neutral,MELD
"Joe Stalin. Y'know, that's pretty good.",Joy,MELD
Might wanna try Joseph.,Neutral,MELD
Joseph Stalin. I think you'd remember that!,Joy,MELD
"Oh yes! Bye Bye Birdie, starring Joseph Stalin. Joseph Stalin is the Fiddler on the Roof.",Joy,MELD
Are you kidding?,Surprise,MELD
"Okay, look.",Neutral,MELD
I-I studied evolution.,Joy,MELD
"Remember, evolution?",Joy,MELD
Monkey into man?,Anger,MELD
"Plus, Im a doctor, and I had a monkey.",Neutral,MELD
Im Doctor Monkey!,Anger,MELD
Im not arguing with that.,Neutral,MELD
"All right, Ive heard enough. Ive made my decision.",Neutral,MELD
You are both idiots.,Disgust,MELD
"The joke is not funny, and its offensive to women, and doctors, and monkeys!",Disgust,MELD
"You shouldnt be arguing over who gets credit, you should be arguing over who gets blamed for inflicting this horrible joke upon the world!",Anger,MELD
Now let it go!,Anger,MELD
The joke sucks!,Anger,MELD
Its your joke.,Neutral,MELD
Is not.,Anger,MELD
"Hey everybody, Rachel was so good today. She didn't gossip at all.",Joy,MELD
I didnt!,Joy,MELD
"Even when I found outumm, all right, well let's just say I found something out something about someone and let's just say she's gonna keep it.",Neutral,MELD
"Hey, Pheebs! Check-check this out.",Joy,MELD
"Ooh, you nailed the Old Lady!",Surprise,MELD
"Yeah listen so, I thought I was getting better, so on my way home today I stopped by this guitar store and",Neutral,MELD
"Did you, did you",Anger,MELD
No.,Neutral,MELD
Give me your hands.  Strings. Gimme it!  Pick. Do you want to learn to play guitar?,Anger,MELD
Yes!,Joy,MELD
Then don't touch one!!,Anger,MELD
Really? You'd-you'd do that for me?!,Surprise,MELD
Yeah!,Joy,MELD
Thanks!,Joy,MELD
"All right, we'll start off slow. The only thing you have to do tonight is come up with the name of your main character.",Neutral,MELD
Done!,Joy,MELD
And it can't be Joey.,Neutral,MELD
It's not.,Neutral,MELD
Or Joseph.,Neutral,MELD
Oh.,Neutral,MELD
Hi!,Neutral,MELD
"Hi! Hey, Pete youre back! Hey, check this out.",Joy,MELD
Wow! Skates!,Joy,MELD
Wow! Youre a lot sturdier that Chandler. He crumpled like a piece of paper. So how was youre trip?,Surprise,MELD
Well...,Neutral,MELD
"Oh, whatd ya bring me?!",Joy,MELD
"Awww, hotel toiletries from Japan.",Joy,MELD
"Oh, these are gonna go in my permanent collection.",Joy,MELD
You want some coffee?,Neutral,MELD
"Yeah, sure, thatd be great.",Neutral,MELD
Regular or decaf?,Neutral,MELD
"Ah, which ever is closest.",Neutral,MELD
Okay.,Neutral,MELD
So ask me what I did today.,Neutral,MELD
So what did you do today Pete?,Neutral,MELD
I bought a restaurant and I would like you to be the head chef.,Joy,MELD
What?! Oh.,Surprise,MELD
Hi.,Neutral,MELD
Hey.,Neutral,MELD
Where've you been?,Neutral,MELD
At the vet.,Neutral,MELD
"She's not gonna make you wear one of those big plastic cones, is she?",Fear,MELD
She says Marcel's humping thing's not a phase. Apparently he's reached sexual maturity.,Sadness,MELD
Hey! He beat ya.,Joy,MELD
"She says as time goes on, he's gonna start getting agressive and violent.",Sadness,MELD
So what does this mean?,Neutral,MELD
I'm gonna have to give him up.,Sadness,MELD
Aww man! I cant believe I locked myself out again!,Anger,MELD
Hang on buddy!,Anger,MELD
Oh my God! What happened here? Did you do all this?,Surprise,MELD
I sure did.,Neutral,MELD
"But we haven't seen each other since then. Well I land in China, guess who's in charge of the dig.",Surprise,MELD
"Julie! Julie, isn't that great? I mean, isn't that just kick- you-in-the-crotch, spit-on-your-neck fantastic?",Joy,MELD
May I come in?,Neutral,MELD
"Uh, yeah, if you want too.",Neutral,MELD
Do,Neutral,MELD
"Yeah, sure?",Neutral,MELD
So do I.,Neutral,MELD
"Okay Rach, before anything happens  I just want to lay down a couple of ground rules.",Neutral,MELD
This is just about tonight.,Neutral,MELD
"I don't to go through with this if it's going to raise the question of ""Us.""",Neutral,MELD
I just want this to be  about what it is!,Joy,MELD
"And um, what-what is that Ross?",Neutral,MELD
The physical act of love.,Joy,MELD
What?! Are you crazy?,Surprise,MELD
Oh so-so you weren't trying to entice me just now with your-your nakedness?,Surprise,MELD
"Oh God, you saw me?! Oh!",Surprise,MELD
You weren't trying to entice me with your nakedness.,Joy,MELD
"Noo!! No! You thought, you actually thought I wanted to have sex with you?!",Anger,MELD
No! No!  No!  No-no-no-no.,Joy,MELD
Ah Joey.,Neutral,MELD
Joey Tribbiani.,Neutral,MELD
"Listen Joey, I got a problem, I just got a call from my dance captain, he's having a relationship crisis and can't get out of Long Island.",Neutral,MELD
"So, does that mean the audition is off?",Sadness,MELD
"Listen Joey, seeing as you've got the most experience, I want you to take these dancers and show them the combination.",Neutral,MELD
What?!,Surprise,MELD
"Aw come on Joey, it's easy.",Neutral,MELD
"Y'know, it's hand, hand, head, head,  up, pas de bouree, pas de bouree, big turn here, grand sissone, sissone, sissone, slide back, step, step, step, and jazz hands!",Neutral,MELD
"It's ah, step-ity, step and jazz hands.",Sadness,MELD
Have fun.,Neutral,MELD
Bye.,Neutral,MELD
Wow! Fortunately she has a,Surprise,MELD
"Oh, I so can't believe this! My uterus is an inhospitable environment? I was trying so hard to be a good hostess!",Surprise,MELD
"Oh, I can't believe my sperm have low motility because, let me tell you, when I was growing up they sure seem to be in a hurry to get places!",Surprise,MELD
Hi there.,Neutral,MELD
Hi.,Neutral,MELD
Hi.,Neutral,MELD
I'm sorry there wasn't better news from your test last week but I wanted to talk to you about your options.,Neutral,MELD
Ok.,Neutral,MELD
"Above all, even though your chances of conceiving through natural means aren't great, you never know!",Neutral,MELD
"So, keep having sex on a regular basis.",Neutral,MELD
"Oh, DAMN IT!",Anger,MELD
"Don't worry, after a while he'll tune it out.",Neutral,MELD
"Ok, given your situation, the options with the greatest chances for success would be surrogacy, or insemination using a sperm donor.",Neutral,MELD
Ok.,Neutral,MELD
"Well, y'know, monogamy can be a, uh, tricky concept. I mean, anthropologically speaking-",Neutral,MELD
"Fine. Fine, alright, now you'll never know.",Anger,MELD
"We're kidding. C'mon, tell us!",Joy,MELD
Yeah! C'mon!,Joy,MELD
"Alright. There's a theory, put forth by Richard Leakey-",Neutral,MELD
"Hi, is uh, is Carol here?",Neutral,MELD
"No, she's at a faculty meeting.",Neutral,MELD
"Oh, I uh, just came by to pick up my skull. Well, not mine, but...",Neutral,MELD
Come in.,Neutral,MELD
"Thanks. Yeah, Carol borrowed it for a class, and I have to get it back to the museum.",Neutral,MELD
What's it look like?,Neutral,MELD
Kinda like a big face without skin.,Neutral,MELD
"Yes, I'm familiar with the concept. We can just look for it.",Neutral,MELD
"Ok.  Wow, you guys sure have a lot of books about bein' a lesbian.",Surprise,MELD
"Well, you know, you have to take a course. Otherwise, they don't let you do it.",Neutral,MELD
"Hey, hey, Yertle the Turtle. A classic.",Joy,MELD
"Actually, I'm reading it to the baby.",Neutral,MELD
"The uh, the baby that hasn't been born yet? Wouldn't that mean you're... crazy?",Surprise,MELD
"What, you don't think they can hear sounds in there?",Joy,MELD
"You're not serious, I mean, you really... you really talk to it?",Surprise,MELD
I have no idea what you just said.,Neutral,MELD
Put Joey on the phone.,Neutral,MELD
What's up man?,Neutral,MELD
I'm trppd... in an ATM vstbl... wth,Fear,MELD
"Oh my God! He's trapped in an ATM vestibule with Jill Goodacre!  Chandler, listen.",Surprise,MELD
"Yeah, like that thought never entered my mind.",Neutral,MELD
and that was all before 10 oclock.,Neutral,MELD
The caterer rang and said it was going to be Chicken Kiev instead of Chicken Tarragon.,Neutral,MELD
And then the florist phoned to say there arent any tulips.,Neutral,MELD
"Oh, and the chilliest has carpel-tunel syndrome.",Neutral,MELD
"Whoa-whoa-whoa! Emily,  honey, okay?",Surprise,MELD
"Well, up yours too!",Anger,MELD
Wheres Chandler?,Neutral,MELD
"Ah, he cant make it, he said he had to his...  Whoa-oh!",Surprise,MELD
Joey? Joey Tribbiani?,Neutral,MELD
Joey I can see you okay? Youre hiding behind the coats.,Neutral,MELD
"Okay listen, just give me anything I can make two of.",Neutral,MELD
"Well, if you dont have anything to copy, why are you going down there?",Neutral,MELD
"Yeah, are you just going down there to gawk at that hot girl with the belly button ring again?",Anger,MELD
Yeah! You wanna come?,Joy,MELD
Yeah!,Joy,MELD
Fine.,Neutral,MELD
Fine.,Neutral,MELD
Fine.,Neutral,MELD
All right. We're gonna go.  It's not for another six hours. We're gonna go then.,Neutral,MELD
Hey.,Neutral,MELD
Whats the matter?,Sadness,MELD
Someone on the subway licked my neck! Licked my neck!!,Disgust,MELD
Oh Willies still alive!,Surprise,MELD
What are you guys doing?,Neutral,MELD
"Oh, my mom called, theyre gonna run our engagement announcement in the local paper, so were looking for a good picture of us.",Joy,MELD
"Oooh, Im afraid that does not exist.",Neutral,MELD
"Thats not true, there are great pictures of us!",Surprise,MELD
"No, there are great pictures of you standing next to a guy whos going like this",Neutral,MELD
Oh my God! Thats the creep that youre with at the,Surprise,MELD
"I dont know what it is, I just cant take a good picture.",Sadness,MELD
"Oh, heres a great one.",Joy,MELD
"Yeah, Im not in that.",Neutral,MELD
"I know, but look at me: all tan.",Joy,MELD
"Hey, why dont you guys go get portraits done by a professional photographer.",Neutral,MELD
Thats a good idea! I bet they have one of those wind machines! Yknow,Joy,MELD
"Yeah thats great! Next to that, Chandler wont look so stupid.",Neutral,MELD
Chandler what do you say?,Neutral,MELD
"All right, but I should warn you, Im not going. Im going.",Neutral,MELD
Gimme them!,Anger,MELD
No! They are mine!,Anger,MELD
You stole them from me!,Anger,MELD
You stole them from me!!,Anger,MELD
Gimme them!,Anger,MELD
You just wanna each take one?,Neutral,MELD
Yeah that seems fair. We never use them.,Neutral,MELD
"Look, I really need some help, okay? Why? Why did I have to speak in a British accent?! What do I do?",Anger,MELD
Well,Neutral,MELD
Why don’t you phase it out?,Neutral,MELD
"Yeah, fade the accent out and people will think you’re, y’know, that you’re adjusting to life in America.",Anger,MELD
"Yeah, I mean, come on Ross, no one will even notice. I mean they’re probably not even listening!",Neutral,MELD
They’re not listening too me?,Surprise,MELD
Of course they’re listening to you! Everybody listens to you.,Neutral,MELD
Monica you really think I should try this phasing out thing?,Neutral,MELD
I think you look fine.,Neutral,MELD
